[2026-09-08 14:47:16] Pixsel__Eymen | olu gruptan nıye cıktın | enyakin=- puan=0 sebep=ESLESME_YOK
[2026-09-08 14:48:40] Clexiy4164 | mace kk adankordi nasıl tekrar öğrenebilirim | enyakin=- puan=0 sebep=ESLESME_YOK
[2026-09-08 14:55:26] theselim | bu çömlek parçaları işe yarıyor mu | enyakin=- puan=0 sebep=ESLESME_YOK
[2026-09-08 14:57:50] maceswap | basene hangi ismi koyduysan | enyakin=- puan=0 sebep=ESLESME_YOK
[2026-09-08 15:00:13] KadirHB | saldırı diye büyü mü var | enyakin=buyu-masasi puan=1 sebep=SINYAL_ZAYIF
[2026-09-08 15:00:31] empsie | tiyırın kac işte maceswap | enyakin=- puan=0 sebep=ESLESME_YOK
[2026-09-08 15:01:31] empsie | bu suya niye giremioom | enyakin=- puan=0 sebep=ESLESME_YOK
[2026-09-08 15:06:20] Ramazan6414 | hasanmc kaç tane lazım | enyakin=- puan=0 sebep=ESLESME_YOK
[2026-09-08 15:07:05] Ramazan6414 | hasanmc bende 18 tane var ne kadar verirsin | enyakin=- puan=0 sebep=ESLESME_YOK
[2026-09-08 15:08:22] theselim | xxxmsl kim la | enyakin=- puan=0 sebep=ESLESME_YOK
[2026-09-08 15:10:54] Eymennotfounddm | rehber nasıl olunur | enyakin=- puan=0 sebep=ESLESME_YOK
[2026-09-08 15:12:27] Ramazan6414 | niye öldün a | enyakin=- puan=0 sebep=ESLESME_YOK
[2026-09-08 15:16:24] maceswap | nerde anahtar anlamadım | enyakin=kasa puan=1 sebep=SINYAL_ZAYIF
[2026-09-08 15:29:08] Clexiy4164 | sohbeti nasıl kapatarak ya | enyakin=- puan=0 sebep=ESLESME_YOK
[2026-09-08 15:33:57] OverLord | kalbin kac | enyakin=- puan=0 sebep=ESLESME_YOK
[2026-09-08 15:34:13] OverLord | kac kalbin var | enyakin=- puan=0 sebep=ESLESME_YOK
[2026-09-08 15:42:58] zeynepol | ben kazma falan nası alcam | enyakin=- puan=0 sebep=ESLESME_YOK
[2026-09-08 15:44:56] OverLord | eymen neden | enyakin=- puan=0 sebep=ESLESME_YOK
[2026-09-08 15:46:01] zeynepol | ben kazma nası alcam | enyakin=- puan=0 sebep=ESLESME_YOK
[2026-09-08 15:47:04] maceswap | evet oyle olması gerekmiyormu ? | enyakin=- puan=0 sebep=ESLESME_YOK
[2026-09-08 15:48:45] OverLord | eymen esyaları alcak mısn ? | enyakin=- puan=0 sebep=ESLESME_YOK
[2026-09-08 15:50:36] OverLord | lagsmp mi | enyakin=- puan=0 sebep=ESLESME_YOK
[2026-09-08 15:52:49] Eymennotfounddm | benimle arkada olacaklar mı | enyakin=- puan=0 sebep=ESLESME_YOK
[2026-09-08 15:53:00] Eymennotfounddm | benle arkadaş olacak var mı | enyakin=- puan=0 sebep=ESLESME_YOK
[2026-09-08 15:55:25] Nosstalgia_ | benle vs atmican mı yani | enyakin=- puan=0 sebep=ESLESME_YOK
[2026-09-08 15:55:34] Clexiy4164 | Home yazdım da bunu nasıl silerim geri | enyakin=ev-home puan=1 sebep=SINYAL_ZAYIF
[2026-09-08 15:56:55] Nosstalgia_ | bende elmas kes 5 kır 3 var vs atak mı öldürmeyiz birbirimizi | enyakin=- puan=0 sebep=ESLESME_YOK
[2026-09-08 15:57:28] iamjuba71 | nasıl para kasabilirim | enyakin=para-kazanma puan=1 sebep=SINYAL_ZAYIF
[2026-09-08 16:01:04] maceswap | atmalı ? | enyakin=- puan=0 sebep=ESLESME_YOK
[2026-09-08 16:03:18] Clexiy4164 | over lord evi̇mi̇ puanlarmi̇ai̇n tpa ati̇p yeni̇ ev yapti̇mda | enyakin=isinlanma-istegi puan=1 sebep=SINYAL_ZAYIF
[2026-09-08 16:08:46] Nosstalgia_ | kötü kehanet le mi | enyakin=- puan=0 sebep=ESLESME_YOK
[2026-09-08 16:09:15] Nosstalgia_ | hala orda mısın ben bi tpa atsam benim anahtarlar varda açsam onları olur mu | enyakin=kasa puan=1 sebep=SINYAL_ZAYIF
[2026-09-08 16:14:06] Nosstalgia_ | harbi mi | enyakin=- puan=0 sebep=ESLESME_YOK
[2026-09-08 16:20:56] RivalWheel8582 | clexiy niye öyle birşey yaptın dostuk | enyakin=- puan=0 sebep=ESLESME_YOK
[2026-09-08 16:24:03] Eymennotfounddm | kanka bir tane daha şeyimiz çıkaralım mı mace | enyakin=- puan=0 sebep=ESLESME_YOK
[2026-09-08 16:24:53] YusufStyle | rehber admininne zaman gelceni biliyonmu | enyakin=- puan=0 sebep=ESLESME_YOK
[2026-09-08 16:25:04] OverLord | ben hemen ulastırıırm kim | enyakin=- puan=0 sebep=ESLESME_YOK
[2026-09-08 16:26:47] RivalWheel8582 | bu nasıl iş eşyalarım gitti | enyakin=- puan=0 sebep=ESLESME_YOK
[2026-09-08 16:27:42] OverLord | kim clex den trap yedi | enyakin=- puan=0 sebep=ESLESME_YOK
[2026-09-08 16:28:17] OnlyVan | kanıt var mı | enyakin=- puan=0 sebep=ESLESME_YOK
[2026-09-08 16:34:46] RivalWheel8582 | adam salisede allah bilir kaç vuruyor | enyakin=- puan=0 sebep=ESLESME_YOK
[2026-09-08 16:36:31] WellOrca | yönetici kazma tekrar nerden alırım yoksa gidiymi | enyakin=- puan=0 sebep=ESLESME_YOK
[2026-09-08 16:38:59] Alderakis | nasıl kasa açarım | enyakin=kasa puan=1 sebep=SINYAL_ZAYIF
[2026-09-08 16:42:33] Luccifer1254803 | rehber bura niye bu kadar değişik | enyakin=- puan=0 sebep=ESLESME_YOK
[2026-09-08 16:42:35] veosi | nasıl afk kalacam | enyakin=kristal puan=1 sebep=SINYAL_ZAYIF
[2026-09-08 16:44:59] Nosstalgia_ | sülfür kübünü 30k ya alcak var mı | enyakin=- puan=0 sebep=ESLESME_YOK
[2026-09-08 16:48:30] Hasanmc91 | aha esya katinca en sona dusuyo sacmq degil mi | enyakin=- puan=0 sebep=ESLESME_YOK
[2026-09-08 16:52:59] egemen1559 | şey günlük elmas set mi dagitiiuo overlod abi | enyakin=- puan=0 sebep=ESLESME_YOK
[2026-09-08 16:53:39] egemen1559 | günlük elmas set mi dagitiliyo | enyakin=- puan=0 sebep=ESLESME_YOK
[2026-09-08 17:13:08] Ordek_kral17 | nasıl çıkcaz | enyakin=- puan=0 sebep=ESLESME_YOK
[2026-09-08 17:15:13] Beyaztt | eşya verebilecek var mı | enyakin=- puan=0 sebep=ESLESME_YOK
[2026-09-08 17:16:10] Ordek_kral17 | adamsın nasıl harcicaz | enyakin=- puan=0 sebep=ESLESME_YOK
[2026-09-08 17:17:38] OverLord | luci kim gordunmu | enyakin=- puan=0 sebep=ESLESME_YOK
[2026-09-08 17:18:15] Ordek_kral17 | admin kim | enyakin=- puan=0 sebep=ESLESME_YOK
[2026-09-08 17:19:26] egemen1559 | sorun değil abide peki ne zamana verirsin tekrar | enyakin=- puan=0 sebep=ESLESME_YOK
[2026-09-08 17:26:24] Beyaztt | bana eşya verebilecek var mı hiç bi şey yok bende öldüm | enyakin=- puan=0 sebep=ESLESME_YOK
[2026-09-08 17:27:03] Hasanmc91 | domuz sp var mi | enyakin=- puan=0 sebep=ESLESME_YOK
[2026-09-08 17:27:51] OverLord | batu takımın var ? | enyakin=takim puan=1 sebep=SINYAL_ZAYIF
[2026-09-08 17:35:35] Luccifer1254803 | yönetici tp olur musun | enyakin=isinlanma-istegi puan=1 sebep=SINYAL_ZAYIF
[2026-09-08 17:38:44] Luccifer1254803 | nasıl gelcem | enyakin=- puan=0 sebep=ESLESME_YOK
[2026-09-08 17:39:01] KRAL31524882 | kanma ben nasıl takımlı oynayabilirim | enyakin=takim puan=1 sebep=SINYAL_ZAYIF
[2026-09-08 17:39:33] Luccifer1254803 | nasıl g3lcemyq dj varmı | enyakin=- puan=0 sebep=ESLESME_YOK
[2026-09-08 17:39:49] OverLord | nasıl gelcegibi | enyakin=- puan=0 sebep=ESLESME_YOK
[2026-09-08 17:40:44] Luccifer1254803 | kim yaktı | enyakin=- puan=0 sebep=ESLESME_YOK
[2026-09-08 17:42:51] Beyaztt | admin envanterimizdekileri satabiliyoz mu | enyakin=envanter-koruma puan=1 sebep=SINYAL_ZAYIF
[2026-09-08 17:46:03] Choso | arkadaşlar mjlauncherden oynuyorum kamera hassasiyetini nerden artıracak | enyakin=- puan=0 sebep=ESLESME_YOK
[2026-09-08 17:48:16] Nosstalgia_ | vs atacak var mı | enyakin=- puan=0 sebep=ESLESME_YOK
[2026-09-08 17:48:55] Nosstalgia_ | vs atacak var mı | enyakin=- puan=0 sebep=ESLESME_YOK
[2026-09-08 17:49:00] Nosstalgia_ | vs atacak var mı? | enyakin=- puan=0 sebep=ESLESME_YOK
[2026-09-08 17:51:16] Nosstalgia_ | spler kırılıyo mu | enyakin=- puan=0 sebep=ESLESME_YOK
[2026-09-08 17:51:58] Serkan_3793 | rehber sana tp atiyimmi ? | enyakin=isinlanma-istegi puan=1 sebep=SINYAL_ZAYIF
[2026-09-08 17:53:55] Nosstalgia_ | vs atcak var mı | enyakin=- puan=0 sebep=ESLESME_YOK
[2026-09-08 17:54:29] Serkan_3793 | rehber sana nasıl tp atacam yazsana alo | enyakin=isinlanma-istegi puan=1 sebep=SINYAL_ZAYIF
[2026-09-08 17:56:54] Nosstalgia_ | vs gelen var mı | enyakin=- puan=0 sebep=ESLESME_YOK
[2026-09-08 17:59:12] Nosstalgia_ | vs atcak var mı | enyakin=- puan=0 sebep=ESLESME_YOK
[2026-09-08 18:02:03] kyrosrfl | elmaslarım nerdeee | enyakin=- puan=0 sebep=ESLESME_YOK
[2026-09-08 18:03:48] kyrosrfl | abi kim aldı benım elmasımı | enyakin=- puan=0 sebep=ESLESME_YOK
[2026-09-08 18:06:50] Luccifer1254803 | eŝqö nerde | enyakin=- puan=0 sebep=ESLESME_YOK
[2026-09-08 18:06:58] Luccifer1254803 | eşyam nerde | enyakin=- puan=0 sebep=ESLESME_YOK
[2026-09-08 18:08:01] Ahmetenes256924 | bunu kim yaptı | enyakin=- puan=0 sebep=ESLESME_YOK
[2026-09-08 18:09:01] OverLord | serkan kac | enyakin=- puan=0 sebep=ESLESME_YOK
[2026-09-08 18:11:13] OverLord | set yapcam sen kac burdan | enyakin=- puan=0 sebep=ESLESME_YOK
[2026-09-08 18:12:43] KRAL31524882 | kanka ya ben sürekli lobiye gidiyorum geri dünyaya geldiyimde beni başka yere atiyor ben bunu nasıl yapabilirim | enyakin=- puan=0 sebep=ESLESME_YOK
[2026-09-08 18:14:15] egemen1559 | nası oluyo bu | enyakin=- puan=0 sebep=ESLESME_YOK
[2026-09-08 18:14:18] KRAL31524882 | kanma ben lobiye gittiyimde sonra geri dünyaya geldiyimde beni başka yere atiyor onu nasıl ayarlaniyor rehber | enyakin=- puan=0 sebep=ESLESME_YOK
[2026-09-08 18:18:01] OverLord | kral nası yani | enyakin=- puan=0 sebep=ESLESME_YOK
[2026-09-08 18:18:40] OverLord | kral o nasıl bisey ya | enyakin=- puan=0 sebep=ESLESME_YOK
[2026-09-08 18:22:03] OverLord | ahmet 1 st zümrüt üstüne kac versem salarsın | enyakin=- puan=0 sebep=ESLESME_YOK
[2026-09-08 18:24:46] kyrosrfl | buldun mu elytra | enyakin=- puan=0 sebep=ESLESME_YOK
[2026-09-08 18:28:54] OverLord | ne kadar | enyakin=- puan=0 sebep=ESLESME_YOK
[2026-09-08 18:33:56] HamzaSquid | servet la?m | enyakin=- puan=0 sebep=ESLESME_YOK
[2026-09-08 18:40:36] Faxley | bunu nası bulduk | enyakin=- puan=0 sebep=ESLESME_YOK
[2026-09-08 18:42:34] Serkan_3793 | rehber burada xp kasiyimmi ? | enyakin=- puan=0 sebep=ESLESME_YOK
[2026-09-08 18:43:34] kyrosrfl | boyle olunca warden mi var aynısına gıtmıstım ben | enyakin=- puan=0 sebep=ESLESME_YOK
[2026-09-08 18:52:07] SmellOfGoal | tanesine mi | enyakin=- puan=0 sebep=ESLESME_YOK
[2026-09-08 18:52:29] SmellOfGoal | 70k olsun mu | enyakin=- puan=0 sebep=ESLESME_YOK
[2026-09-08 18:53:14] SmellOfGoal | 67k ya olur mu | enyakin=- puan=0 sebep=ESLESME_YOK
[2026-09-08 18:53:38] SmellOfGoal | nasıl anlaşcaz ben bilmiyom | enyakin=- puan=0 sebep=ESLESME_YOK
[2026-09-08 18:53:42] SmellOfGoal | trade le mi | enyakin=- puan=0 sebep=ESLESME_YOK
[2026-09-08 18:59:45] kyrosrfl | bura basen mi | enyakin=- puan=0 sebep=ESLESME_YOK
[2026-09-08 19:00:33] kyrosrfl | farm mı yapcanız | enyakin=en-iyi-farm puan=1 sebep=SINYAL_ZAYIF
[2026-09-08 19:05:26] 7redstrike | kazman var mı | enyakin=- puan=0 sebep=ESLESME_YOK
[2026-09-08 19:07:47] SmellOfGoal | bana elmas kılıç hediye etcek var mı | enyakin=- puan=0 sebep=ESLESME_YOK
[2026-09-08 19:18:21] Faxley | Serkan_3793 pes mi | enyakin=- puan=0 sebep=ESLESME_YOK
[2026-09-08 19:28:14] Faxley | Serkan_3793 niye | enyakin=- puan=0 sebep=ESLESME_YOK
[2026-09-08 19:33:52] Ahmetenes256924 | reds sende kaç zümrüt var | enyakin=- puan=0 sebep=ESLESME_YOK
[2026-09-08 19:34:57] Haliko | bloğun var mı | enyakin=- puan=0 sebep=ESLESME_YOK
[2026-09-08 19:36:14] 7redstrike | ya kim aldı zümrütümü | enyakin=- puan=0 sebep=ESLESME_YOK
[2026-09-08 19:39:05] Ahmetenes256924 | bu base kimin senin mi | enyakin=- puan=0 sebep=ESLESME_YOK
[2026-09-08 19:40:45] Faxley | kumul zırh süslemesi nası artılır diyene 1 demirci şablonu kumul zırh süslemesi | enyakin=- puan=0 sebep=ESLESME_YOK
[2026-09-08 19:40:52] Faxley | kumul zırh süslemesi nası artılır diyene 1 demirci şablonu kumul zırh süslemesi. | enyakin=- puan=0 sebep=ESLESME_YOK
[2026-09-08 19:42:17] Faxley | kumul zırh süslemesi nası artırılıyo | enyakin=- puan=0 sebep=ESLESME_YOK
[2026-09-08 19:43:30] Haliko | kaslaların oraya gelcek var mı | enyakin=- puan=0 sebep=ESLESME_YOK
[2026-09-08 19:51:19] Serkan_3793 | ö bür rehber nerede | enyakin=- puan=0 sebep=ESLESME_YOK
[2026-09-08 20:02:46] Arasayan | ok nasıl istersen kk | enyakin=- puan=0 sebep=ESLESME_YOK
[2026-09-08 20:05:39] xWith | trap yapmak yasak değil mi | enyakin=- puan=0 sebep=ESLESME_YOK
[2026-09-08 20:05:48] xWith | nası değil | enyakin=- puan=0 sebep=ESLESME_YOK
[2026-09-08 20:05:52] xWith | yasaktı ? | enyakin=- puan=0 sebep=ESLESME_YOK
[2026-09-08 20:14:59] iamjuba71 | ufak bi lag mı var | enyakin=- puan=0 sebep=ESLESME_YOK
[2026-09-08 20:16:20] iamjuba71 | yaw niye sabah olmuyo ya | enyakin=- puan=0 sebep=ESLESME_YOK
[2026-09-08 20:16:24] eymenizmaa33 | neden yattın burda | enyakin=- puan=0 sebep=ESLESME_YOK
[2026-09-08 20:23:13] maceswap | uçarken seni gördüm ? | enyakin=- puan=0 sebep=ESLESME_YOK
[2026-09-08 20:25:48] Serkan_3793 | örs satan ? | enyakin=- puan=0 sebep=ESLESME_YOK
[2026-09-08 20:31:50] kastamonulu3437 | nereye atimm | enyakin=- puan=0 sebep=ESLESME_YOK
[2026-09-08 20:36:17] Nosstalgia_ | niye vereyim | enyakin=- puan=0 sebep=ESLESME_YOK
[2026-09-08 20:39:11] siyahipatates | at nerden guvencem | enyakin=- puan=0 sebep=ESLESME_YOK
[2026-09-08 20:41:30] Nosstalgia_ | vs gelen var mı beyler | enyakin=- puan=0 sebep=ESLESME_YOK
[2026-09-08 20:41:50] siyahipatates | para nasıl atılıyo | enyakin=para-kazanma puan=1 sebep=SINYAL_ZAYIF
[2026-09-08 20:42:30] eymenizmaa33 | tamammi? | enyakin=- puan=0 sebep=ESLESME_YOK
[2026-09-08 20:43:32] Nosstalgia_ | vs atan var mı beler | enyakin=- puan=0 sebep=ESLESME_YOK
[2026-09-08 20:45:26] Ramazan6414 | neden msg den yazmıyoreun yav | enyakin=- puan=0 sebep=ESLESME_YOK
[2026-09-08 20:46:08] Yagiz016697 | [event cancelled]ev yapak mı cayanacar | enyakin=- puan=0 sebep=ESLESME_YOK
[2026-09-08 20:49:05] kayra9806 | mineseft buldum takım olak? | enyakin=takim puan=1 sebep=SINYAL_ZAYIF
[2026-09-08 20:54:06] KadirHB | sende mi | enyakin=- puan=0 sebep=ESLESME_YOK
[2026-09-08 21:01:15] RaconEmir | nasıl mızrak | enyakin=- puan=0 sebep=ESLESME_YOK
[2026-09-08 21:02:42] iamjuba71 | netherda sınır kaç | enyakin=nether-gitme puan=1 sebep=SINYAL_ZAYIF
[2026-09-08 21:03:39] iamjuba71 | netherda sınıra geldim lan böyle bir şey mi var | enyakin=nether-gitme puan=1 sebep=SINYAL_ZAYIF
[2026-09-08 21:06:29] RaconEmir | 12.5 stek kitap ne kadar eder | enyakin=- puan=0 sebep=ESLESME_YOK
[2026-09-08 21:07:16] Cemre642298 | kim yaptı | enyakin=- puan=0 sebep=ESLESME_YOK
[2026-09-08 21:08:15] AyiBogan064 | sunucuda pvp serbest mi base yağmala | enyakin=kurallar puan=2 sebep=SINYAL_ZAYIF
[2026-09-08 21:14:26] Luccifer1254803 | sansıklqr nerde | enyakin=- puan=0 sebep=ESLESME_YOK
[2026-09-08 21:16:21] RaconEmir | mace yaş kaç | enyakin=- puan=0 sebep=ESLESME_YOK
[2026-09-08 21:20:32] adala7 | nasıl olcaz | enyakin=- puan=0 sebep=ESLESME_YOK
[2026-09-08 21:21:24] Nosstalgia_ | vs atacak var mı | enyakin=- puan=0 sebep=ESLESME_YOK
[2026-09-08 21:22:13] EnsignSign31409 | beyler sunucuda yeniyimde ben elmas set vb almak istiyorum nasıl aliniyo | enyakin=oyuna-baslama puan=1 sebep=SINYAL_ZAYIF
[2026-09-08 21:24:11] EnsignSign31409 | '/sor <nasıl elmas eşyalar alabilirim>' | enyakin=- puan=0 sebep=ESLESME_YOK
[2026-09-08 21:24:40] AyiBogan064 | ben sana baltayla mi vurdum amcik | enyakin=- puan=0 sebep=ESLESME_YOK
[2026-09-08 21:27:35] Nosstalgia_ | 2 kez mi vs atmak istion OverLord | enyakin=- puan=0 sebep=ESLESME_YOK
[2026-09-08 21:35:33] Gorkem27 | beni niye kesmeye calision mesela kank | enyakin=- puan=0 sebep=ESLESME_YOK
[2026-09-08 21:40:39] OverLord | kadir noldu neden yapayım | enyakin=- puan=0 sebep=ESLESME_YOK
[2026-09-08 21:42:28] OverLord | evi kim dagıttı gordunmu | enyakin=- puan=0 sebep=ESLESME_YOK
[2026-09-08 21:43:56] Cemre642298 | eymen beni neden öldürdün ya | enyakin=- puan=0 sebep=ESLESME_YOK
[2026-09-08 21:45:44] KadirHB | [event cancelled]niye mute | enyakin=- puan=0 sebep=ESLESME_YOK
[2026-09-08 21:47:02] Gorkem27 | oha knk bedava mace nasi versinler | enyakin=- puan=0 sebep=ESLESME_YOK
[2026-09-08 21:51:04] KadirHB | hayır siirtliler fiyat mı düşer | enyakin=- puan=0 sebep=ESLESME_YOK
[2026-09-08 21:51:13] Lamia111 | sen hiç siirtli pazarlığı duymadın mı | enyakin=pazaryeri puan=1 sebep=SINYAL_ZAYIF
[2026-09-08 21:51:43] Efesss37 | net yok mu nether da | enyakin=nether-gitme puan=1 sebep=SINYAL_ZAYIF
[2026-09-08 21:55:03] memo1234868 | tp mi kabul | enyakin=isinlanma-istegi puan=1 sebep=SINYAL_ZAYIF
[2026-09-08 21:56:10] Faxley | Efesss37 ona nası öldün | enyakin=- puan=0 sebep=ESLESME_YOK
[2026-09-08 21:56:57] EnsignSign31409 | satmak yerine niye beleş veriyon | enyakin=esya-satma puan=1 sebep=SINYAL_ZAYIF
[2026-09-08 21:58:40] Ramazan6414 | memo takım olak mı | enyakin=takim puan=1 sebep=SINYAL_ZAYIF
[2026-09-08 21:59:31] Nythvander | bura smp mi survivalm | enyakin=orman-gitme puan=1 sebep=SINYAL_ZAYIF
[2026-09-08 22:00:31] eymenizmaa33 | aga pvp serbest değilmi neden küfür ediyon | enyakin=savas-etiketi puan=1 sebep=SINYAL_ZAYIF
[2026-09-08 22:01:17] eymenizmaa33 | nhytvader mi ne o | enyakin=- puan=0 sebep=ESLESME_YOK
[2026-09-08 22:03:40] memo1234868 | nerede ki | enyakin=- puan=0 sebep=ESLESME_YOK
[2026-09-08 22:04:42] EnsignSign31409 | nereye gelim | enyakin=- puan=0 sebep=ESLESME_YOK
[2026-09-08 22:05:12] OverLord | cemre kim | enyakin=- puan=0 sebep=ESLESME_YOK
[2026-09-08 22:08:05] eymenizmaa33 | slash o mu | enyakin=- puan=0 sebep=ESLESME_YOK
[2026-09-08 22:09:21] MuratRTX | para atabilecek var mı | enyakin=para-kazanma puan=1 sebep=SINYAL_ZAYIF
[2026-09-08 22:19:39] Faxley | kimler trap yapıyo dedim trap yasak mı diye sormadım | enyakin=kurallar puan=2 sebep=SINYAL_ZAYIF
[2026-09-08 22:20:54] Ramazan6414 | lucifer arkadaş olalım mı | enyakin=- puan=0 sebep=ESLESME_YOK
[2026-09-08 22:25:46] memo1234868 | over neden bana vuruyorsun | enyakin=- puan=0 sebep=ESLESME_YOK
[2026-09-08 22:26:23] Nosstalgia_ | rüzgar topu olan var mı | enyakin=- puan=0 sebep=ESLESME_YOK
[2026-09-08 22:26:33] Nosstalgia_ | ne kadara satıyon | enyakin=- puan=0 sebep=ESLESME_YOK
[2026-09-08 22:27:19] Serkan_3793 | kıpıc{mı verrr | enyakin=- puan=0 sebep=ESLESME_YOK
[2026-09-08 22:27:49] OverLord | luci ne zaman kestim | enyakin=- puan=0 sebep=ESLESME_YOK
[2026-09-08 22:28:32] OverLord | memo neden kusum | enyakin=- puan=0 sebep=ESLESME_YOK
[2026-09-08 22:29:30] Faxley | lan niye gülüyonuz | enyakin=- puan=0 sebep=ESLESME_YOK
[2026-09-08 22:32:20] OverLord | elmas mı | enyakin=- puan=0 sebep=ESLESME_YOK
[2026-09-08 22:34:22] Gamer2025952 | bi set vere bilecek var mı | enyakin=- puan=0 sebep=ESLESME_YOK
[2026-09-08 22:37:07] Ayazpro20258803 | arkadaş olcak var mi | enyakin=- puan=0 sebep=ESLESME_YOK
[2026-09-08 22:37:43] Nosstalgia_ | nası sana geldi | enyakin=- puan=0 sebep=ESLESME_YOK
[2026-09-08 22:37:44] Nosstalgia_ | nası sana geldi | enyakin=- puan=0 sebep=ESLESME_YOK
[2026-09-08 22:40:45] Ayazpro20258803 | takımımıza katılcak var mı @here | enyakin=takim puan=1 sebep=SINYAL_ZAYIF
[2026-09-08 22:41:54] Nosstalgia_ | yatağa mı | enyakin=- puan=0 sebep=ESLESME_YOK
[2026-09-08 22:42:05] maceswap | kim öldü | enyakin=- puan=0 sebep=ESLESME_YOK
[2026-09-08 22:42:07] Nosstalgia_ | e nası öldü | enyakin=- puan=0 sebep=ESLESME_YOK
[2026-09-08 22:42:51] Ayazpro20258803 | takımımıza katılcak var mı @here | enyakin=takim puan=1 sebep=SINYAL_ZAYIF
[2026-09-08 22:43:51] memo1234868 | kazmam gitti mi | enyakin=- puan=0 sebep=ESLESME_YOK
[2026-09-08 22:45:27] EnsignSign31409 | 20 tane biftege kaç odun veriyonuz | enyakin=- puan=0 sebep=ESLESME_YOK
[2026-09-08 22:46:23] maceswap | Serkan_3793 neden sinirli bu kadar | enyakin=- puan=0 sebep=ESLESME_YOK
[2026-09-08 22:46:33] Ayazpro20258803 | bana kit nerden geldi | enyakin=kit puan=1 sebep=SINYAL_ZAYIF
[2026-09-08 22:47:34] Serkan_3793 | over neden simirlenmiyim 5-6 saattir kasilion ve biri gelio seni kesio sinirlenmez misin | enyakin=- puan=0 sebep=ESLESME_YOK
[2026-09-08 22:49:26] Ayazpro20258803 | takımına alcak var mii çok yanlızım :(( | enyakin=takim puan=1 sebep=SINYAL_ZAYIF
[2026-09-08 22:51:27] EnsignSign31409 | knk bizim base nerde | enyakin=- puan=0 sebep=ESLESME_YOK
[2026-09-08 22:51:32] Serkan_3793 | durduk yere niye kessin | enyakin=- puan=0 sebep=ESLESME_YOK
[2026-09-08 22:52:27] Ayazpro20258803 | arkadaş olcak vaf mı çok yanlızım :((((( | enyakin=- puan=0 sebep=ESLESME_YOK
[2026-09-08 22:53:18] OnlyVan | snapimi mi :D | enyakin=- puan=0 sebep=ESLESME_YOK
[2026-09-08 22:53:52] Ayazpro20258803 | köylü istiyen var mı 100k ya 5 tane felan köylü veririm | enyakin=- puan=0 sebep=ESLESME_YOK
[2026-09-08 22:53:54] OnlyVan | snapchatimi niye istiyorsun :D | enyakin=- puan=0 sebep=ESLESME_YOK
[2026-09-08 22:53:55] KadirHB | snapi napcanız st mi | enyakin=- puan=0 sebep=ESLESME_YOK
[2026-09-08 22:54:40] Nosstalgia_ | bunu kim yazmış | enyakin=- puan=0 sebep=ESLESME_YOK
[2026-09-08 22:55:36] OverLord | memo nereye | enyakin=- puan=0 sebep=ESLESME_YOK
[2026-09-08 22:57:24] BayOrdekk | nası baslıcam yeni girdim | enyakin=- puan=0 sebep=ESLESME_YOK
[2026-09-08 22:57:30] Ayazpro20258803 | ya 10 tane köylü vaf köyü satın alan yoi mu | enyakin=site-kredi puan=2 sebep=SINYAL_ZAYIF
[2026-09-08 23:00:33] Luccifer1254803 | Ya ben pvp kötüyüm ne istiyorsunuz neden kesmeyin ya lütfen | enyakin=savas-etiketi puan=1 sebep=SINYAL_ZAYIF
[2026-09-08 23:02:07] KadirHB | bakabildin mi | enyakin=- puan=0 sebep=ESLESME_YOK
[2026-09-08 23:02:21] Nosstalgia_ | vs gelen var mı | enyakin=- puan=0 sebep=ESLESME_YOK
[2026-09-08 23:04:02] MAZIFIR | barut u olan var mı | enyakin=- puan=0 sebep=ESLESME_YOK
[2026-09-08 23:04:16] BlackNior_ | ne zaman | enyakin=- puan=0 sebep=ESLESME_YOK
[2026-09-08 23:04:38] Menemen_bambam | nerden bulabiliriz | enyakin=- puan=0 sebep=ESLESME_YOK
[2026-09-08 23:10:37] AyiBogan064 | nasıl lobiye döncez | enyakin=- puan=0 sebep=ESLESME_YOK
[2026-09-08 23:13:02] AyiBogan064 | rehber lobiye dönme komutu nedir? | enyakin=menu puan=1 sebep=SINYAL_ZAYIF
[2026-09-08 23:13:42] Ayazpro20258803 | arkadaş olcak var mi yoksa çikcam | enyakin=- puan=0 sebep=ESLESME_YOK
[2026-09-08 23:13:52] Nosstalgia_ | sen 1.8 mi oynuyon olm | enyakin=- puan=0 sebep=ESLESME_YOK
[2026-09-08 23:15:26] Nosstalgia_ | kırılmazlık yok mu | enyakin=- puan=0 sebep=ESLESME_YOK
[2026-09-08 23:19:31] Nythvander | nerde o iki insan | enyakin=- puan=0 sebep=ESLESME_YOK
[2026-09-08 23:21:25] Menemen_bambam | kim verdi | enyakin=- puan=0 sebep=ESLESME_YOK
[2026-09-08 23:22:33] KadirHB | bakabildin mi | enyakin=- puan=0 sebep=ESLESME_YOK
[2026-09-08 23:24:33] Serkan_3793 | yönetici? | enyakin=- puan=0 sebep=ESLESME_YOK
[2026-09-08 23:25:07] Nosstalgia_ | vs gelen var mı | enyakin=- puan=0 sebep=ESLESME_YOK
[2026-09-08 23:27:47] Nosstalgia_ | vs atacak var mı | enyakin=- puan=0 sebep=ESLESME_YOK
[2026-09-08 23:30:35] Serkan_3793 | over nerede | enyakin=- puan=0 sebep=ESLESME_YOK
[2026-09-08 23:31:39] maceswap | Serkan_3793 sorun neydi sor istersen | enyakin=- puan=0 sebep=ESLESME_YOK
[2026-09-08 23:33:27] eymenizmaa33 | hira nerde ya neden girmiyo avab | enyakin=- puan=0 sebep=ESLESME_YOK
[2026-09-08 23:34:42] bosluk1 | kaç tane var | enyakin=- puan=0 sebep=ESLESME_YOK
[2026-09-08 23:38:18] AyiBogan064 | bilen biri var mı Fantom zarları kaçtan gider sunucuda | enyakin=- puan=0 sebep=ESLESME_YOK
[2026-09-08 23:40:42] OverLord | ze mobilde aktiflerş nerden göruyorum ya | enyakin=- puan=0 sebep=ESLESME_YOK
[2026-09-08 23:44:21] Nosstalgia_ | nası açıyoz | enyakin=- puan=0 sebep=ESLESME_YOK
[2026-09-08 23:45:30] Serkan_3793 | otamatik farm nasi :D | enyakin=en-iyi-farm puan=1 sebep=SINYAL_ZAYIF
[2026-09-08 23:48:46] Serkan_3793 | ama kol gibi splama makinesi ve koyun pompacısı V2.0 nası :D | enyakin=- puan=0 sebep=ESLESME_YOK
[2026-09-08 23:49:40] OverLord | neden ahmst | enyakin=- puan=0 sebep=ESLESME_YOK
[2026-09-08 23:54:54] KadirHB | olm ne zaman aldın da bitti | enyakin=- puan=0 sebep=ESLESME_YOK
[2026-09-09 00:02:52] eymenizmaa33 | kadir nası bu kadar hızlı yazıyon ben daha okuyamıyom | enyakin=- puan=0 sebep=ESLESME_YOK
[2026-09-09 00:02:55] Serkan_3793 | [event cancelled]neden | enyakin=- puan=0 sebep=ESLESME_YOK
[2026-09-09 00:08:52] eymenizmaa33 | ben neden atıldım la | enyakin=- puan=0 sebep=ESLESME_YOK
[2026-09-09 00:22:18] ItzRealMusty | 35level sin nasıl eşya yok | enyakin=- puan=0 sebep=ESLESME_YOK
[2026-09-09 00:58:05] eymenizmaa33 | korkuyorum gerçek mi bu | enyakin=- puan=0 sebep=ESLESME_YOK
[2026-09-09 00:59:49] Faxley | Lamia111 rehbermisin nerden biliyon | enyakin=- puan=0 sebep=ESLESME_YOK
[2026-09-09 00:59:54] KadirHB | Lamia111 sen nerden biliyon la | enyakin=- puan=0 sebep=ESLESME_YOK
[2026-09-09 01:01:00] Lamia111 | sınırı kaç yaptın | enyakin=- puan=0 sebep=ESLESME_YOK
[2026-09-09 01:01:02] eymenizmaa33 | lamia içerde misin? | enyakin=- puan=0 sebep=ESLESME_YOK
[2026-09-09 01:01:38] eymenizmaa33 | tot patlayana kadar vs? | enyakin=- puan=0 sebep=ESLESME_YOK
[2026-09-09 01:02:38] anomaly333 | bakım ne zaman başlayacak | enyakin=- puan=0 sebep=ESLESME_YOK
[2026-09-09 01:07:57] eymenizmaa33 | senin base nası | enyakin=- puan=0 sebep=ESLESME_YOK
[2026-09-09 01:10:55] KadirHB | BlackNior_ ? | enyakin=- puan=0 sebep=ESLESME_YOK
[2026-09-09 01:14:48] Faxley | dao kim olum | enyakin=olunce-esya puan=1 sebep=SINYAL_ZAYIF
[2026-09-09 01:14:59] eymenizmaa33 | ne diyim olum küfür mü edeyim oyun için | enyakin=olunce-esya puan=1 sebep=SINYAL_ZAYIF
[2026-09-09 01:20:13] NextRisen | elmas genelde kaçıncı katmanlarda çıkıyodu | enyakin=- puan=0 sebep=ESLESME_YOK
[2026-09-09 01:26:56] Faxley | as OverLord 3.5 m nerden kastın | enyakin=- puan=0 sebep=ESLESME_YOK
[2026-09-09 01:28:56] vapro543 | değerli mi | enyakin=- puan=0 sebep=ESLESME_YOK
[2026-09-09 01:29:11] Faxley | bende diyim mi | enyakin=- puan=0 sebep=ESLESME_YOK
[2026-09-09 01:30:16] vapro543 | paylaşim mi | enyakin=- puan=0 sebep=ESLESME_YOK
[2026-09-09 01:32:29] KadirHB | niye isim veriyorsunuz kardeşim | enyakin=- puan=0 sebep=ESLESME_YOK
[2026-09-09 01:36:31] OverLord | kac kez dedim | enyakin=- puan=0 sebep=ESLESME_YOK
[2026-09-09 01:37:18] Faxley | burayı nası buldun | enyakin=- puan=0 sebep=ESLESME_YOK
[2026-09-09 01:37:56] Faxley | -35 nası gitcez | enyakin=- puan=0 sebep=ESLESME_YOK
[2026-09-09 01:45:10] NextRisen | silk touch satanlar var mı | enyakin=- puan=0 sebep=ESLESME_YOK
[2026-09-09 01:45:27] NextRisen | deal yapsak oluyo mu :D | enyakin=- puan=0 sebep=ESLESME_YOK
[2026-09-09 01:48:18] vapro543 | nasıl açim | enyakin=- puan=0 sebep=ESLESME_YOK
[2026-09-09 01:48:40] OverLord | kac tanw | enyakin=- puan=0 sebep=ESLESME_YOK
[2026-09-09 01:49:56] NextRisen | bu .ah'a nasıl ıtem koyuyoruz | enyakin=acik-artirma puan=1 sebep=SINYAL_ZAYIF
[2026-09-09 01:49:58] OverLord | kacıncı uyarısım | enyakin=- puan=0 sebep=ESLESME_YOK
[2026-09-09 01:51:22] vapro543 | eymen nereye | enyakin=- puan=0 sebep=ESLESME_YOK
[2026-09-09 01:53:28] Faxley | ilk defa niye bu kadar ödedim | enyakin=- puan=0 sebep=ESLESME_YOK
[2026-09-09 01:53:35] Faxley | ilk defa niye bu kadar ödedim | enyakin=- puan=0 sebep=ESLESME_YOK
[2026-09-09 01:53:50] vapro543 | niye temizledin | enyakin=- puan=0 sebep=ESLESME_YOK
[2026-09-09 01:57:10] OverLord | kime dedin | enyakin=- puan=0 sebep=ESLESME_YOK
[2026-09-09 01:58:59] vapro543 | homene gelim mi???? | enyakin=ev-home puan=1 sebep=SINYAL_ZAYIF
[2026-09-09 02:00:39] vapro543 | lan burda gunlukodul yok mu | enyakin=- puan=0 sebep=ESLESME_YOK
[2026-09-09 02:09:13] eymenizmaa33 | elmasa 10 mu | enyakin=- puan=0 sebep=ESLESME_YOK
[2026-09-09 02:16:57] OverLord | kac dklık | enyakin=- puan=0 sebep=ESLESME_YOK
[2026-09-09 03:08:02] HeraAndZeus | sen mi yapmıştın | enyakin=- puan=0 sebep=ESLESME_YOK
[2026-09-09 03:51:52] eymenizmaa33 | ne kadr hangi spwner | enyakin=- puan=0 sebep=ESLESME_YOK
[2026-09-09 03:54:01] eymenizmaa33 | ne dersin? | enyakin=- puan=0 sebep=ESLESME_YOK
[2026-09-09 03:56:01] NextRisen | serverda trial chamberlar değeerli mi | enyakin=- puan=0 sebep=ESLESME_YOK
[2026-09-09 03:56:26] NextRisen | bi kaç tane bulmuştum hatırlıyom yerlerını | enyakin=- puan=0 sebep=ESLESME_YOK
[2026-09-09 03:56:57] NextRisen | harbi mi diyon | enyakin=- puan=0 sebep=ESLESME_YOK
[2026-09-09 03:57:17] NextRisen | nası satıcam kı | enyakin=- puan=0 sebep=ESLESME_YOK
[2026-09-09 03:58:38] NextRisen | ama yumurta mı dıyon sen | enyakin=- puan=0 sebep=ESLESME_YOK
[2026-09-09 04:23:50] vapro543 | 1k olur mu | enyakin=- puan=0 sebep=ESLESME_YOK
[2026-09-09 04:24:06] vapro543 | 3k olur mu | enyakin=- puan=0 sebep=ESLESME_YOK
[2026-09-09 04:24:20] vapro543 | 4k olur mu | enyakin=- puan=0 sebep=ESLESME_YOK
[2026-09-09 04:33:27] vapro543 | basene gelip yardım edim mi | enyakin=- puan=0 sebep=ESLESME_YOK
[2026-09-09 04:33:47] vapro543 | nerden alcam | enyakin=- puan=0 sebep=ESLESME_YOK
[2026-09-09 04:34:48] vapro543 | ulus bilmiyon mu aesirmc de var | enyakin=- puan=0 sebep=ESLESME_YOK
[2026-09-09 04:38:34] vapro543 | bune odun mu | enyakin=- puan=0 sebep=ESLESME_YOK
[2026-09-09 04:39:13] vapro543 | sen almadın mı | enyakin=- puan=0 sebep=ESLESME_YOK
[2026-09-09 04:40:29] eymenizmaa33 | lan sende balta yok nası kazcan | enyakin=- puan=0 sebep=ESLESME_YOK
[2026-09-09 04:40:48] vapro543 | nasıl gösterim | enyakin=- puan=0 sebep=ESLESME_YOK
[2026-09-09 04:41:38] eymenizmaa33 | nası kudurdu | enyakin=- puan=0 sebep=ESLESME_YOK
[2026-09-09 04:43:47] vapro543 | bu sahte smplerden bıkmadın mı hadi sende oyna.aesirmc.com yaz ve gidip oyna | enyakin=- puan=0 sebep=ESLESME_YOK
[2026-09-09 08:03:33] Ali_kayra8287 | ya etkinlikleri k bitene kadar burdayim | enyakin=yaris puan=1 sebep=SINYAL_ZAYIF
[2026-09-09 08:31:36] Ramazan6414 | ali kayra ne kadar paran var | enyakin=para-kazanma puan=1 sebep=SINYAL_ZAYIF
[2026-09-09 08:41:23] Serkan_3793 | lan esyalarim nerede aksam kim kesti bbeniii | enyakin=- puan=0 sebep=ESLESME_YOK
[2026-09-09 08:41:57] Serkan_3793 | lan esyaparim nerede o zmn | enyakin=- puan=0 sebep=ESLESME_YOK
[2026-09-09 08:42:31] Serkan_3793 | milyonlarca mesaj var nasi buliyim | enyakin=- puan=0 sebep=ESLESME_YOK
[2026-09-09 08:59:56] Ali_kayra8287 | end den dünyaya nasıl gelcem | enyakin=end-gitme puan=1 sebep=SINYAL_ZAYIF
[2026-09-09 09:08:00] Ramazan6414 | ne kadar verirsin | enyakin=- puan=0 sebep=ESLESME_YOK
[2026-09-09 09:08:18] Swight | bilmiyom para mı istiyonki | enyakin=para-kazanma puan=1 sebep=SINYAL_ZAYIF
[2026-09-09 09:20:15] Ramazan6414 | bişey mi yapacan ali kayra | enyakin=- puan=0 sebep=ESLESME_YOK
[2026-09-09 09:30:23] Swight | hayır obsidyen ne kadar | enyakin=- puan=0 sebep=ESLESME_YOK
[2026-09-09 09:39:45] Swight | nası gircem | enyakin=- puan=0 sebep=ESLESME_YOK
[2026-09-09 09:42:46] eymenizmaa33 | banamı dedin knk? | enyakin=- puan=0 sebep=ESLESME_YOK
[2026-09-09 09:43:16] Ali_kayra8287 | Eymen bu arada. senle iyi anlaşıyoruz neden artık dalga geciyon fakirim diye | enyakin=- puan=0 sebep=ESLESME_YOK
[2026-09-09 09:55:00] Hasanmc91 | bileme tasi nasil yapılıyor | enyakin=- puan=0 sebep=ESLESME_YOK
[2026-09-09 09:56:11] Swight | bilmiyom nası aldımw | enyakin=- puan=0 sebep=ESLESME_YOK
[2026-09-09 10:05:19] Swight | bilmiyom en fazla kaç verirsin | enyakin=- puan=0 sebep=ESLESME_YOK
[2026-09-09 10:10:08] Ali_kayra8287 | doğma yeri yapmak iştiyom ben istediğim zaman isinpanabilcegim bir basem var nasıl yapcam | enyakin=- puan=0 sebep=ESLESME_YOK
[2026-09-09 10:15:53] eymenizmaa33 | niye napcanızki la | enyakin=- puan=0 sebep=ESLESME_YOK
[2026-09-09 10:16:34] Eymennotfounddm | Serkan niye beni öldürmeye çalıştın | enyakin=- puan=0 sebep=ESLESME_YOK
[2026-09-09 10:17:37] Serkan_3793 | kk varm nasi | enyakin=- puan=0 sebep=ESLESME_YOK
[2026-09-09 10:18:27] Swight | olum bunu nerden aldın | enyakin=olunce-esya puan=1 sebep=SINYAL_ZAYIF
[2026-09-09 10:24:16] eymenizmaa33 | ali bana neden tuzak kurdun kral ben naptım sana | enyakin=- puan=0 sebep=ESLESME_YOK
[2026-09-09 10:26:00] adala7 | oyun çok kolayda mı beyler | enyakin=- puan=0 sebep=ESLESME_YOK
[2026-09-09 10:27:04] Swight | niye tek sana saldırdılar | enyakin=- puan=0 sebep=ESLESME_YOK
[2026-09-09 10:29:32] eymenizmaa33 | netheritleride çalmıssın knk ben onları kaç saat kazdım | enyakin=nether-gitme puan=1 sebep=SINYAL_ZAYIF
[2026-09-09 10:30:42] eymenizmaa33 | nerde kral alcam | enyakin=- puan=0 sebep=ESLESME_YOK
[2026-09-09 10:33:00] Ali_kayra8287 | evt de setsiz nasıl olduriyim | enyakin=- puan=0 sebep=ESLESME_YOK
[2026-09-09 10:39:15] Ali_kayra8287 | beyler kaç yasindasiniz | enyakin=- puan=0 sebep=ESLESME_YOK
[2026-09-09 10:40:23] Swight | ali sen kaç yasındasın | enyakin=- puan=0 sebep=ESLESME_YOK
[2026-09-09 10:40:57] thecnoblade | yerdımcı olur musunuz | enyakin=- puan=0 sebep=ESLESME_YOK
[2026-09-09 10:41:09] Eymennotfounddm | arka olacak var mı arkadaş | enyakin=- puan=0 sebep=ESLESME_YOK
[2026-09-09 10:42:31] Swight | ali sen nası zengin oldun | enyakin=para-kazanma puan=1 sebep=SINYAL_ZAYIF
[2026-09-09 10:43:49] eymenizmaa33 | setimi vercenmi? | enyakin=- puan=0 sebep=ESLESME_YOK
[2026-09-09 10:44:34] eymenizmaa33 | adamlıkmı bu? | enyakin=- puan=0 sebep=ESLESME_YOK
[2026-09-09 10:50:32] Menemen_bambam | beyler buyulu kıtabı nası yapabilirim | enyakin=buyu-masasi puan=1 sebep=SINYAL_ZAYIF
[2026-09-09 10:51:26] Swight | ya setim nerde | enyakin=- puan=0 sebep=ESLESME_YOK
[2026-09-09 10:54:44] eymenizmaa33 | itemlerim nerde | enyakin=- puan=0 sebep=ESLESME_YOK
[2026-09-09 10:54:44] thecnoblade | biri beni tpleyebilir mi | enyakin=- puan=0 sebep=ESLESME_YOK
[2026-09-09 10:58:45] SaTaha | adam nerde | enyakin=- puan=0 sebep=ESLESME_YOK
[2026-09-09 10:59:34] SaTaha | yuksekten duaserek olmus esdyalrı nerde acaba | enyakin=- puan=0 sebep=ESLESME_YOK
[2026-09-09 10:59:35] Swight | alinin itemler nerde | enyakin=- puan=0 sebep=ESLESME_YOK
[2026-09-09 11:02:19] Ramazan6414 | takım olalım mı | enyakin=takim puan=1 sebep=SINYAL_ZAYIF
[2026-09-09 11:02:52] thecnoblade | biri yemek vere bilir mi ölcem | enyakin=- puan=0 sebep=ESLESME_YOK
[2026-09-09 11:03:13] Ramazan6414 | takım olalım mı | enyakin=takim puan=1 sebep=SINYAL_ZAYIF
[2026-09-09 11:04:50] Ramazan6414 | takıma alcaz mı | enyakin=takim puan=1 sebep=SINYAL_ZAYIF
[2026-09-09 11:05:34] LakuWasTaken | bana neden yaklaşıon | enyakin=- puan=0 sebep=ESLESME_YOK
[2026-09-09 11:07:34] Serkan_3793 | niye susturdun aksam bni | enyakin=- puan=0 sebep=ESLESME_YOK
[2026-09-09 11:09:32] eymenizmaa33 | knk bana neden yaptınız size güvendim | enyakin=- puan=0 sebep=ESLESME_YOK
[2026-09-09 11:16:21] thecnoblade | nasıl atcam | enyakin=- puan=0 sebep=ESLESME_YOK
[2026-09-09 11:17:28] LakuWasTaken | rehberden dilene dilene nereye gidicek iş Ramazan6414 | enyakin=- puan=0 sebep=ESLESME_YOK
[2026-09-09 11:19:44] eymenizmaa33 | knk beni öyle sattınızki kime güvenceğimi sastım | enyakin=- puan=0 sebep=ESLESME_YOK
[2026-09-09 11:20:16] Hasanmc91 | 25k mi olmus totem :(( | enyakin=- puan=0 sebep=ESLESME_YOK
[2026-09-09 11:21:00] Serkan_3793 | over totem 25k deildi 2500 dü nasi 25k oldu ben doludoluvaliyodum | enyakin=- puan=0 sebep=ESLESME_YOK
[2026-09-09 11:21:56] eymenizmaa33 | sen var ya nası kudurmussun ama beni kesemicen canım | enyakin=- puan=0 sebep=ESLESME_YOK
[2026-09-09 11:23:27] Serkan_3793 | over hata var de gozunu yagını yiyin 25k nedir | enyakin=- puan=0 sebep=ESLESME_YOK
[2026-09-09 11:24:35] AyiBogan064 | nerden atcam | enyakin=- puan=0 sebep=ESLESME_YOK
[2026-09-09 11:30:40] OverLord | satmayı düşünmüyorum ama kac verirsin | enyakin=- puan=0 sebep=ESLESME_YOK
[2026-09-09 11:32:42] AyiBogan064 | yaptın mi | enyakin=- puan=0 sebep=ESLESME_YOK
[2026-09-09 11:36:49] OverLord | kac atıyım | enyakin=- puan=0 sebep=ESLESME_YOK
[2026-09-09 11:38:31] MrErkan67 | base yapan var mı | enyakin=- puan=0 sebep=ESLESME_YOK
[2026-09-09 11:39:05] OverLord | nası olur | enyakin=- puan=0 sebep=ESLESME_YOK
[2026-09-09 11:39:31] AyiBogan064 | nasıl işinlacam | enyakin=- puan=0 sebep=ESLESME_YOK
[2026-09-09 11:40:17] adala7 | attın mı | enyakin=- puan=0 sebep=ESLESME_YOK
[2026-09-09 11:40:18] OverLord | mirac nasıl atıyım | enyakin=- puan=0 sebep=ESLESME_YOK
[2026-09-09 11:40:47] MrErkan67 | base yapan var mı | enyakin=- puan=0 sebep=ESLESME_YOK
[2026-09-09 11:41:21] Swight | eymen bu hangi blok | enyakin=- puan=0 sebep=ESLESME_YOK
[2026-09-09 11:48:12] Dark | beyler bisi sorcam simdi bu sunucu nasıl bi sunucu ilk defa giriyorum da | enyakin=- puan=0 sebep=ESLESME_YOK
[2026-09-09 11:49:40] OverLord | Ali neden | enyakin=- puan=0 sebep=ESLESME_YOK
[2026-09-09 11:50:05] adala7 | sne yazdın mı | enyakin=- puan=0 sebep=ESLESME_YOK
[2026-09-09 11:50:14] thecnoblade | yemek var mı | enyakin=- puan=0 sebep=ESLESME_YOK
[2026-09-09 11:50:59] adala7 | Ali geldin mi | enyakin=- puan=0 sebep=ESLESME_YOK
[2026-09-09 11:53:22] Serkan_3793 | simdi at niye verim | enyakin=- puan=0 sebep=ESLESME_YOK
[2026-09-09 11:54:32] Hasanmc91 | ne kac tane sation | enyakin=- puan=0 sebep=ESLESME_YOK
[2026-09-09 11:55:16] ItzRealMusty | 40k okey mi | enyakin=- puan=0 sebep=ESLESME_YOK
[2026-09-09 11:56:18] Dark | arkadaşlar nasıl hızlıca gelişebilirim serverde | enyakin=- puan=0 sebep=ESLESME_YOK
[2026-09-09 12:00:26] ItzRealMusty | vindictor neydi la | enyakin=- puan=0 sebep=ESLESME_YOK
[2026-09-09 12:02:01] Dark | keep inventory aç9ık mı | enyakin=- puan=0 sebep=ESLESME_YOK
[2026-09-09 12:04:45] Dark | niye ban ki | enyakin=ceza-itiraz puan=1 sebep=SINYAL_ZAYIF
[2026-09-09 12:05:50] kyrosrfl | ya nası kırcam ozaman | enyakin=- puan=0 sebep=ESLESME_YOK
[2026-09-09 12:05:50] Serkan_3793 | seker farmi esyalari satiom huni (46 tane var) piston (15 tne var) gözlemci var (15) over kac uygun | enyakin=en-iyi-farm puan=1 sebep=SINYAL_ZAYIF
[2026-09-09 12:06:00] OverLord | hasan nerde | enyakin=- puan=0 sebep=ESLESME_YOK
[2026-09-09 12:06:54] kyrosrfl | abi kime guvencem | enyakin=- puan=0 sebep=ESLESME_YOK
[2026-09-09 12:06:57] Serkan_3793 | over buna kac k uygun seker farmi esyalari satiom huni (46 tane var) piston (15 tne var) gözlemci var (15) | enyakin=en-iyi-farm puan=1 sebep=SINYAL_ZAYIF
[2026-09-09 12:08:05] kyrosrfl | hasan ne kadara | enyakin=- puan=0 sebep=ESLESME_YOK
[2026-09-09 12:11:01] kayra9806 | benim base var ona gidek? | enyakin=- puan=0 sebep=ESLESME_YOK
[2026-09-09 12:11:05] Dark | parayı nasıl kasıyon | enyakin=para-kazanma puan=1 sebep=SINYAL_ZAYIF
[2026-09-09 12:11:08] Dark | oha ciddi mi | enyakin=- puan=0 sebep=ESLESME_YOK
[2026-09-09 12:11:51] Numan42konya | nasıl TP atlir | enyakin=isinlanma-istegi puan=1 sebep=SINYAL_ZAYIF
[2026-09-09 12:12:18] Numan42konya | nasıl TP atlir | enyakin=isinlanma-istegi puan=1 sebep=SINYAL_ZAYIF
[2026-09-09 12:12:31] Numan42konya | TP nasıl atilir | enyakin=isinlanma-istegi puan=1 sebep=SINYAL_ZAYIF
[2026-09-09 12:12:55] Numan42konya | olum TP nasıl atilir | enyakin=olunce-esya puan=1 sebep=SINYAL_ZAYIF
[2026-09-09 12:13:24] kyrosrfl | oveerlord hic arkadasın yok mu guvenebilecegim ipeksi kazması olan | enyakin=- puan=0 sebep=ESLESME_YOK
[2026-09-09 12:13:59] kyrosrfl | hasan sana nasıl güvencem | enyakin=- puan=0 sebep=ESLESME_YOK
[2026-09-09 12:14:59] Hasanmc91 | niye kesik seni | enyakin=- puan=0 sebep=ESLESME_YOK
[2026-09-09 12:15:10] Hasanmc91 | niye kesim seni | enyakin=- puan=0 sebep=ESLESME_YOK
[2026-09-09 12:16:45] Numan42konya | niye hickimse beni dinlemiyo | enyakin=- puan=0 sebep=ESLESME_YOK
[2026-09-09 12:17:04] Numan42konya | odun veriyim mi | enyakin=- puan=0 sebep=ESLESME_YOK
[2026-09-09 12:17:21] Numan42konya | nasıl vercez | enyakin=- puan=0 sebep=ESLESME_YOK
[2026-09-09 12:21:02] memo1234868 | merhaba ve yeni base mi | enyakin=- puan=0 sebep=ESLESME_YOK
[2026-09-09 12:21:12] kyrosrfl | e nası olcak | enyakin=- puan=0 sebep=ESLESME_YOK
[2026-09-09 12:21:19] EmoBear05 | nası oynanıyor | enyakin=- puan=0 sebep=ESLESME_YOK
[2026-09-09 12:21:59] Hasanmc91 | kazmam nerde | enyakin=- puan=0 sebep=ESLESME_YOK
[2026-09-09 12:25:04] Hasanmc91 | setimi niye izinsi aaliyon | enyakin=- puan=0 sebep=ESLESME_YOK
[2026-09-09 12:26:07] Serkan_3793 | over mace onlyvan team nasi kuruluyo team kuruluyo dyiyolardi yorumlarda | enyakin=takim puan=1 sebep=SINYAL_ZAYIF
[2026-09-09 12:27:05] kyrosrfl | oha burda ne kadar cok demir var | enyakin=- puan=0 sebep=ESLESME_YOK
[2026-09-09 12:29:44] Serkan_3793 | teama nasi davet atioz teamıma gelmesi icin | enyakin=takim puan=1 sebep=SINYAL_ZAYIF
[2026-09-09 12:32:02] Hasanmc91 | setini sen kimden aldin eymen | enyakin=- puan=0 sebep=ESLESME_YOK
[2026-09-09 12:32:50] AyiBogan064 | niye vurdun Aq neden | enyakin=- puan=0 sebep=ESLESME_YOK
[2026-09-09 12:33:08] Serkan_3793 | ayiyi niye boyuyyo | enyakin=- puan=0 sebep=ESLESME_YOK
[2026-09-09 12:34:42] memo1234868 | ya over niye beni attın ölüyordum ya | enyakin=- puan=0 sebep=ESLESME_YOK
[2026-09-09 12:36:00] memo1234868 | kim yaptı bunu | enyakin=- puan=0 sebep=ESLESME_YOK
[2026-09-09 12:36:10] MuratRTX | bana para atabilecek var mı | enyakin=para-kazanma puan=1 sebep=SINYAL_ZAYIF
[2026-09-09 12:37:15] LakuWasTaken | sorunun mu var | enyakin=- puan=0 sebep=ESLESME_YOK
[2026-09-09 12:37:27] Dark | harbi olm derdin ne niye söyledin | enyakin=- puan=0 sebep=ESLESME_YOK
[2026-09-09 12:38:19] kayra9806 | base nereye yapcaz dark knk | enyakin=- puan=0 sebep=ESLESME_YOK
[2026-09-09 12:38:24] LakuWasTaken | noldu snede mi basemi yaymaya geldin knk | enyakin=- puan=0 sebep=ESLESME_YOK
[2026-09-09 12:38:33] Barlas | anladın mı şimdi | enyakin=- puan=0 sebep=ESLESME_YOK
[2026-09-09 12:42:29] memo1234868 | sen mi aldın | enyakin=- puan=0 sebep=ESLESME_YOK
[2026-09-09 12:42:57] memo1234868 | kazmam nerede | enyakin=- puan=0 sebep=ESLESME_YOK
[2026-09-09 12:43:08] memo1234868 | demir kazmam nerede | enyakin=- puan=0 sebep=ESLESME_YOK
[2026-09-09 12:43:55] memo1234868 | sen mi aldın | enyakin=- puan=0 sebep=ESLESME_YOK
[2026-09-09 12:44:09] LakuWasTaken | rahatsızmısının sebebi? | enyakin=- puan=0 sebep=ESLESME_YOK
[2026-09-09 12:44:18] memo1234868 | tamam niye gideyim | enyakin=- puan=0 sebep=ESLESME_YOK
[2026-09-09 12:45:02] kyrosrfl | bu oyun hangi sürümleri destekliyor | enyakin=sunucu-bilgi puan=1 sebep=SINYAL_ZAYIF
[2026-09-09 12:48:50] KadirHB | spamin cezası yok mu OverLord | enyakin=ceza-itiraz puan=1 sebep=SINYAL_ZAYIF
[2026-09-09 12:48:59] Dark | kaç tane | enyakin=- puan=0 sebep=ESLESME_YOK
[2026-09-09 12:49:16] LakuWasTaken | bide kim yaptı diyor ya ayrı komik | enyakin=- puan=0 sebep=ESLESME_YOK
[2026-09-09 12:50:09] KadirHB | kaç saat oldu adam spam attı mute atmadın çıkınca atma gerek yok | enyakin=- puan=0 sebep=ESLESME_YOK
[2026-09-09 12:51:16] Hasanmc91 | niye simi var basememin ustundesin | enyakin=- puan=0 sebep=ESLESME_YOK
[2026-09-09 12:53:35] MAZIFIR | kescen mi | enyakin=- puan=0 sebep=ESLESME_YOK
[2026-09-09 12:54:40] Serkan_3793 | 10 sellde ne kadar edio | enyakin=esya-satma puan=1 sebep=SINYAL_ZAYIF
[2026-09-09 12:55:07] Serkan_3793 | 10 elmas sellde ne kadar ediyo over | enyakin=esya-satma puan=1 sebep=SINYAL_ZAYIF
[2026-09-09 12:56:16] OverLord | kim aldı | enyakin=- puan=0 sebep=ESLESME_YOK
[2026-09-09 13:06:47] OverLord | trial hangi katmanda cıkıyo | enyakin=- puan=0 sebep=ESLESME_YOK
[2026-09-09 13:07:20] ItzRealMusty | niye öyle diyonuz ki | enyakin=- puan=0 sebep=ESLESME_YOK
[2026-09-09 13:10:09] cayanacar | kaç verecen | enyakin=- puan=0 sebep=ESLESME_YOK
[2026-09-09 13:11:07] IsmoabisYT | spawni nasil kullancaz | enyakin=spawn-warp puan=1 sebep=SINYAL_ZAYIF
[2026-09-09 13:14:15] kyrosrfl | e nası alcam | enyakin=- puan=0 sebep=ESLESME_YOK
[2026-09-09 13:14:42] kyrosrfl | ne kadar ki | enyakin=- puan=0 sebep=ESLESME_YOK
[2026-09-09 13:14:58] kyrosrfl | nası alcam | enyakin=- puan=0 sebep=ESLESME_YOK
[2026-09-09 13:15:40] kyrosrfl | nası yapcam şimdi | enyakin=- puan=0 sebep=ESLESME_YOK
[2026-09-09 13:19:55] cayanacar | 87277?46879 | enyakin=- puan=0 sebep=ESLESME_YOK
[2026-09-09 13:20:11] kyrosrfl | örs kim satıyor | enyakin=- puan=0 sebep=ESLESME_YOK
[2026-09-09 13:22:19] IsmoabisYT | merhabalar ipeksi dokunuşa ihtiyacım var hediye edebilcek yada satabilcek varmı? | enyakin=- puan=0 sebep=ESLESME_YOK
[2026-09-09 13:25:01] maceswap | ne kadar paran var | enyakin=para-kazanma puan=1 sebep=SINYAL_ZAYIF
[2026-09-09 13:27:19] Dark | valla mı | enyakin=- puan=0 sebep=ESLESME_YOK
[2026-09-09 13:31:05] kyrosrfl | beyler bu normal mi | enyakin=- puan=0 sebep=ESLESME_YOK
[2026-09-09 13:32:25] kyrosrfl | beyler bu normal mı elmas buldum ama blok olarak geliyor | enyakin=- puan=0 sebep=ESLESME_YOK
[2026-09-09 13:32:26] ItzRealMusty | yenilere neth set mi veriyoruz | enyakin=- puan=0 sebep=ESLESME_YOK
[2026-09-09 13:33:22] 7redstrike | ne normal mi | enyakin=- puan=0 sebep=ESLESME_YOK
[2026-09-09 13:33:39] ItzRealMusty | kaç tane | enyakin=- puan=0 sebep=ESLESME_YOK
[2026-09-09 13:35:06] kyrosrfl | abi bu normal mi ya | enyakin=- puan=0 sebep=ESLESME_YOK
[2026-09-09 13:35:11] kyrosrfl | beyler bu normal mi | enyakin=- puan=0 sebep=ESLESME_YOK
[2026-09-09 13:38:04] kyrosrfl | namada admin veya rehber yardımcı olabilir mi | enyakin=- puan=0 sebep=ESLESME_YOK
[2026-09-09 13:38:27] kyrosrfl | bende elmas kırdım ama bana blok olarak geldi yani normal elmas degil blok hali maden gibi büyülerden dolayı mı | enyakin=buyu-masasi puan=1 sebep=SINYAL_ZAYIF
[2026-09-09 13:38:43] Serkan_3793 | nosstaji niye girmedi | enyakin=- puan=0 sebep=ESLESME_YOK
[2026-09-09 13:41:38] OverLord | kim dedi | enyakin=- puan=0 sebep=ESLESME_YOK
[2026-09-09 13:42:45] kastamonulu3437 | neydi sizinki | enyakin=- puan=0 sebep=ESLESME_YOK
[2026-09-09 13:43:48] xxxmsl | over yaş kaç | enyakin=- puan=0 sebep=ESLESME_YOK
[2026-09-09 13:45:04] xxxmsl | over yaş kaç | enyakin=- puan=0 sebep=ESLESME_YOK
[2026-09-09 13:48:28] xxxmsl | kaç litra | enyakin=- puan=0 sebep=ESLESME_YOK
[2026-09-09 13:50:06] Dark | memo tpa atcan mi | enyakin=isinlanma-istegi puan=1 sebep=SINYAL_ZAYIF
[2026-09-09 13:50:50] Serkan_3793 | bni niye kestin team olak dedin | enyakin=takim puan=1 sebep=SINYAL_ZAYIF
[2026-09-09 13:52:52] xxxmsl | kaç lira | enyakin=- puan=0 sebep=ESLESME_YOK
[2026-09-09 13:54:48] Dark | nostalgia neden creativede | enyakin=- puan=0 sebep=ESLESME_YOK
[2026-09-09 13:55:17] OverLord | noaatalgia nasıl | enyakin=- puan=0 sebep=ESLESME_YOK
[2026-09-09 13:56:42] EnsignSign31409 | beyler ah'a eşya nasıl konuluyo | enyakin=acik-artirma puan=1 sebep=SINYAL_ZAYIF
[2026-09-09 13:57:07] OverLord | nası crew desin | enyakin=- puan=0 sebep=ESLESME_YOK
[2026-09-09 13:58:25] Dark | lan spawnda nasıl stronghold va4 | enyakin=spawn-warp puan=1 sebep=SINYAL_ZAYIF
[2026-09-09 13:59:00] xxxmsl | netheite swti nasıl yapacam | enyakin=- puan=0 sebep=ESLESME_YOK
[2026-09-09 13:59:28] OnlyVan | beyler sorun nedir? | enyakin=- puan=0 sebep=ESLESME_YOK
[2026-09-09 14:00:05] TitianGem668926 | beyler hayattakalma moduna nasil geciyoz | enyakin=- puan=0 sebep=ESLESME_YOK
[2026-09-09 14:01:14] HorridMold72476 | nası hayatta kalmaya geccez | enyakin=- puan=0 sebep=ESLESME_YOK
[2026-09-09 14:06:16] sevo_16 | team olcak var mı? | enyakin=takim puan=1 sebep=SINYAL_ZAYIF
[2026-09-09 14:06:28] Lamia111 | neden öldürdün beni | enyakin=- puan=0 sebep=ESLESME_YOK
[2026-09-09 14:06:52] sevo_16 | team olcak var mı? | enyakin=takim puan=1 sebep=SINYAL_ZAYIF
[2026-09-09 14:06:59] Nosstalgia_ | vs atcak var mı | enyakin=- puan=0 sebep=ESLESME_YOK
[2026-09-09 14:07:01] sevo_16 | team olacak? | enyakin=takim puan=1 sebep=SINYAL_ZAYIF
[2026-09-09 14:09:42] sevo_16 | Eee şimdi? | enyakin=- puan=0 sebep=ESLESME_YOK
[2026-09-09 14:10:18] Nosstalgia_ | vs atacak kim var | enyakin=- puan=0 sebep=ESLESME_YOK
[2026-09-09 14:12:41] Nosstalgia_ | beyler vs atmicaksanız niye set yapıyonuz | enyakin=- puan=0 sebep=ESLESME_YOK
[2026-09-09 14:13:14] kyrosrfl | 1 elmas ne kadar buarada | enyakin=- puan=0 sebep=ESLESME_YOK
[2026-09-09 14:14:43] kastamonulu3437 | köpek niye kahverengi | enyakin=- puan=0 sebep=ESLESME_YOK
[2026-09-09 14:15:36] Dark | abi event kasa neden sadece para beriyo | enyakin=para-kazanma puan=1 sebep=SINYAL_ZAYIF
[2026-09-09 14:17:22] kamran2 | sevo vs ataq mı | enyakin=- puan=0 sebep=ESLESME_YOK
[2026-09-09 14:18:54] Dark | nostalgia neden yaaaa | enyakin=- puan=0 sebep=ESLESME_YOK
[2026-09-09 14:19:08] Dark | olm kılıcım ile yok niye kestin | enyakin=- puan=0 sebep=ESLESME_YOK
[2026-09-09 14:21:34] kamran2 | kim benle team olarrrr | enyakin=takim puan=1 sebep=SINYAL_ZAYIF
[2026-09-09 14:23:46] sevo_16 | barlasta team olsun mu emo? | enyakin=takim puan=1 sebep=SINYAL_ZAYIF
[2026-09-09 14:24:09] sevo_16 | emo barlasta team olsun mu? | enyakin=takim puan=1 sebep=SINYAL_ZAYIF
[2026-09-09 14:26:51] sevo_16 | team mıtyız? | enyakin=takim puan=1 sebep=SINYAL_ZAYIF
[2026-09-09 14:27:26] sevo_16 | base yapak mı? | enyakin=- puan=0 sebep=ESLESME_YOK
[2026-09-09 14:27:56] Nosstalgia_ | almican mı sp yi | enyakin=- puan=0 sebep=ESLESME_YOK
[2026-09-09 14:28:32] sevo_16 | base yapak mı? | enyakin=- puan=0 sebep=ESLESME_YOK
[2026-09-09 14:29:52] xxxmsl | noldu la over bunlar kim | enyakin=- puan=0 sebep=ESLESME_YOK
[2026-09-09 14:30:03] sevo_16 | baseyi yukarı mı yapak alta mı? | enyakin=- puan=0 sebep=ESLESME_YOK
[2026-09-09 14:30:52] kamran2 | vs atak mı | enyakin=- puan=0 sebep=ESLESME_YOK
[2026-09-09 14:32:13] osmanfirat64775 | nereye yapıcaz | enyakin=- puan=0 sebep=ESLESME_YOK
[2026-09-09 14:37:42] Serkan_3793 | bse yerin altina mi olcak daglarin icine flnmı | enyakin=- puan=0 sebep=ESLESME_YOK
[2026-09-09 14:37:47] Nosstalgia_ | vs de kim yii | enyakin=- puan=0 sebep=ESLESME_YOK
[2026-09-09 14:37:49] Nosstalgia_ | vs de kim iyi | enyakin=- puan=0 sebep=ESLESME_YOK
[2026-09-09 14:37:51] Nosstalgia_ | vs de kim iyi | enyakin=- puan=0 sebep=ESLESME_YOK
[2026-09-09 14:39:04] sevo_16 | çubuunuz var mı? | enyakin=- puan=0 sebep=ESLESME_YOK
[2026-09-09 14:41:25] Nosstalgia_ | nerde kasa | enyakin=kasa puan=1 sebep=SINYAL_ZAYIF
[2026-09-09 14:42:53] Beyaztt | team olacak var mı | enyakin=takim puan=1 sebep=SINYAL_ZAYIF
[2026-09-09 14:43:54] Beyaztt | madene gidelim mi | enyakin=- puan=0 sebep=ESLESME_YOK
[2026-09-09 14:46:23] Beyaztt | tp nası atılıyo | enyakin=isinlanma-istegi puan=1 sebep=SINYAL_ZAYIF
[2026-09-09 14:48:15] Beyaztt | builder olan var mi | enyakin=- puan=0 sebep=ESLESME_YOK
[2026-09-09 14:49:36] Serkan_3793 | :D nasi oldün | enyakin=- puan=0 sebep=ESLESME_YOK
[2026-09-09 14:49:52] xxxmsl | iskelet nerde | enyakin=- puan=0 sebep=ESLESME_YOK
[2026-09-09 14:52:22] sevo_16 | itemlerim? | enyakin=- puan=0 sebep=ESLESME_YOK
[2026-09-09 14:53:07] sevo_16 | kazmam nerde? | enyakin=- puan=0 sebep=ESLESME_YOK
[2026-09-09 14:53:33] Beyaztt | buraya mı yapacağız | enyakin=- puan=0 sebep=ESLESME_YOK
[2026-09-09 14:54:40] Nosstalgia_ | vs atacak var mı | enyakin=- puan=0 sebep=ESLESME_YOK
[2026-09-09 14:55:46] sevo_16 | setim ve kazmam? | enyakin=- puan=0 sebep=ESLESME_YOK
[2026-09-09 14:56:05] Nosstalgia_ | vs atacak var mı | enyakin=- puan=0 sebep=ESLESME_YOK
[2026-09-09 14:57:02] Nosstalgia_ | vs atacak var mı | enyakin=- puan=0 sebep=ESLESME_YOK
[2026-09-09 14:57:04] Nosstalgia_ | vs atacak var mı | enyakin=- puan=0 sebep=ESLESME_YOK
[2026-09-09 14:57:08] sevo_16 | benim kazmam nerde lan | enyakin=- puan=0 sebep=ESLESME_YOK
[2026-09-09 14:57:43] sevo_16 | balas o göğüslüü nerden aldı n? | enyakin=- puan=0 sebep=ESLESME_YOK
[2026-09-09 14:57:47] Nosstalgia_ | vs atak mı | enyakin=- puan=0 sebep=ESLESME_YOK
[2026-09-09 14:58:20] sevo_16 | o botu atsana barlas? | enyakin=- puan=0 sebep=ESLESME_YOK
[2026-09-09 14:58:21] kamran2 | elmas kasalımı? | enyakin=kasa puan=1 sebep=SINYAL_ZAYIF
[2026-09-09 15:00:45] sevo_16 | itemlerim? | enyakin=- puan=0 sebep=ESLESME_YOK
[2026-09-09 15:01:01] Serkan_3793 | farmimmi kim yedi | enyakin=en-iyi-farm puan=1 sebep=SINYAL_ZAYIF
[2026-09-09 15:01:02] sevo_16 | benim itemlerim nerd e? | enyakin=- puan=0 sebep=ESLESME_YOK
[2026-09-09 15:05:56] sevo_16 | itemlerim nerede ki | enyakin=- puan=0 sebep=ESLESME_YOK
[2026-09-09 15:06:12] sevo_16 | itemler nerde | enyakin=- puan=0 sebep=ESLESME_YOK
[2026-09-09 15:12:04] Nosstalgia_ | yumruk vs gelcek var mı | enyakin=- puan=0 sebep=ESLESME_YOK
[2026-09-09 15:12:43] Nosstalgia_ | yumruk vs gelcek var mı | enyakin=- puan=0 sebep=ESLESME_YOK
[2026-09-09 15:12:58] xxxmsl | nasıl yok | enyakin=- puan=0 sebep=ESLESME_YOK
[2026-09-09 15:13:03] Ahmetenes256924 | over nerede | enyakin=- puan=0 sebep=ESLESME_YOK
[2026-09-09 15:19:20] osmanfirat64775 | mute mi yer sadece | enyakin=- puan=0 sebep=ESLESME_YOK
[2026-09-09 15:21:10] Luccifer1254803 | tpa olur musun | enyakin=isinlanma-istegi puan=1 sebep=SINYAL_ZAYIF
[2026-09-09 15:21:17] Serkan_3793 | mace dc nasi atilio ? | enyakin=- puan=0 sebep=ESLESME_YOK
[2026-09-09 15:21:55] osmanfirat64775 | rehber niye birşey yapmıyorsunuz ya | enyakin=- puan=0 sebep=ESLESME_YOK
[2026-09-09 15:28:29] kyrosrfl | nerde bu elytra evi | enyakin=- puan=0 sebep=ESLESME_YOK
[2026-09-09 15:30:54] Barlas | niye lan | enyakin=- puan=0 sebep=ESLESME_YOK
[2026-09-09 15:31:00] Barlas | niye gelmedin | enyakin=site-paket puan=1 sebep=SINYAL_ZAYIF
[2026-09-09 15:31:33] AyiBogan064 | elmaslar kaçtan gidiyo sunucuda | enyakin=- puan=0 sebep=ESLESME_YOK
[2026-09-09 15:36:00] Ali_kayra8287 | hatırladınız mi beni | enyakin=- puan=0 sebep=ESLESME_YOK
[2026-09-09 15:39:12] kyrosrfl | maceeswap tp olur musun | enyakin=isinlanma-istegi puan=1 sebep=SINYAL_ZAYIF
[2026-09-09 15:39:15] maceswap | shulker kabuğu istiyormusun ? | enyakin=- puan=0 sebep=ESLESME_YOK
[2026-09-09 15:40:00] Nosstalgia_ | en fakir kim sw de | enyakin=- puan=0 sebep=ESLESME_YOK
[2026-09-09 15:40:22] Luccifer1254803 | Tpa olur musun | enyakin=isinlanma-istegi puan=1 sebep=SINYAL_ZAYIF
[2026-09-09 15:41:01] kamran2 | bu nereden gelsi | enyakin=- puan=0 sebep=ESLESME_YOK
[2026-09-09 15:42:02] sevo_16 | murder mistry? | enyakin=- puan=0 sebep=ESLESME_YOK
[2026-09-09 15:42:25] kamran2 | klıncı nereden aldın piksel | enyakin=- puan=0 sebep=ESLESME_YOK
[2026-09-09 15:42:53] LakuWasTaken | neden böyle bi şey yaptın reis | enyakin=- puan=0 sebep=ESLESME_YOK
[2026-09-09 15:43:29] sevo_16 | sen kimsin? | enyakin=- puan=0 sebep=ESLESME_YOK
[2026-09-09 15:44:28] Nosstalgia_ | yumruk vs gelcek var mı | enyakin=- puan=0 sebep=ESLESME_YOK
[2026-09-09 15:45:20] Nosstalgia_ | yumruk vs gelcek var mı | enyakin=- puan=0 sebep=ESLESME_YOK
[2026-09-09 15:45:22] Nosstalgia_ | yumruk vs gelcek var mı beler | enyakin=- puan=0 sebep=ESLESME_YOK
[2026-09-09 15:45:24] Nosstalgia_ | yumruk vs gelcek var mı beler | enyakin=- puan=0 sebep=ESLESME_YOK
[2026-09-09 15:46:51] Pixsel__Eymen | sandıktakı esyaları kım alıyorr | enyakin=- puan=0 sebep=ESLESME_YOK
[2026-09-09 15:47:12] MUSABASDAN1 | niye musabasdan dedin | enyakin=- puan=0 sebep=ESLESME_YOK
[2026-09-09 15:48:37] Nosstalgia_ | ban mı yedi | enyakin=ceza-itiraz puan=1 sebep=SINYAL_ZAYIF
[2026-09-09 15:52:06] BBaran6118 | SMP nerede giriliyor | enyakin=- puan=0 sebep=ESLESME_YOK
[2026-09-09 15:53:18] kamran2 | kim attı? | enyakin=- puan=0 sebep=ESLESME_YOK
[2026-09-09 15:56:56] kamran2 | ne kadar | enyakin=- puan=0 sebep=ESLESME_YOK
[2026-09-09 15:58:03] Nosstalgia_ | yumruk vs atak mı | enyakin=- puan=0 sebep=ESLESME_YOK
[2026-09-09 15:58:32] Nosstalgia_ | ya da setsiz mi olsa | enyakin=- puan=0 sebep=ESLESME_YOK
[2026-09-09 16:03:01] Nosstalgia_ | yumruk vs gelcek var mı | enyakin=- puan=0 sebep=ESLESME_YOK
[2026-09-09 16:05:10] Nosstalgia_ | yumruk vs gelcek var mı | enyakin=- puan=0 sebep=ESLESME_YOK
[2026-09-09 16:06:02] Ali_kayra8287 | base nerde | enyakin=- puan=0 sebep=ESLESME_YOK
[2026-09-09 16:07:18] Nosstalgia_ | yumruk vs gelcek var mı | enyakin=- puan=0 sebep=ESLESME_YOK
[2026-09-09 16:07:39] Nosstalgia_ | yumruk vs gelcek var mı | enyakin=- puan=0 sebep=ESLESME_YOK
[2026-09-09 16:07:41] Nosstalgia_ | yumruk vs gelcek var mı beler | enyakin=- puan=0 sebep=ESLESME_YOK
[2026-09-09 16:07:43] Nosstalgia_ | yumruk vs gelcek var mı beler | enyakin=- puan=0 sebep=ESLESME_YOK
[2026-09-09 16:07:46] BBaran6118 | arkadaşlar yukarïda halâ yaratık oluşuyor mu? | enyakin=- puan=0 sebep=ESLESME_YOK
[2026-09-09 16:08:28] Swight | lan setin nerde | enyakin=- puan=0 sebep=ESLESME_YOK
[2026-09-09 16:08:57] Nosstalgia_ | yumruk vs gelcek var mı | enyakin=- puan=0 sebep=ESLESME_YOK
[2026-09-09 16:08:58] Swight | kim öldürdü | enyakin=- puan=0 sebep=ESLESME_YOK
[2026-09-09 16:09:04] Nosstalgia_ | normal vs gelcek var mı | enyakin=- puan=0 sebep=ESLESME_YOK
[2026-09-09 16:09:15] Swight | kim öldürdü kamran | enyakin=- puan=0 sebep=ESLESME_YOK
[2026-09-09 16:13:19] Swight | he olum takımız biz item niye çalıyon yaa | enyakin=olunce-esya puan=1 sebep=SINYAL_ZAYIF
[2026-09-09 16:13:52] Arron1 | mangrov tuzak kapısı nasıl yapılır | enyakin=- puan=0 sebep=ESLESME_YOK
[2026-09-09 16:14:50] Arron1 | mangrov tuzak kapısı nasıl yapılır | enyakin=- puan=0 sebep=ESLESME_YOK
[2026-09-09 16:14:53] Arron1 | mangrov tuzak kapısı nasıl yapılır ? | enyakin=- puan=0 sebep=ESLESME_YOK
[2026-09-09 16:14:57] Arron1 | mangrov tuzak kapısı nasıl yapılır? | enyakin=- puan=0 sebep=ESLESME_YOK
[2026-09-09 16:15:06] Arron1 | tuzak kapısı nasıl yapılır | enyakin=- puan=0 sebep=ESLESME_YOK
[2026-09-09 16:15:52] RaconEmir | beyler birşey soracagım anlayan varsa eger yardımcı olabilirmi bilgisayar iki gündür fazla ms veriyor kendi internetimi bağlasam bile neden olabilir | enyakin=hesap-esleme puan=1 sebep=SINYAL_ZAYIF
[2026-09-09 16:15:57] Arron1 | mangrov tuzak kapısı nasıl yapılır? | enyakin=- puan=0 sebep=ESLESME_YOK
[2026-09-09 16:16:02] Arron1 | tuzak kapısı nasıl yapılır arkadaşlar | enyakin=- puan=0 sebep=ESLESME_YOK
[2026-09-09 16:18:25] kyrosrfl | niye öldürdün annelerini | enyakin=- puan=0 sebep=ESLESME_YOK
[2026-09-09 16:20:53] iamjuba71 | oyunda stronghol var mi | enyakin=- puan=0 sebep=ESLESME_YOK
[2026-09-09 16:21:48] iamjuba71 | oyunda stronghol var mi? | enyakin=- puan=0 sebep=ESLESME_YOK
[2026-09-09 16:22:36] Hasanmc91 | elmas satan yok mu steak steak | enyakin=- puan=0 sebep=ESLESME_YOK
[2026-09-09 16:22:42] iamjuba71 | dünyada stronghold var mi? | enyakin=- puan=0 sebep=ESLESME_YOK
[2026-09-09 16:22:48] kyrosrfl | ip nası yapcam o ip | enyakin=sunucu-bilgi puan=1 sebep=SINYAL_ZAYIF
[2026-09-09 16:23:35] iamjuba71 | rehberler neden cevap vermiyo aga boşuna mı rehber secildiniz | enyakin=- puan=0 sebep=ESLESME_YOK
[2026-09-09 16:24:01] iamjuba71 | dünyada stronghold var mi? kısa ve öz bir sorum vardı 4 kere sordun | enyakin=- puan=0 sebep=ESLESME_YOK
[2026-09-09 16:26:16] Arron1 | tuzak kapısı nasıl yapılır arkadaşlar | enyakin=- puan=0 sebep=ESLESME_YOK
[2026-09-09 16:27:43] Swight | kaç istiyon | enyakin=- puan=0 sebep=ESLESME_YOK
[2026-09-09 16:28:01] Swight | hasan kaç istiyon | enyakin=- puan=0 sebep=ESLESME_YOK
[2026-09-09 16:28:24] Swight | hasan kaç istiyom | enyakin=- puan=0 sebep=ESLESME_YOK
[2026-09-09 16:30:33] iamjuba71 | endde ölen hangi arkadaş | enyakin=- puan=0 sebep=ESLESME_YOK
[2026-09-09 16:31:08] Hasanmc91 | yeter mi | enyakin=- puan=0 sebep=ESLESME_YOK
[2026-09-09 16:38:19] Arron1 | çan nasıl yapacağım | enyakin=- puan=0 sebep=ESLESME_YOK
[2026-09-09 16:45:43] RaconEmir | big kaç yün var toplam bana 50 tane lazım | enyakin=- puan=0 sebep=ESLESME_YOK
[2026-09-09 16:46:27] Hasanmc91 | 30 xp var mi | enyakin=- puan=0 sebep=ESLESME_YOK
[2026-09-09 16:47:05] iamjuba71 | tatlı orman meyvesi satacak var mı | enyakin=orman-gitme puan=1 sebep=SINYAL_ZAYIF
[2026-09-09 16:47:16] RaconEmir | yünler nerde | enyakin=- puan=0 sebep=ESLESME_YOK
[2026-09-09 16:47:27] iamjuba71 | tatlı orman meyvesi satacak var mı | enyakin=orman-gitme puan=1 sebep=SINYAL_ZAYIF
[2026-09-09 16:47:32] iamjuba71 | tatlı orman meyvesi satacak var mı aciil lazim | enyakin=orman-gitme puan=1 sebep=SINYAL_ZAYIF
[2026-09-09 16:48:09] Hasanmc91 | 30 xp var mi | enyakin=- puan=0 sebep=ESLESME_YOK
[2026-09-09 16:48:36] iamjuba71 | tatlı orman meyvesi satacak var mı aciil lazim | enyakin=orman-gitme puan=1 sebep=SINYAL_ZAYIF
[2026-09-09 16:49:29] Hasanmc91 | 30 xpin var mi | enyakin=- puan=0 sebep=ESLESME_YOK
[2026-09-09 16:52:25] OverLord | para atamıyorum neden | enyakin=para-kazanma puan=1 sebep=SINYAL_ZAYIF
[2026-09-09 16:53:53] RaconEmir | kaç elmas | enyakin=- puan=0 sebep=ESLESME_YOK
[2026-09-09 16:54:24] RaconEmir | over kaç elmasa verion | enyakin=- puan=0 sebep=ESLESME_YOK
[2026-09-09 16:55:20] OverLord | vallamı kimden | enyakin=- puan=0 sebep=ESLESME_YOK
[2026-09-09 16:57:18] BigGuitar804481 | peki kaç liraya alcan steak | enyakin=- puan=0 sebep=ESLESME_YOK
[2026-09-09 17:01:32] Ahmetenes256924 | buna kim vurdu | enyakin=- puan=0 sebep=ESLESME_YOK
[2026-09-09 17:01:36] Menemen_bambam | ark olcak varmı? | enyakin=- puan=0 sebep=ESLESME_YOK
[2026-09-09 17:01:58] BigGuitar804481 | yönetici baślangïç görevi neden gelmiyor | enyakin=gunluk-gorev puan=1 sebep=SINYAL_ZAYIF
[2026-09-09 17:02:58] kyrosrfl | kaç elmassa veririm | enyakin=- puan=0 sebep=ESLESME_YOK
[2026-09-09 17:04:34] maceswap | totem niye almadın eline :D | enyakin=- puan=0 sebep=ESLESME_YOK
[2026-09-09 17:06:23] iamjuba71 | end city var mı acaba | enyakin=end-gitme puan=1 sebep=SINYAL_ZAYIF
[2026-09-09 17:06:47] maceswap | vs mi atalım OverLord | enyakin=- puan=0 sebep=ESLESME_YOK
[2026-09-09 17:06:54] iamjuba71 | end city var mı | enyakin=end-gitme puan=1 sebep=SINYAL_ZAYIF
[2026-09-09 17:07:58] iamjuba71 | end city var mıııı | enyakin=end-gitme puan=1 sebep=SINYAL_ZAYIF
[2026-09-09 17:08:46] iamjuba71 | end city var mıı? | enyakin=end-gitme puan=1 sebep=SINYAL_ZAYIF
[2026-09-09 17:09:17] OverLord | knk fazla vurdum niye canın gitmiyo | enyakin=- puan=0 sebep=ESLESME_YOK
[2026-09-09 17:09:40] iamjuba71 | end city var mıı? | enyakin=end-gitme puan=1 sebep=SINYAL_ZAYIF
[2026-09-09 17:09:49] iamjuba71 | end city var mıı* | enyakin=end-gitme puan=1 sebep=SINYAL_ZAYIF
[2026-09-09 17:10:21] iamjuba71 | end city var mıı* | enyakin=end-gitme puan=1 sebep=SINYAL_ZAYIF
[2026-09-09 17:10:23] iamjuba71 | end city var mıı | enyakin=end-gitme puan=1 sebep=SINYAL_ZAYIF
[2026-09-09 17:10:26] iamjuba71 | end city var mıı | enyakin=end-gitme puan=1 sebep=SINYAL_ZAYIF
[2026-09-09 17:10:46] BEDROCKMAN01392 | kime tp atim | enyakin=isinlanma-istegi puan=1 sebep=SINYAL_ZAYIF
[2026-09-09 17:13:40] BEDROCKMAN01392 | sizde tp nasıl atılıyor | enyakin=isinlanma-istegi puan=1 sebep=SINYAL_ZAYIF
[2026-09-09 17:15:45] BEDROCKMAN01392 | şu kenardaki sunucu menüsü nasıl kapatılıyor | enyakin=menu puan=1 sebep=SINYAL_ZAYIF
[2026-09-09 17:16:41] BEDROCKMAN01392 | nasıl kapatılır | enyakin=- puan=0 sebep=ESLESME_YOK
[2026-09-09 17:17:14] BEDROCKMAN01392 | şu para filan yazan yeri nasıl kapatıoz | enyakin=para-kazanma puan=1 sebep=SINYAL_ZAYIF
[2026-09-09 17:22:06] Ali_kayra8287 | ne kadar yakışıklı siniz abiler | enyakin=- puan=0 sebep=ESLESME_YOK
[2026-09-09 17:22:08] OverLord | ali nasıl | enyakin=- puan=0 sebep=ESLESME_YOK
[2026-09-09 17:31:50] Ali_kayra8287 | kaç tane lazim | enyakin=- puan=0 sebep=ESLESME_YOK
[2026-09-09 17:39:53] Swight | kaç k istiyon | enyakin=- puan=0 sebep=ESLESME_YOK
[2026-09-09 17:40:40] maceswap | sorun neydi | enyakin=- puan=0 sebep=ESLESME_YOK
[2026-09-09 17:44:47] Swight | macewap abi 64 tane altının varmı varsa kaç istiyon | enyakin=- puan=0 sebep=ESLESME_YOK
[2026-09-09 17:45:34] Swight | macewap abi 64 tane altın satsana bana kaç istiyon | enyakin=- puan=0 sebep=ESLESME_YOK
[2026-09-09 17:46:21] 7redstrike | benim base i kim yaktı | enyakin=- puan=0 sebep=ESLESME_YOK
[2026-09-09 17:46:23] kyrosrfl | git dedim küfür falan mı ettim | enyakin=- puan=0 sebep=ESLESME_YOK
[2026-09-09 17:46:45] kyrosrfl | hayır ne yaptımda sorunun mu var diyon | enyakin=- puan=0 sebep=ESLESME_YOK
[2026-09-09 17:46:54] 7redstrike | benim base i kim yaktı ben eşyaları alın dedim | enyakin=- puan=0 sebep=ESLESME_YOK
[2026-09-09 17:49:23] 7redstrike | benim base i kim yaktı ben eşyaları alın dedim | enyakin=- puan=0 sebep=ESLESME_YOK
[2026-09-09 17:51:27] Swight | altını olan varmı ? | enyakin=- puan=0 sebep=ESLESME_YOK
[2026-09-09 17:51:40] iamjuba71 | end city var mı pls seri cevap | enyakin=end-gitme puan=1 sebep=SINYAL_ZAYIF
[2026-09-09 17:52:10] iamjuba71 | end city var mı pls seri cevap | enyakin=end-gitme puan=1 sebep=SINYAL_ZAYIF
[2026-09-09 17:52:11] 7redstrike | başka yok mu | enyakin=- puan=0 sebep=ESLESME_YOK
[2026-09-09 17:52:13] iamjuba71 | end city var mı | enyakin=end-gitme puan=1 sebep=SINYAL_ZAYIF
[2026-09-09 17:52:15] Swight | altın varmı 64 tane ? | enyakin=- puan=0 sebep=ESLESME_YOK
[2026-09-09 17:52:16] iamjuba71 | end city var mı agalar | enyakin=end-gitme puan=1 sebep=SINYAL_ZAYIF
[2026-09-09 17:52:20] MuratRTX | para atabilecek var mı allah rızası için | enyakin=para-kazanma puan=1 sebep=SINYAL_ZAYIF
[2026-09-09 17:53:25] xLaku | isteyene tpa atabilirim kesmeyecegine söz verirse? | enyakin=isinlanma-istegi puan=1 sebep=SINYAL_ZAYIF
[2026-09-09 17:54:31] ShinyDart7444 | bana demir verebilecek var mı pls | enyakin=- puan=0 sebep=ESLESME_YOK
[2026-09-09 17:54:47] Swight | kaç istiyon fiyat | enyakin=- puan=0 sebep=ESLESME_YOK
[2026-09-09 17:57:04] kyrosrfl | macesvap kaç tane kömür lazım | enyakin=- puan=0 sebep=ESLESME_YOK
[2026-09-09 17:58:57] ShinyDart7444 | kemiği olsan var mi | enyakin=- puan=0 sebep=ESLESME_YOK
[2026-09-09 17:59:20] maceswap | ne kadar | enyakin=- puan=0 sebep=ESLESME_YOK
[2026-09-09 17:59:27] ShinyDart7444 | mace kemik var mi | enyakin=- puan=0 sebep=ESLESME_YOK
[2026-09-09 17:59:37] maceswap | kim yaptı bunu | enyakin=- puan=0 sebep=ESLESME_YOK
[2026-09-09 18:00:28] kyrosrfl | kaç k gürz | enyakin=- puan=0 sebep=ESLESME_YOK
[2026-09-09 18:02:03] kyrosrfl | altın kime lazımdı | enyakin=- puan=0 sebep=ESLESME_YOK
[2026-09-09 18:03:28] ShinyDart7444 | nasi atiliyo | enyakin=- puan=0 sebep=ESLESME_YOK
[2026-09-09 18:06:52] kyrosrfl | kaç altın lazım | enyakin=- puan=0 sebep=ESLESME_YOK
[2026-09-09 18:06:55] kyrosrfl | kaç altın lazım | enyakin=- puan=0 sebep=ESLESME_YOK
[2026-09-09 18:08:58] ShinyDart7444 | valla mi | enyakin=- puan=0 sebep=ESLESME_YOK
[2026-09-09 18:09:16] ShinyDart7444 | benim mi oldu | enyakin=- puan=0 sebep=ESLESME_YOK
[2026-09-09 18:09:29] ShinyDart7444 | etmedim? | enyakin=- puan=0 sebep=ESLESME_YOK
[2026-09-09 18:09:34] ShinyDart7444 | etlerim? | enyakin=- puan=0 sebep=ESLESME_YOK
[2026-09-09 18:09:54] kyrosrfl | niye iptal ettin | enyakin=- puan=0 sebep=ESLESME_YOK
[2026-09-09 18:10:50] iamjuba71 | bu endcity kime cikiyo | enyakin=- puan=0 sebep=ESLESME_YOK
[2026-09-09 18:11:20] ShinyDart7444 | nasi acicam | enyakin=- puan=0 sebep=ESLESME_YOK
[2026-09-09 18:12:04] ShinyDart7444 | 7red nasi kasayj accam | enyakin=kasa puan=1 sebep=SINYAL_ZAYIF
[2026-09-09 18:12:15] egemen1559 | para nasıl atiliyodu | enyakin=para-kazanma puan=1 sebep=SINYAL_ZAYIF
[2026-09-09 18:12:45] egemen1559 | para nasıl atiliyo | enyakin=para-kazanma puan=1 sebep=SINYAL_ZAYIF
[2026-09-09 18:13:04] egemen1559 | para nasıl atiliyodu | enyakin=para-kazanma puan=1 sebep=SINYAL_ZAYIF
[2026-09-09 18:13:12] iamjuba71 | aga neden endcity cikmio | enyakin=- puan=0 sebep=ESLESME_YOK
[2026-09-09 18:13:37] egemen1559 | arkadaşlar para nasıl atiliyodu | enyakin=para-kazanma puan=1 sebep=SINYAL_ZAYIF
[2026-09-09 18:14:23] ShinyDart7444 | back atma var mi | enyakin=- puan=0 sebep=ESLESME_YOK
[2026-09-09 18:18:18] Serkan_3793 | ya nasıl /ahha nasıl eşya ekleniyor | enyakin=- puan=0 sebep=ESLESME_YOK
[2026-09-09 18:20:24] kyrosrfl | spawnner mi | enyakin=spawn-warp puan=1 sebep=SINYAL_ZAYIF
[2026-09-09 18:21:03] Thandry | ya beni öldürürsen? | enyakin=- puan=0 sebep=ESLESME_YOK
[2026-09-09 18:25:25] ShinyDart7444 | odun alabiliyoz mu | enyakin=- puan=0 sebep=ESLESME_YOK
[2026-09-09 18:35:29] kyrosrfl | hiçbirini mi | enyakin=- puan=0 sebep=ESLESME_YOK
[2026-09-09 18:37:01] LakuWasTaken | da ne özrü_? | enyakin=- puan=0 sebep=ESLESME_YOK
[2026-09-09 18:38:53] iamjuba71 | bir kaç bir şey daha vardi | enyakin=- puan=0 sebep=ESLESME_YOK
[2026-09-09 18:47:44] Ali_kayra8287 | kim denk degil | enyakin=- puan=0 sebep=ESLESME_YOK
[2026-09-09 18:48:05] HASAN | sizin yanınıza nasıl gwlecem | enyakin=- puan=0 sebep=ESLESME_YOK
[2026-09-09 18:54:12] HASAN | beyler normal serbest sunucu var mı | enyakin=- puan=0 sebep=ESLESME_YOK
[2026-09-09 18:55:33] LakuWasTaken | lan nasılll | enyakin=- puan=0 sebep=ESLESME_YOK
[2026-09-09 18:59:56] Swight | ya nası rahatsızım | enyakin=- puan=0 sebep=ESLESME_YOK
[2026-09-09 19:05:43] iamjuba71 | endde ki bütün elytraları aldınız mı la | enyakin=- puan=0 sebep=ESLESME_YOK
[2026-09-09 19:08:37] iamjuba71 | endde basesi olan var mı | enyakin=- puan=0 sebep=ESLESME_YOK
[2026-09-09 19:10:48] Serkan_3793 | yumruk vs kim var eglencesine | enyakin=- puan=0 sebep=ESLESME_YOK
[2026-09-09 19:11:35] OverLord | mace sizin ekibi kim kurdu | enyakin=- puan=0 sebep=ESLESME_YOK
[2026-09-09 19:12:10] HASAN | nereye geleceğim | enyakin=- puan=0 sebep=ESLESME_YOK
[2026-09-09 19:14:08] Pantolonumyoktu | abi kasa nerden açılıyo | enyakin=kasa puan=1 sebep=SINYAL_ZAYIF
[2026-09-09 19:14:33] HASAN | saol abi sunucudan cıkarsak nası gerı gelicex | enyakin=- puan=0 sebep=ESLESME_YOK
[2026-09-09 19:15:14] OverLord | nasıl oldun | enyakin=- puan=0 sebep=ESLESME_YOK
[2026-09-09 19:15:25] OverLord | nasıl kastın | enyakin=- puan=0 sebep=ESLESME_YOK
[2026-09-09 19:16:08] OverLord | setin nerde | enyakin=- puan=0 sebep=ESLESME_YOK
[2026-09-09 19:17:33] OverLord | e 2 milyon nası kastın | enyakin=- puan=0 sebep=ESLESME_YOK
[2026-09-09 19:18:05] Serkan_3793 | yumruk vs kim setsiz | enyakin=- puan=0 sebep=ESLESME_YOK
[2026-09-09 19:18:47] OverLord | ./sell mi | enyakin=esya-satma puan=1 sebep=SINYAL_ZAYIF
[2026-09-09 19:18:55] BigGuitar804481 | rehber yeniyimde event kasasï değilde diger sandıklar nasıl açılır | enyakin=kasa puan=1 sebep=SINYAL_ZAYIF
[2026-09-09 19:19:46] OverLord | Ahmet nası kastın | enyakin=- puan=0 sebep=ESLESME_YOK
[2026-09-09 19:20:20] HASAN | ark nasıl eklencez | enyakin=- puan=0 sebep=ESLESME_YOK
[2026-09-09 19:20:40] HASAN | arkadas nasıl eklencez | enyakin=- puan=0 sebep=ESLESME_YOK
[2026-09-09 19:25:36] OverLord | ahmet nasıl 1 zümrüt bedne 22 | enyakin=- puan=0 sebep=ESLESME_YOK
[2026-09-09 19:27:32] OverLord | bende neden 20 zümrüt | enyakin=- puan=0 sebep=ESLESME_YOK
[2026-09-09 19:28:09] Serkan_3793 | bna biri tp atabilir mi | enyakin=isinlanma-istegi puan=1 sebep=SINYAL_ZAYIF
[2026-09-09 19:28:29] Thandry | biri bana 10 obsidyen ve çakmaktaşı satabilir mi nether çatısında kaldım | enyakin=nether-gitme puan=1 sebep=SINYAL_ZAYIF
[2026-09-09 19:34:13] OverLord | kac tane var | enyakin=- puan=0 sebep=ESLESME_YOK
[2026-09-09 19:34:51] Hasanmc91 | nasil bilem | enyakin=- puan=0 sebep=ESLESME_YOK
[2026-09-09 19:37:21] kyrosrfl | ya abi nerde bu sp ler | enyakin=- puan=0 sebep=ESLESME_YOK
[2026-09-09 19:38:02] kyrosrfl | kaç elmas lazım | enyakin=- puan=0 sebep=ESLESME_YOK
[2026-09-09 19:38:24] kyrosrfl | ahmetenes25624 kaç tane lazım | enyakin=- puan=0 sebep=ESLESME_YOK
[2026-09-09 19:39:13] OverLord | kac kalp | enyakin=- puan=0 sebep=ESLESME_YOK
[2026-09-09 19:39:58] bosluk1 | para nası kastın bende kascam | enyakin=para-kazanma puan=1 sebep=SINYAL_ZAYIF
[2026-09-09 19:40:02] OverLord | bak nası IEPGDHSDFE | enyakin=- puan=0 sebep=ESLESME_YOK
[2026-09-09 19:40:29] kyrosrfl | nası koycam | enyakin=- puan=0 sebep=ESLESME_YOK
[2026-09-09 19:41:08] OverLord | nası deil | enyakin=- puan=0 sebep=ESLESME_YOK
[2026-09-09 19:43:34] bosluk1 | nası para kastın ya | enyakin=para-kazanma puan=1 sebep=SINYAL_ZAYIF
[2026-09-09 19:43:50] kyrosrfl | hasan alcan mı 14 zümrüt var | enyakin=- puan=0 sebep=ESLESME_YOK
[2026-09-09 19:44:57] EnsignSign31409 | beyler bu aha eşya koymak istiyom ama fiyat sorun cikariyo onu nasıl yapicam | enyakin=- puan=0 sebep=ESLESME_YOK
[2026-09-09 19:45:50] maceswap | kaç tane var | enyakin=- puan=0 sebep=ESLESME_YOK
[2026-09-09 19:45:58] maceswap | ne kadar | enyakin=- puan=0 sebep=ESLESME_YOK
[2026-09-09 19:46:06] kyrosrfl | piyasası ne kadar bu zümrütün | enyakin=- puan=0 sebep=ESLESME_YOK
[2026-09-09 19:49:16] kyrosrfl | beyler benım ah view atsanıza fiyatlar nasıl | enyakin=acik-artirma puan=1 sebep=SINYAL_ZAYIF
[2026-09-09 19:51:49] kyrosrfl | kullan ama nasıl güvencem | enyakin=- puan=0 sebep=ESLESME_YOK
[2026-09-09 19:52:52] Haliko | Serkan_3793 sende boş harita ver eşya cercivesi var mı | enyakin=- puan=0 sebep=ESLESME_YOK
[2026-09-09 19:54:13] bosluk1 | ne kadar istersin | enyakin=- puan=0 sebep=ESLESME_YOK
[2026-09-09 19:54:18] kyrosrfl | sen kaç verirsin | enyakin=- puan=0 sebep=ESLESME_YOK
[2026-09-09 19:54:32] bosluk1 | aga nası bi balta traden göster | enyakin=- puan=0 sebep=ESLESME_YOK
[2026-09-09 19:55:06] kyrosrfl | nası bascam v4 v5 | enyakin=- puan=0 sebep=ESLESME_YOK
[2026-09-09 19:56:35] OverLord | onarım kac zümrüt | enyakin=- puan=0 sebep=ESLESME_YOK
[2026-09-09 19:57:07] maceswap | sana kaçtan veriyor | enyakin=- puan=0 sebep=ESLESME_YOK
[2026-09-09 19:57:27] OverLord | onu nası yaptın | enyakin=- puan=0 sebep=ESLESME_YOK
[2026-09-09 20:00:51] AyiBogan064 | rehber 10dk önce dünya komple dondu bende çıktım sonra girdiğimde tüm eşyalarım yoktu spamwdaydım internetim de iyi sunucuyla mı ilgili benim cihazlamai | enyakin=- puan=0 sebep=ESLESME_YOK
[2026-09-09 20:02:48] ItzRealMusty | 10 olir mi | enyakin=- puan=0 sebep=ESLESME_YOK
[2026-09-09 20:03:01] ItzRealMusty | kaç bekliyorudn | enyakin=- puan=0 sebep=ESLESME_YOK
[2026-09-09 20:04:13] Haliko | sende boş harita var mı | enyakin=- puan=0 sebep=ESLESME_YOK
[2026-09-09 20:12:11] Serkan_3793 | memo net setin nerede | enyakin=- puan=0 sebep=ESLESME_YOK
[2026-09-09 20:13:59] xWith | kim konusuo olm | enyakin=- puan=0 sebep=ESLESME_YOK
[2026-09-09 20:15:06] OverLord | Ahmet ne zaman yenileir | enyakin=- puan=0 sebep=ESLESME_YOK
[2026-09-09 20:15:32] kyrosrfl | az degıl mı 10k | enyakin=- puan=0 sebep=ESLESME_YOK
[2026-09-09 20:15:56] OverLord | serkan baya verdim ya sana ? | enyakin=- puan=0 sebep=ESLESME_YOK
[2026-09-09 20:19:20] Talla6161 | arkadaşlar kasa yeri nerede | enyakin=kasa puan=1 sebep=SINYAL_ZAYIF
[2026-09-09 20:27:27] Talla6161 | birlikte gelişelim mi | enyakin=- puan=0 sebep=ESLESME_YOK
[2026-09-09 20:29:17] maceswap | ne kadar var AyiBogan064 | enyakin=- puan=0 sebep=ESLESME_YOK
[2026-09-09 20:29:22] devranbab | gece görüşü var mı | enyakin=- puan=0 sebep=ESLESME_YOK
[2026-09-09 20:30:34] Talla6161 | para kasılalım mı | enyakin=para-kazanma puan=1 sebep=SINYAL_ZAYIF
[2026-09-09 20:35:20] OverLord | 39 kitap atıyım kac tamir hazırlarıdın | enyakin=- puan=0 sebep=ESLESME_YOK
[2026-09-09 20:36:02] devranbab | demir set vermedi oyun?? | enyakin=- puan=0 sebep=ESLESME_YOK
[2026-09-09 20:36:23] ItzRealMusty | zümrüt alacak? | enyakin=- puan=0 sebep=ESLESME_YOK
[2026-09-09 20:39:22] ItzRealMusty | ağır çekirdek satiyon mu | enyakin=- puan=0 sebep=ESLESME_YOK
[2026-09-09 20:40:39] memo1234868 | net setin mi vardı | enyakin=- puan=0 sebep=ESLESME_YOK
[2026-09-09 20:41:19] Hasanmc91 | kac tane elmas var | enyakin=- puan=0 sebep=ESLESME_YOK
[2026-09-09 20:41:23] kyrosrfl | kaç lazım sana | enyakin=- puan=0 sebep=ESLESME_YOK
[2026-09-09 20:44:42] kyrosrfl | 2 stok 70 mi neeeeyyy | enyakin=- puan=0 sebep=ESLESME_YOK
[2026-09-09 20:44:53] Hasanmc91 | nasil ney daha yeni 30 aldim | enyakin=- puan=0 sebep=ESLESME_YOK
[2026-09-09 20:48:38] Nosstalgia_ | yumruk vs atak mı | enyakin=- puan=0 sebep=ESLESME_YOK
[2026-09-09 20:49:13] xWith | acaba nası | enyakin=- puan=0 sebep=ESLESME_YOK
[2026-09-09 20:50:04] aras31esmer | ben ben mi yeni başlamış biriyim | enyakin=- puan=0 sebep=ESLESME_YOK
[2026-09-09 20:52:22] OverLord | 20 kitapa kac tamir | enyakin=- puan=0 sebep=ESLESME_YOK
[2026-09-09 20:52:23] aras31esmer | voice chati olan varmo nasıl açılıyo | enyakin=- puan=0 sebep=ESLESME_YOK
[2026-09-09 20:53:02] OverLord | ne kadar tamir | enyakin=- puan=0 sebep=ESLESME_YOK
[2026-09-09 20:55:42] OverLord | ahmet 100 kitap atım kac tamir | enyakin=- puan=0 sebep=ESLESME_YOK
[2026-09-09 20:56:09] bosluk1 | 2st kitapa kaç tamir verirsin | enyakin=- puan=0 sebep=ESLESME_YOK
[2026-09-09 20:56:57] bosluk1 | kaç onarım verirsin | enyakin=- puan=0 sebep=ESLESME_YOK
[2026-09-09 20:57:30] Nosstalgia_ | korktun mu | enyakin=- puan=0 sebep=ESLESME_YOK
[2026-09-09 20:58:48] bosluk1 | 2st kitapa kaç tamir olur | enyakin=- puan=0 sebep=ESLESME_YOK
[2026-09-09 21:00:46] domuzumm31 | over kilicim nerede | enyakin=- puan=0 sebep=ESLESME_YOK
[2026-09-09 21:02:52] OverLord | ahmet 45 tamir nerde | enyakin=- puan=0 sebep=ESLESME_YOK
[2026-09-09 21:04:49] Hasanmc91 | sezon sistemi var mi | enyakin=- puan=0 sebep=ESLESME_YOK
[2026-09-09 21:04:50] maceswap | nası sende değil | enyakin=- puan=0 sebep=ESLESME_YOK
[2026-09-09 21:05:36] Hasanmc91 | kac ayda 1 | enyakin=- puan=0 sebep=ESLESME_YOK
[2026-09-09 21:07:22] kyrosrfl | demir golem mi | enyakin=- puan=0 sebep=ESLESME_YOK
[2026-09-09 21:08:49] OverLord | kyros nasıl ? | enyakin=- puan=0 sebep=ESLESME_YOK
[2026-09-09 21:14:54] OverLord | mace ne kadar vardı | enyakin=- puan=0 sebep=ESLESME_YOK
[2026-09-09 21:15:51] NextRisen | servet 3 büyüsü var mı | enyakin=buyu-masasi puan=1 sebep=SINYAL_ZAYIF
[2026-09-09 21:18:23] Ahmetenes256924 | ben niye duruk yere sana yalan söylim | enyakin=- puan=0 sebep=ESLESME_YOK
[2026-09-09 21:22:16] Ali_kayra8287 | kum nasıl kazacam ben | enyakin=- puan=0 sebep=ESLESME_YOK
[2026-09-09 21:22:43] iamjuba71 | aga malzemelrim nasıl kayboldu ya | enyakin=- puan=0 sebep=ESLESME_YOK
[2026-09-09 21:26:08] iamjuba71 | ee ben simdi sunucunun yüzünden öldüm nasıl olcak o | enyakin=- puan=0 sebep=ESLESME_YOK
[2026-09-09 21:37:51] ItzRealMusty | nasıl yaptın la | enyakin=- puan=0 sebep=ESLESME_YOK
[2026-09-09 21:39:14] Nosstalgia_ | atmican mı ahmet | enyakin=- puan=0 sebep=ESLESME_YOK
[2026-09-09 21:41:58] Serkan_3793 | taltla niye kestin o kardesimdiiii | enyakin=- puan=0 sebep=ESLESME_YOK
[2026-09-09 21:42:13] AyiBogan064 | ben mağrsda buldiğim spawnneri alabiliyom mu | enyakin=spawn-warp puan=1 sebep=SINYAL_ZAYIF
[2026-09-09 21:43:23] Talla6161 | knk elmas buldun mu | enyakin=- puan=0 sebep=ESLESME_YOK
[2026-09-09 21:44:32] nikolo | tapa atsam to lermsın? | enyakin=- puan=0 sebep=ESLESME_YOK
[2026-09-09 21:46:01] nikolo | ben blok kramıom? | enyakin=- puan=0 sebep=ESLESME_YOK
[2026-09-09 21:48:48] adala7 | neden kızsın | enyakin=- puan=0 sebep=ESLESME_YOK
[2026-09-09 21:52:06] Nosstalgia_ | nereye gidion ya | enyakin=- puan=0 sebep=ESLESME_YOK
[2026-09-09 21:52:08] Dexter97401 | ee beyler ben biraz acemiyimde nası eşya sata bilirim | enyakin=- puan=0 sebep=ESLESME_YOK
[2026-09-09 21:54:13] nikolo | alı dıomkı 1000 tlem var ne verırsın? tpa atcam konuçak | enyakin=isinlanma-istegi puan=1 sebep=SINYAL_ZAYIF
[2026-09-09 21:58:03] ItzRealMusty | iki tane mi vardk | enyakin=- puan=0 sebep=ESLESME_YOK
[2026-09-09 21:58:40] nikolo | 500k atarmsın? | enyakin=- puan=0 sebep=ESLESME_YOK
[2026-09-09 22:00:18] Nosstalgia_ | kasılıp gelişiyon sonra spawnda vs atcak var mı diye dileniyon | enyakin=spawn-warp puan=1 sebep=SINYAL_ZAYIF
[2026-09-09 22:01:07] AyiBogan064 | odun var mı adala | enyakin=- puan=0 sebep=ESLESME_YOK
[2026-09-09 22:02:52] maceswap | nasıl o kadar hızlı totem aldın onu anlamadım | enyakin=- puan=0 sebep=ESLESME_YOK
[2026-09-09 22:03:09] maceswap | totem mi dayanır ona | enyakin=- puan=0 sebep=ESLESME_YOK
[2026-09-09 22:03:52] maceswap | kaç totemle girdin vs | enyakin=- puan=0 sebep=ESLESME_YOK
[2026-09-09 22:05:07] ItzRealMusty | zoglin nasıl nether canlısı saylimaz ya | enyakin=nether-gitme puan=1 sebep=SINYAL_ZAYIF
[2026-09-09 22:05:31] Ali_kayra8287 | kaç dk dir diyomki 8 antik kalintiya ne item verirsin diyom abim | enyakin=- puan=0 sebep=ESLESME_YOK
[2026-09-09 22:08:16] AyiBogan064 | kaç veirsin | enyakin=- puan=0 sebep=ESLESME_YOK
[2026-09-09 22:08:23] ItzRealMusty | kim netherda oldu lavda | enyakin=nether-gitme puan=1 sebep=SINYAL_ZAYIF
[2026-09-09 22:09:48] 1uswd | kim bütün esyalarımı ister? | enyakin=- puan=0 sebep=ESLESME_YOK
[2026-09-09 22:12:51] Dexter97401 | ayi boğan abi seni uğraştıryorum ama ban tp lanip öğrtirmisn nasıl yapıldığını | enyakin=isinlanma-istegi puan=1 sebep=SINYAL_ZAYIF
[2026-09-09 22:13:54] Dexter97401 | yaw event kasası nasıl çalışıyor | enyakin=kasa puan=1 sebep=SINYAL_ZAYIF
[2026-09-09 22:26:02] Nosstalgia_ | gürzü mü bıraktın | enyakin=- puan=0 sebep=ESLESME_YOK
[2026-09-09 22:27:30] Nosstalgia_ | ciddi mi diyon maceswap | enyakin=- puan=0 sebep=ESLESME_YOK
[2026-09-09 22:27:59] Skyler | nereye yapalım | enyakin=- puan=0 sebep=ESLESME_YOK
[2026-09-09 22:35:21] Ali_kayra8287 | bak adam elmas set oldu diye ne kadar seviniyor | enyakin=- puan=0 sebep=ESLESME_YOK
[2026-09-09 22:39:55] Nosstalgia_ | Ali_kayra8287 vs atak mı | enyakin=- puan=0 sebep=ESLESME_YOK
[2026-09-09 22:41:14] Ali_kayra8287 | tpa kime atabiliyim | enyakin=isinlanma-istegi puan=1 sebep=SINYAL_ZAYIF
[2026-09-09 22:42:27] Ali_kayra8287 | kime TP atabilirim | enyakin=isinlanma-istegi puan=1 sebep=SINYAL_ZAYIF
[2026-09-09 22:47:29] OverLord | 32 tamir kitabım nerde | enyakin=- puan=0 sebep=ESLESME_YOK
[2026-09-09 22:49:07] OverLord | nası o kadar para kastın | enyakin=para-kazanma puan=1 sebep=SINYAL_ZAYIF
[2026-09-09 22:49:22] theselim | knk nerde oldun | enyakin=- puan=0 sebep=ESLESME_YOK
[2026-09-09 22:49:35] akifmeiet | nasil atioz | enyakin=- puan=0 sebep=ESLESME_YOK
[2026-09-09 22:50:11] akifmeiet | nasıl tp atioz | enyakin=isinlanma-istegi puan=1 sebep=SINYAL_ZAYIF
[2026-09-09 22:52:05] maceswap | onarımlar nerde | enyakin=- puan=0 sebep=ESLESME_YOK
[2026-09-09 22:52:48] YusufStyle | talla kaç tane lazım | enyakin=- puan=0 sebep=ESLESME_YOK
[2026-09-09 22:52:55] OverLord | bendede eksik ??? | enyakin=- puan=0 sebep=ESLESME_YOK
[2026-09-09 22:53:07] Talla6161 | kaç lira tane ne kada varsa | enyakin=- puan=0 sebep=ESLESME_YOK
[2026-09-09 22:54:05] Talla6161 | bir buçuk steki olur mu 13.000 | enyakin=- puan=0 sebep=ESLESME_YOK
[2026-09-09 22:54:44] Talla6161 | 5 tane Elmas Cevheri lazım ilk kim verirse 13k veririm | enyakin=- puan=0 sebep=ESLESME_YOK
[2026-09-09 22:55:33] OverLord | back ne zaman geldi | enyakin=- puan=0 sebep=ESLESME_YOK
[2026-09-09 22:56:11] Dexter97401 | yaw eşya satmak için hangi komutu kulancam | enyakin=esya-satma puan=1 sebep=SINYAL_ZAYIF
[2026-09-09 22:56:56] Dexter97401 | eşya satmak için hangi komut | enyakin=esya-satma puan=1 sebep=SINYAL_ZAYIF
[2026-09-09 22:57:34] maceswap | kim kimi keserse | enyakin=- puan=0 sebep=ESLESME_YOK
[2026-09-09 23:00:57] YusufStyle | madene mi gidek diyon | enyakin=- puan=0 sebep=ESLESME_YOK
[2026-09-09 23:04:58] OverLord | apathy mace vreim vs atın ? | enyakin=- puan=0 sebep=ESLESME_YOK
[2026-09-09 23:09:08] Talla6161 | gast eyeri kaç k'ya satarsiniz | enyakin=- puan=0 sebep=ESLESME_YOK
[2026-09-09 23:09:39] SaTaha | setimi kim aldı | enyakin=- puan=0 sebep=ESLESME_YOK
[2026-09-09 23:10:25] maceswap | benim baltam nerde yaw | enyakin=- puan=0 sebep=ESLESME_YOK
[2026-09-09 23:12:22] Cilonog | team olacak var mı şimdi başladım vc var | enyakin=takim puan=1 sebep=SINYAL_ZAYIF
[2026-09-09 23:12:56] Cilonog | team olacak var mı şimdi başladım vc var | enyakin=takim puan=1 sebep=SINYAL_ZAYIF
[2026-09-09 23:13:15] SaTaha | net set ortalama fiyat nedir | enyakin=- puan=0 sebep=ESLESME_YOK
[2026-09-09 23:14:04] Cilonog | team olacak var mı şimdi başladım vc var | enyakin=takim puan=1 sebep=SINYAL_ZAYIF
[2026-09-09 23:14:44] Skyler | bu diğey warp keyler nasıl alınıo | enyakin=spawn-warp puan=1 sebep=SINYAL_ZAYIF
[2026-09-09 23:15:10] Cilonog | team olcak yok mu harbi | enyakin=takim puan=1 sebep=SINYAL_ZAYIF
[2026-09-09 23:16:03] Cilonog | team olcak yok mu valla çok işinize yararım | enyakin=takim puan=1 sebep=SINYAL_ZAYIF
[2026-09-09 23:16:59] Cilonog | loot verebilecek var mı | enyakin=- puan=0 sebep=ESLESME_YOK
[2026-09-09 23:17:33] Cilonog | t/back diye bişey yok mu | enyakin=- puan=0 sebep=ESLESME_YOK
[2026-09-09 23:17:36] Skyler | can ı come;? | enyakin=- puan=0 sebep=ESLESME_YOK
[2026-09-09 23:17:51] Cilonog | loot verecek var mı | enyakin=- puan=0 sebep=ESLESME_YOK
[2026-09-09 23:18:16] Cilonog | team olacak bir ada myok mu vc var | enyakin=takim puan=1 sebep=SINYAL_ZAYIF
[2026-09-09 23:19:02] Cilonog | eşya verecek var mı | enyakin=- puan=0 sebep=ESLESME_YOK
[2026-09-09 23:20:38] sevo_16 | team olcak? | enyakin=takim puan=1 sebep=SINYAL_ZAYIF
[2026-09-09 23:22:28] Cilonog | team olcak yok mu valla çok işinize yararım | enyakin=takim puan=1 sebep=SINYAL_ZAYIF
[2026-09-09 23:22:48] MAZIFIR | nasıl VIP oluyoz | enyakin=vip-rutbe puan=1 sebep=SINYAL_ZAYIF
[2026-09-09 23:23:30] bosluk1 | kim var baska | enyakin=- puan=0 sebep=ESLESME_YOK
[2026-09-09 23:24:15] Talla6161 | İngiliz mi | enyakin=- puan=0 sebep=ESLESME_YOK
[2026-09-09 23:24:37] Anume4613 | sevo nereye gittin | enyakin=- puan=0 sebep=ESLESME_YOK
[2026-09-09 23:24:45] Cilonog | Allah rızası için team olacak yok mu ya | enyakin=takim puan=1 sebep=SINYAL_ZAYIF
[2026-09-09 23:25:14] BatuStyle | overload normlai 35 bin 5 b kaar mi ekde etmek istiyom | enyakin=- puan=0 sebep=ESLESME_YOK
[2026-09-09 23:25:14] OverLord | adham neden ? | enyakin=- puan=0 sebep=ESLESME_YOK
[2026-09-09 23:27:00] Anume4613 | ne kadar oldu | enyakin=- puan=0 sebep=ESLESME_YOK
[2026-09-09 23:27:05] Cilonog | e normal olmuyor mu team | enyakin=takim puan=1 sebep=SINYAL_ZAYIF
[2026-09-09 23:27:12] Cilonog | bi fotoğraf çekelim mi | enyakin=- puan=0 sebep=ESLESME_YOK
[2026-09-09 23:28:23] Cilonog | bişey dicem de kız olan var mı sevo_16 veya Anume4613 | enyakin=- puan=0 sebep=ESLESME_YOK
[2026-09-09 23:29:27] Anume4613 | niye olmuyo | enyakin=- puan=0 sebep=ESLESME_YOK
[2026-09-09 23:30:03] OverLord | o nası oldu :) | enyakin=- puan=0 sebep=ESLESME_YOK
[2026-09-09 23:30:14] Cilonog | sevo_16 ve Anume4613 voice chatiniz var mı | enyakin=- puan=0 sebep=ESLESME_YOK
[2026-09-09 23:30:23] Anume4613 | takima davet nasil oluyo yönetici abi | enyakin=takim puan=1 sebep=SINYAL_ZAYIF
[2026-09-09 23:30:41] YusufStyle | kılıcını mı yapı m kazmanı mı | enyakin=- puan=0 sebep=ESLESME_YOK
[2026-09-09 23:31:47] sevo_16 | hadi gelin base yapak ama önce kasılak? | enyakin=- puan=0 sebep=ESLESME_YOK
[2026-09-09 23:34:32] Cilonog | team e nasıl davet ediyoru | enyakin=takim puan=1 sebep=SINYAL_ZAYIF
[2026-09-09 23:35:39] Anume4613 | cilong hangi takimdasin s3n | enyakin=takim puan=1 sebep=SINYAL_ZAYIF
[2026-09-09 23:36:18] Anume4613 | siz hangi takimdaisniz la | enyakin=takim puan=1 sebep=SINYAL_ZAYIF
[2026-09-09 23:40:17] Cilonog | sevo_16 niye ayrıldın | enyakin=- puan=0 sebep=ESLESME_YOK
[2026-09-09 23:41:12] Cilonog | kim kabul etti | enyakin=- puan=0 sebep=ESLESME_YOK
[2026-09-09 23:41:19] Cilonog | tp yi kim kabul ettş | enyakin=isinlanma-istegi puan=1 sebep=SINYAL_ZAYIF
[2026-09-09 23:41:35] Cilonog | sizi öldürdü mü | enyakin=- puan=0 sebep=ESLESME_YOK
[2026-09-09 23:41:55] Anume4613 | nasi geldi | enyakin=- puan=0 sebep=ESLESME_YOK
[2026-09-09 23:43:32] bosluk1 | kactan alıon | enyakin=- puan=0 sebep=ESLESME_YOK
[2026-09-09 23:43:33] bosluk1 | kactan alıon | enyakin=- puan=0 sebep=ESLESME_YOK
[2026-09-09 23:44:33] Dexter97401 | nası ilk cilinog | enyakin=- puan=0 sebep=ESLESME_YOK
[2026-09-09 23:45:30] Cilonog | ray aalcak var mı | enyakin=- puan=0 sebep=ESLESME_YOK
[2026-09-09 23:49:11] BatuStyle | aqa o nerden bulunuyo ki | enyakin=- puan=0 sebep=ESLESME_YOK
[2026-09-09 23:53:13] sevo_16 | gel pvp? | enyakin=savas-etiketi puan=1 sebep=SINYAL_ZAYIF
[2026-09-10 00:09:53] BigGuitar804481 | beyler end kim öldü eşyalarani verim | enyakin=end-gitme puan=1 sebep=SINYAL_ZAYIF
[2026-09-10 00:10:29] Dexter97401 | ben dünyadan end nası heçem | enyakin=end-gitme puan=1 sebep=SINYAL_ZAYIF
[2026-09-10 00:11:24] ShinyDart7444 | event kasası nasıl aciliyo | enyakin=kasa puan=1 sebep=SINYAL_ZAYIF
[2026-09-10 00:15:00] KadirHB | Ali_kayra8287 ? | enyakin=- puan=0 sebep=ESLESME_YOK
[2026-09-10 00:15:03] KadirHB | ShinyDart7444 ? | enyakin=- puan=0 sebep=ESLESME_YOK
[2026-09-10 00:15:38] KadirHB | hangi başarı kardeşim | enyakin=- puan=0 sebep=ESLESME_YOK
[2026-09-10 00:23:15] ShinyDart7444 | köy var mı yakininda | enyakin=- puan=0 sebep=ESLESME_YOK
[2026-09-10 00:27:02] Dexter97401 | nası istek atıyoz | enyakin=- puan=0 sebep=ESLESME_YOK
[2026-09-10 00:29:34] Serkan_3793 | shaderle gircem nasi olur | enyakin=- puan=0 sebep=ESLESME_YOK
[2026-09-10 00:31:23] ShinyDart7444 | kömür verecek var mi | enyakin=- puan=0 sebep=ESLESME_YOK
[2026-09-10 00:31:32] Dexter97401 | knk takım olak mı | enyakin=takim puan=1 sebep=SINYAL_ZAYIF
[2026-09-10 00:37:56] ReflexBey | kac saatir durmadı, | enyakin=- puan=0 sebep=ESLESME_YOK
[2026-09-10 00:39:12] KadirHB | yaş kaç BigGuitar804481 | enyakin=- puan=0 sebep=ESLESME_YOK
[2026-09-10 00:39:36] KadirHB | almayı mı düşünüyorsun | enyakin=- puan=0 sebep=ESLESME_YOK
[2026-09-10 00:41:52] ShinyDart7444 | normal dünyaya nasi doncez | enyakin=- puan=0 sebep=ESLESME_YOK
[2026-09-10 00:52:10] ReflexBey | yas kac senın Kudrateyn | enyakin=- puan=0 sebep=ESLESME_YOK
[2026-09-10 00:52:15] kyrosrfl | farm mı yapsak | enyakin=en-iyi-farm puan=1 sebep=SINYAL_ZAYIF
[2026-09-10 00:57:57] ShinyDart7444 | birazcık elmas var mi | enyakin=- puan=0 sebep=ESLESME_YOK
[2026-09-10 00:58:14] bosluk1 | ah dan mı | enyakin=acik-artirma puan=1 sebep=SINYAL_ZAYIF
[2026-09-10 00:58:36] OverLord | tamşr ne kadar | enyakin=- puan=0 sebep=ESLESME_YOK
[2026-09-10 01:14:56] KadirHB | tüh kim kazandı | enyakin=- puan=0 sebep=ESLESME_YOK
[2026-09-10 01:18:22] Anume4613 | yer altına ekilen ekinler büyüyor değilmi? | enyakin=buyu-masasi puan=1 sebep=SINYAL_ZAYIF
[2026-09-10 01:20:28] Kudrateyn | shiny yaş kaç | enyakin=- puan=0 sebep=ESLESME_YOK
[2026-09-10 01:20:33] OverLord | shiny zsn ne zaman geldin | enyakin=- puan=0 sebep=ESLESME_YOK
[2026-09-10 01:21:06] ItzRealMusty | over sen ne zaman geldin | enyakin=- puan=0 sebep=ESLESME_YOK
[2026-09-10 01:22:14] ItzRealMusty | nasıl la | enyakin=- puan=0 sebep=ESLESME_YOK
[2026-09-10 01:22:54] ShinyDart7444 | kaç dk var | enyakin=- puan=0 sebep=ESLESME_YOK
[2026-09-10 01:25:38] ItzRealMusty | nasıl ne yapıyormuş soylemiuordu | enyakin=- puan=0 sebep=ESLESME_YOK
[2026-09-10 01:26:43] Kudrateyn | nasıl yani kitap alıp satmak yasakmı | enyakin=esya-satma puan=1 sebep=SINYAL_ZAYIF
[2026-09-10 01:28:32] Anume4613 | simdi verebilirmisin? | enyakin=- puan=0 sebep=ESLESME_YOK
[2026-09-10 01:29:56] ItzRealMusty | ulan tamiri ne kadar fazla alıyorlar ya | enyakin=- puan=0 sebep=ESLESME_YOK
[2026-09-10 01:30:47] ItzRealMusty | nasıl sellde büyü kitabı satılmıyor sanki | enyakin=esya-satma puan=1 sebep=SINYAL_ZAYIF
[2026-09-10 01:30:50] OverLord | 10 st mi sattın | enyakin=- puan=0 sebep=ESLESME_YOK
[2026-09-10 01:35:50] Anume4613 | sunucunun randomtickspeed i kaç? | enyakin=- puan=0 sebep=ESLESME_YOK
[2026-09-10 01:35:54] ItzRealMusty | trap mi gerçek mi? | enyakin=- puan=0 sebep=ESLESME_YOK
[2026-09-10 01:37:48] Anume4613 | randomtickspeed mi | enyakin=- puan=0 sebep=ESLESME_YOK
[2026-09-10 01:39:20] Anume4613 | neden olmasin | enyakin=- puan=0 sebep=ESLESME_YOK
[2026-09-10 01:39:58] ItzRealMusty | over senin kaç kill var | enyakin=- puan=0 sebep=ESLESME_YOK
[2026-09-10 01:43:26] Anume4613 | ne kadar gelişkinsin sen ki | enyakin=- puan=0 sebep=ESLESME_YOK
[2026-09-10 01:45:09] Anume4613 | ne kadar oynarsin bu sunucuyu | enyakin=- puan=0 sebep=ESLESME_YOK
[2026-09-10 01:50:17] Anume4613 | portal la mi gidicen | enyakin=- puan=0 sebep=ESLESME_YOK
[2026-09-10 02:00:22] ShinyDart7444 | ri nasi çiftleşir ya | enyakin=- puan=0 sebep=ESLESME_YOK
[2026-09-10 02:06:11] ShinyDart7444 | anume gram? | enyakin=- puan=0 sebep=ESLESME_YOK
[2026-09-10 02:06:19] ShinyDart7444 | anume team? | enyakin=takim puan=1 sebep=SINYAL_ZAYIF
[2026-09-10 02:09:11] ShinyDart7444 | geleyim mi | enyakin=- puan=0 sebep=ESLESME_YOK
[2026-09-10 02:16:46] Anume4613 | niye ya b3n bqsta zengin oldum sanip sevinmistim | enyakin=para-kazanma puan=1 sebep=SINYAL_ZAYIF
[2026-09-10 02:20:57] OverLord | Bana derin kayrak taşı satabilecek var mı ? | enyakin=- puan=0 sebep=ESLESME_YOK
[2026-09-10 02:21:13] OverLord | Kaç tane ? | enyakin=- puan=0 sebep=ESLESME_YOK
[2026-09-10 02:21:36] OverLord | Tamam kaç lira isterseniz | enyakin=- puan=0 sebep=ESLESME_YOK
[2026-09-10 02:22:22] OverLord | 4 stack derin kayrak tasına kac istersini< | enyakin=- puan=0 sebep=ESLESME_YOK
[2026-09-10 02:23:34] OverLord | Kime atayım | enyakin=- puan=0 sebep=ESLESME_YOK
[2026-09-10 02:26:30] Kudrateyn | nasıl para atıyuoz | enyakin=para-kazanma puan=1 sebep=SINYAL_ZAYIF
[2026-09-10 02:28:18] Kudrateyn | niye yemek kasmıycakmıydın sen | enyakin=- puan=0 sebep=ESLESME_YOK
[2026-09-10 02:29:22] Kudrateyn | nasıl la | enyakin=- puan=0 sebep=ESLESME_YOK
[2026-09-10 02:31:53] OverLord | Yün satabilecek var mı ? | enyakin=- puan=0 sebep=ESLESME_YOK
[2026-09-10 02:33:33] OnlyVan | kristal market mi | enyakin=market puan=3 sebep=FARK_YETERSIZ
[2026-09-10 02:34:18] Anume4613 | amatisti niye alicaz da | enyakin=- puan=0 sebep=ESLESME_YOK
[2026-09-10 02:37:03] Anume4613 | ne kadar surede lazim | enyakin=- puan=0 sebep=ESLESME_YOK
[2026-09-10 02:37:04] OverLord | Kaç çıkabilir | enyakin=- puan=0 sebep=ESLESME_YOK
[2026-09-10 02:40:38] Kudrateyn | ne kadar lazım overvorld | enyakin=- puan=0 sebep=ESLESME_YOK
[2026-09-10 02:40:59] Kudrateyn | 3 steke kaç verirsin | enyakin=- puan=0 sebep=ESLESME_YOK
[2026-09-10 03:05:37] OverLord | server admin ve yöneticilerini sevdinizmi ? | enyakin=- puan=0 sebep=ESLESME_YOK
[2026-09-10 03:07:56] OverLord | ekmek satcak var mıü | enyakin=- puan=0 sebep=ESLESME_YOK
[2026-09-10 03:09:42] Anume4613 | yeni elemqn mi | enyakin=- puan=0 sebep=ESLESME_YOK
[2026-09-10 03:15:13] Kudrateyn | olm farmdaki moblar niye gitti laaann | enyakin=en-iyi-farm puan=1 sebep=SINYAL_ZAYIF
[2026-09-10 03:15:48] Kudrateyn | anume basei taşıtak mı | enyakin=- puan=0 sebep=ESLESME_YOK
[2026-09-10 03:16:30] Kudrateyn | anume basei taşıtak mı. | enyakin=- puan=0 sebep=ESLESME_YOK
[2026-09-10 03:17:53] Kudrateyn | pvp mi istiyon | enyakin=savas-etiketi puan=1 sebep=SINYAL_ZAYIF
[2026-09-10 03:25:15] Faxley | trilant chamber arayak mı | enyakin=- puan=0 sebep=ESLESME_YOK
[2026-09-10 03:27:27] Kudrateyn | kaç lvl sin | enyakin=seviye puan=1 sebep=SINYAL_ZAYIF
[2026-09-10 03:28:27] Anume4613 | la niye demiyon | enyakin=- puan=0 sebep=ESLESME_YOK
[2026-09-10 03:39:51] NextRisen | ben niye atıyom olm | enyakin=- puan=0 sebep=ESLESME_YOK
[2026-09-10 03:47:38] NextRisen | kaç yaşındasın olum sen | enyakin=olunce-esya puan=1 sebep=SINYAL_ZAYIF
[2026-09-10 03:57:26] Kudrateyn | sansi̇mi̇ | enyakin=- puan=0 sebep=ESLESME_YOK
[2026-09-10 03:57:45] HEYRMHE | nasil yani | enyakin=- puan=0 sebep=ESLESME_YOK
[2026-09-10 04:02:14] Kudrateyn | kaç tane var | enyakin=- puan=0 sebep=ESLESME_YOK
[2026-09-10 04:07:32] HEYRMHE | tra chamber konumu isteyen? | enyakin=- puan=0 sebep=ESLESME_YOK
[2026-09-10 04:08:21] Kudrateyn | end city mi | enyakin=end-gitme puan=1 sebep=SINYAL_ZAYIF
[2026-09-10 04:13:26] Kudrateyn | sen yeni girdin bugün? | enyakin=- puan=0 sebep=ESLESME_YOK
[2026-09-10 04:16:36] Kudrateyn | kaç elmas lazım | enyakin=- puan=0 sebep=ESLESME_YOK
[2026-09-10 06:16:43] HEYRMHE | etrafta neden hic base yok | enyakin=- puan=0 sebep=ESLESME_YOK
[2026-09-10 06:36:02] Raewox | setin koruma 4 mü cok hawalı | enyakin=- puan=0 sebep=ESLESME_YOK
[2026-09-10 07:50:32] GainedSine97723 | büyülü mu | enyakin=buyu-masasi puan=1 sebep=SINYAL_ZAYIF
[2026-09-10 07:59:19] Swight | ltf beni faxley gil mahvetti netherite kılıcımı aldı elmas koruma 4 setimi aldı base mi patlattı | enyakin=nether-gitme puan=1 sebep=SINYAL_ZAYIF
[2026-09-10 08:11:13] Ramazan6414 | takım olalım mı | enyakin=takim puan=1 sebep=SINYAL_ZAYIF
[2026-09-10 08:12:02] Ramazan6414 | takım olalım mı | enyakin=takim puan=1 sebep=SINYAL_ZAYIF
[2026-09-10 08:14:43] Ramazan6414 | niye daldın bana | enyakin=- puan=0 sebep=ESLESME_YOK
[2026-09-10 08:23:23] xWith | apathyharbiyle biz net set kestikte geri vverdik kaç kere | enyakin=- puan=0 sebep=ESLESME_YOK
[2026-09-10 08:50:07] xWith | ipeksi dokunuş büyüsüne 15k mı vercen | enyakin=buyu-masasi puan=1 sebep=SINYAL_ZAYIF
[2026-09-10 09:00:09] xWith | abi sen taşşak mı geçion aq | enyakin=- puan=0 sebep=ESLESME_YOK
[2026-09-10 09:01:45] BBaran6118 | neden bir başarï kazandığımızda havai fişek patlıyor? öldüm bunun yüzünden | enyakin=- puan=0 sebep=ESLESME_YOK
[2026-09-10 09:30:14] 7redstrike | vahşi bölge ne oluyo ne yapıyo işlevi nee? | enyakin=- puan=0 sebep=ESLESME_YOK
[2026-09-10 09:41:00] Pixsel__Eymen | suan gelmıyor mu | enyakin=- puan=0 sebep=ESLESME_YOK
[2026-09-10 09:43:12] Swight | ne kadar istiyon | enyakin=- puan=0 sebep=ESLESME_YOK
[2026-09-10 09:44:49] Arasayan | ok 23k ya kaç tane | enyakin=- puan=0 sebep=ESLESME_YOK
[2026-09-10 09:46:30] Arasayan | kaç elmadın var | enyakin=- puan=0 sebep=ESLESME_YOK
[2026-09-10 09:52:29] Swight | ses niye bozuk geliyo | enyakin=- puan=0 sebep=ESLESME_YOK
[2026-09-10 09:54:43] ghostmean | kaç vuruyor kılıc | enyakin=- puan=0 sebep=ESLESME_YOK
[2026-09-10 09:55:04] ghostmean | pixel eymen kaç vuruyor net kılıç | enyakin=- puan=0 sebep=ESLESME_YOK
[2026-09-10 09:56:08] YamiNoX00 | Pixsel__Eymen ? | enyakin=- puan=0 sebep=ESLESME_YOK
[2026-09-10 09:56:16] Pixsel__Eymen | vs mı atacaz | enyakin=- puan=0 sebep=ESLESME_YOK
[2026-09-10 10:00:24] ghostmean | lan gelin l işte atacaz kim yenerse aras vericek | enyakin=- puan=0 sebep=ESLESME_YOK
[2026-09-10 10:07:56] xWith | geliyonuz mı | enyakin=- puan=0 sebep=ESLESME_YOK
[2026-09-10 10:08:03] xWith | sizle mi ugraşcam | enyakin=- puan=0 sebep=ESLESME_YOK
[2026-09-10 10:08:19] xWith | 1v2 mi jjasjdjas | enyakin=- puan=0 sebep=ESLESME_YOK
[2026-09-10 10:14:53] Swight | olum ses niye böyle geliyo bana | enyakin=olunce-esya puan=1 sebep=SINYAL_ZAYIF
[2026-09-10 10:16:36] Pixsel__Eymen | bizden mi | enyakin=- puan=0 sebep=ESLESME_YOK
[2026-09-10 10:16:53] Pixsel__Eymen | bizden mi ? | enyakin=- puan=0 sebep=ESLESME_YOK
[2026-09-10 10:23:50] Swight | eymen o neydi | enyakin=- puan=0 sebep=ESLESME_YOK
[2026-09-10 10:29:33] Pixsel__Eymen | nıyeeeeeeee | enyakin=- puan=0 sebep=ESLESME_YOK
[2026-09-10 10:35:49] Pixsel__Eymen | kaç anahtar var | enyakin=kasa puan=1 sebep=SINYAL_ZAYIF
[2026-09-10 10:36:15] BBaran6118 | -10950 ? -360 | enyakin=- puan=0 sebep=ESLESME_YOK
[2026-09-10 10:39:20] Pixsel__Eymen | sana dedıgım sunucuda pvp atalım mı | enyakin=savas-etiketi puan=1 sebep=SINYAL_ZAYIF
[2026-09-10 10:42:12] Swight | itemlerin nerde | enyakin=- puan=0 sebep=ESLESME_YOK
[2026-09-10 10:48:09] Pixsel__Eymen | YEMEK VARMI Swight ? | enyakin=- puan=0 sebep=ESLESME_YOK
[2026-09-10 10:48:51] Swight | olur kaç istiyon | enyakin=- puan=0 sebep=ESLESME_YOK
[2026-09-10 10:49:29] AyiBogan064 | hasan alcan mi | enyakin=- puan=0 sebep=ESLESME_YOK
[2026-09-10 10:49:48] AyiBogan064 | gelmicen mi | enyakin=- puan=0 sebep=ESLESME_YOK
[2026-09-10 10:49:54] Pixsel__Eymen | YEMEK VARMI Swight ? ?? | enyakin=- puan=0 sebep=ESLESME_YOK
[2026-09-10 10:51:58] Alish_ob70 | arklar nasıl spavnna geri gide bilirim | enyakin=- puan=0 sebep=ESLESME_YOK
[2026-09-10 10:52:11] Haliko | olduğun yer nasıl knk | enyakin=- puan=0 sebep=ESLESME_YOK
[2026-09-10 10:52:53] Alish_ob70 | nasıl spavna gide bilirim | enyakin=- puan=0 sebep=ESLESME_YOK
[2026-09-10 11:01:12] Haliko | knk demir farmı yapak mı | enyakin=en-iyi-farm puan=1 sebep=SINYAL_ZAYIF
[2026-09-10 11:01:32] GorkemEkiz1905 | nasıl yapcaz ben hiç yapmadım | enyakin=- puan=0 sebep=ESLESME_YOK
[2026-09-10 11:06:42] KURT0619 | kral kim | enyakin=- puan=0 sebep=ESLESME_YOK
[2026-09-10 11:10:32] AyiBogan064 | şu karakolda neden yağmacı doğmuyor | enyakin=- puan=0 sebep=ESLESME_YOK
[2026-09-10 11:14:57] AyiBogan064 | kaç vercen | enyakin=- puan=0 sebep=ESLESME_YOK
[2026-09-10 11:15:59] Swight | nası ekleniyo | enyakin=- puan=0 sebep=ESLESME_YOK
[2026-09-10 11:17:15] Haliko | sende kaç yatak var | enyakin=- puan=0 sebep=ESLESME_YOK
[2026-09-10 11:20:11] OverLord | Kim büyülü elmas göğüslsük ister | enyakin=buyu-masasi puan=1 sebep=SINYAL_ZAYIF
[2026-09-10 11:20:34] Pixsel__Eymen | bunun burda ne ısı var ? | enyakin=- puan=0 sebep=ESLESME_YOK
[2026-09-10 11:20:47] Kudrateyn | büyüsü ne overlord koruma 1 mi :D | enyakin=buyu-masasi puan=1 sebep=SINYAL_ZAYIF
[2026-09-10 11:21:24] xWith | sorunun mu var | enyakin=- puan=0 sebep=ESLESME_YOK
[2026-09-10 11:22:49] xWith | nerden girelim | enyakin=- puan=0 sebep=ESLESME_YOK
[2026-09-10 11:23:44] OverLord | Envanterin doluyken neden verdin :) | enyakin=envanter-koruma puan=1 sebep=SINYAL_ZAYIF
[2026-09-10 11:23:53] Haliko | nasıl oluyo bilmiyom | enyakin=- puan=0 sebep=ESLESME_YOK
[2026-09-10 11:24:38] Ali_kayra8287 | o erolrd abi sen nasıl bu kadar gelustin | enyakin=- puan=0 sebep=ESLESME_YOK
[2026-09-10 11:25:04] Swight | eymen alish nerde | enyakin=- puan=0 sebep=ESLESME_YOK
[2026-09-10 11:25:35] Pixsel__Eymen | Alish_ob70 azerbaycan lı mı | enyakin=- puan=0 sebep=ESLESME_YOK
[2026-09-10 11:40:52] Pixsel__Eymen | napıyım aferın mı dıyeyım | enyakin=- puan=0 sebep=ESLESME_YOK
[2026-09-10 11:45:16] GorkemEkiz1905 | köy nerde | enyakin=- puan=0 sebep=ESLESME_YOK
[2026-09-10 11:50:42] KURT0619 | nereye yapcaz baseyi | enyakin=- puan=0 sebep=ESLESME_YOK
[2026-09-10 11:52:11] GainedSine97723 | odun yok mu | enyakin=- puan=0 sebep=ESLESME_YOK
[2026-09-10 11:52:16] Pixsel__Eymen | reis sıkıldımda pvp atalım mı esya vermelı geri | enyakin=savas-etiketi puan=1 sebep=SINYAL_ZAYIF
[2026-09-10 11:52:34] Pixsel__Eymen | atmayalım mı | enyakin=- puan=0 sebep=ESLESME_YOK
[2026-09-10 11:53:13] Pixsel__Eymen | almaz bence ya demı ? | enyakin=- puan=0 sebep=ESLESME_YOK
[2026-09-10 11:53:53] Kudrateyn | koyunları kessem sorun olur mu | enyakin=- puan=0 sebep=ESLESME_YOK
[2026-09-10 12:00:41] OverLord | Vez-x neydi | enyakin=- puan=0 sebep=ESLESME_YOK
[2026-09-10 12:02:32] Kudrateyn | ne kadar lazım | enyakin=- puan=0 sebep=ESLESME_YOK
[2026-09-10 12:02:37] OverLord | ne kadar var | enyakin=- puan=0 sebep=ESLESME_YOK
[2026-09-10 12:04:47] Pixsel__Eymen | bekle bide siz kaç yasındasınız | enyakin=- puan=0 sebep=ESLESME_YOK
[2026-09-10 12:05:36] OverLord | Kudreteyn 1 shulker dolu görünmezlk kuvvet ikisirne kac k verirsin | enyakin=- puan=0 sebep=ESLESME_YOK
[2026-09-10 12:05:42] Haliko | bu at senin olsun mu hü | enyakin=- puan=0 sebep=ESLESME_YOK
[2026-09-10 12:05:53] Ordek_kral17 | rehber nerde maden yapcaz knk | enyakin=- puan=0 sebep=ESLESME_YOK
[2026-09-10 12:08:23] Ordek_kral17 | tmm sizin yanınıza nasıl belcem rehber | enyakin=- puan=0 sebep=ESLESME_YOK
[2026-09-10 12:08:54] Kudrateyn | köylüler nasıl gidiuo | enyakin=- puan=0 sebep=ESLESME_YOK
[2026-09-10 12:11:01] Ali_kayra8287 | kaç tane | enyakin=- puan=0 sebep=ESLESME_YOK
[2026-09-10 12:11:55] OverLord | ne kadar istiyorsun | enyakin=- puan=0 sebep=ESLESME_YOK
[2026-09-10 12:14:18] Ordek_kral17 | evet abi çocuk çıkyo bu arada yaşlar kaç ben 13 | enyakin=- puan=0 sebep=ESLESME_YOK
[2026-09-10 12:17:48] erease | nasıl para kasa bilirim | enyakin=para-kazanma puan=1 sebep=SINYAL_ZAYIF
[2026-09-10 12:18:48] KURT0619 | kaç oldu | enyakin=- puan=0 sebep=ESLESME_YOK
[2026-09-10 12:24:48] Ordek_kral17 | abi neden sandık odasına sur çektin | enyakin=- puan=0 sebep=ESLESME_YOK
[2026-09-10 12:32:28] Baddcat6609_Qs | baslangıcta busuru esyamvardı nasıl geri alcam | enyakin=- puan=0 sebep=ESLESME_YOK
[2026-09-10 12:33:11] Kudrateyn | nasıl bir kazma istersin | enyakin=- puan=0 sebep=ESLESME_YOK
[2026-09-10 12:33:23] MUSABASDAN1 | niye kestini | enyakin=- puan=0 sebep=ESLESME_YOK
[2026-09-10 12:34:42] Baddcat6609_Qs | ben oldum nasıl geri esya alcam chat | enyakin=- puan=0 sebep=ESLESME_YOK
[2026-09-10 12:35:24] Ali_kayra8287 | sen kaç yadindasin | enyakin=- puan=0 sebep=ESLESME_YOK
[2026-09-10 12:35:46] Kress | nerdesiniz nası gelecem bilmiyomki | enyakin=- puan=0 sebep=ESLESME_YOK
[2026-09-10 12:44:17] OverLord | elmasları neden aldın ? | enyakin=- puan=0 sebep=ESLESME_YOK
[2026-09-10 12:45:16] Kress | ee ne kadar kazacaz | enyakin=- puan=0 sebep=ESLESME_YOK
[2026-09-10 12:46:04] OverLord | ordek dier stek nerde | enyakin=- puan=0 sebep=ESLESME_YOK
[2026-09-10 12:46:17] Kress | nereye giddin | enyakin=- puan=0 sebep=ESLESME_YOK
[2026-09-10 12:46:54] OverLord | ordek dier stek elmas nerde | enyakin=- puan=0 sebep=ESLESME_YOK
[2026-09-10 12:49:07] OverLord | dier st elmas nerde | enyakin=- puan=0 sebep=ESLESME_YOK
[2026-09-10 12:52:05] KadirHB | msg okudun mu | enyakin=- puan=0 sebep=ESLESME_YOK
[2026-09-10 12:52:08] KadirHB | msg okudun mu OnlyVan | enyakin=- puan=0 sebep=ESLESME_YOK
[2026-09-10 12:52:08] JakeZero4526098 | oy nasi vercem | enyakin=oy-verme puan=1 sebep=SINYAL_ZAYIF
[2026-09-10 12:54:22] xWith | vs atmak isteyen? | enyakin=- puan=0 sebep=ESLESME_YOK
[2026-09-10 12:57:32] KadirHB | ekmeği napcan köylü için mi | enyakin=- puan=0 sebep=ESLESME_YOK
[2026-09-10 12:57:48] Dexter97401 | ee eşya nası satabilirim | enyakin=- puan=0 sebep=ESLESME_YOK
[2026-09-10 12:57:58] AyiBogan064 | 2 stack ekmeğe ne kadar verirsin | enyakin=- puan=0 sebep=ESLESME_YOK
[2026-09-10 12:58:20] Dexter97401 | eşya nası satabilirim | enyakin=- puan=0 sebep=ESLESME_YOK
[2026-09-10 13:01:47] xWith | Ordek_kral17 hem kesmeye calısıp hemde team mı olmk istiorsun cnm iqün 100 mü | enyakin=takim puan=1 sebep=SINYAL_ZAYIF
[2026-09-10 13:01:47] OverLord | Ordek neden kesmeye calıstın | enyakin=- puan=0 sebep=ESLESME_YOK
[2026-09-10 13:13:48] JakeZero4526098 | yaw oy nasi vercemmmmmmmmm | enyakin=oy-verme puan=1 sebep=SINYAL_ZAYIF
[2026-09-10 13:17:22] sevo_16 | yöneticiler nie hep afk ki? | enyakin=kristal puan=1 sebep=SINYAL_ZAYIF
[2026-09-10 13:18:27] Baddcat6609_Qs | balta mı ve3cen | enyakin=- puan=0 sebep=ESLESME_YOK
[2026-09-10 13:18:59] Serkan_3793 | setin nerede | enyakin=- puan=0 sebep=ESLESME_YOK
[2026-09-10 13:19:43] OverLord | en son kac olur | enyakin=- puan=0 sebep=ESLESME_YOK
[2026-09-10 13:21:15] egemen1559 | ördek kral sen mi istemistin | enyakin=- puan=0 sebep=ESLESME_YOK
[2026-09-10 13:21:21] egemen1559 | kim istemisti | enyakin=- puan=0 sebep=ESLESME_YOK
[2026-09-10 13:24:02] Serkan_3793 | nasi tallayla yaptik | enyakin=- puan=0 sebep=ESLESME_YOK
[2026-09-10 13:36:56] xWith | neden kanka vs falanmı atıcaktın | enyakin=- puan=0 sebep=ESLESME_YOK
[2026-09-10 13:37:20] Cilonog | elmas set ve elmas eşyalar verebilecek adam var mı | enyakin=- puan=0 sebep=ESLESME_YOK
[2026-09-10 13:39:14] Cilonog | team olacak var mı | enyakin=takim puan=1 sebep=SINYAL_ZAYIF
[2026-09-10 13:42:45] xWith | şablon nası kascazki | enyakin=- puan=0 sebep=ESLESME_YOK
[2026-09-10 13:43:55] Cilonog | teamına alcak yok mu harbi | enyakin=takim puan=1 sebep=SINYAL_ZAYIF
[2026-09-10 13:44:04] OverLord | hasan suan ne kadar var | enyakin=- puan=0 sebep=ESLESME_YOK
[2026-09-10 13:44:44] OverLord | neyse hasan suan ne kadar p4 elmas setin var | enyakin=- puan=0 sebep=ESLESME_YOK
[2026-09-10 13:48:45] Ordek_kral17 | rehber kim | enyakin=- puan=0 sebep=ESLESME_YOK
[2026-09-10 13:49:58] Kress | nası tp adacam | enyakin=isinlanma-istegi puan=1 sebep=SINYAL_ZAYIF
[2026-09-10 13:50:47] Ordek_kral17 | nasıl survival oynicam | enyakin=orman-gitme puan=1 sebep=SINYAL_ZAYIF
[2026-09-10 14:01:18] Ordek_kral17 | arkşar spawnsan nasıl çıkcaz | enyakin=spawn-warp puan=1 sebep=SINYAL_ZAYIF
[2026-09-10 14:04:27] sevo_16 | pvp mi atcanız? | enyakin=savas-etiketi puan=1 sebep=SINYAL_ZAYIF
[2026-09-10 14:07:28] sevo_16 | endermen için mı? | enyakin=- puan=0 sebep=ESLESME_YOK
[2026-09-10 14:09:55] Cilonog | vc si olan var mı | enyakin=- puan=0 sebep=ESLESME_YOK
[2026-09-10 14:10:01] kamran2 | onu nereden buldunn | enyakin=- puan=0 sebep=ESLESME_YOK
[2026-09-10 14:10:04] Cilonog | vc si olan var mı | enyakin=- puan=0 sebep=ESLESME_YOK
[2026-09-10 14:10:08] Cilonog | vc si olan var mıdır | enyakin=- puan=0 sebep=ESLESME_YOK
[2026-09-10 14:10:26] kamran2 | benede yaparmıyız? | enyakin=- puan=0 sebep=ESLESME_YOK
[2026-09-10 14:11:39] sevo_16 | ismin neydi ?? | enyakin=- puan=0 sebep=ESLESME_YOK
[2026-09-10 14:12:38] Ordek_kral17 | evenet kasassı nasıl atcaz | enyakin=kasa puan=1 sebep=SINYAL_ZAYIF
[2026-09-10 14:12:41] Barlas93 | niye attiniz | enyakin=- puan=0 sebep=ESLESME_YOK
[2026-09-10 14:13:19] Swight | kaç tane var | enyakin=- puan=0 sebep=ESLESME_YOK
[2026-09-10 14:13:45] Ordek_kral17 | kasa nerde | enyakin=kasa puan=1 sebep=SINYAL_ZAYIF
[2026-09-10 14:14:48] Ordek_kral17 | arklar kasa nerde | enyakin=kasa puan=1 sebep=SINYAL_ZAYIF
[2026-09-10 14:16:23] kamran2 | kac tane | enyakin=- puan=0 sebep=ESLESME_YOK
[2026-09-10 14:16:53] Cilonog | yemeğin var mı Barlas93 | enyakin=- puan=0 sebep=ESLESME_YOK
[2026-09-10 14:16:54] Barlas93 | kaç canın kaldılar | enyakin=- puan=0 sebep=ESLESME_YOK
[2026-09-10 14:17:18] kamran2 | kac tane | enyakin=- puan=0 sebep=ESLESME_YOK
[2026-09-10 14:18:16] kamran2 | bi tane mi | enyakin=- puan=0 sebep=ESLESME_YOK
[2026-09-10 14:18:52] Ordek_kral17 | team olur musun | enyakin=takim puan=1 sebep=SINYAL_ZAYIF
[2026-09-10 14:19:07] Cilonog | team mı arıyosun | enyakin=takim puan=1 sebep=SINYAL_ZAYIF
[2026-09-10 14:20:14] Swight | nası aldın sp yi | enyakin=- puan=0 sebep=ESLESME_YOK
[2026-09-10 14:20:49] Cilonog | Ordek_kral17 team mı arıyosun | enyakin=takim puan=1 sebep=SINYAL_ZAYIF
[2026-09-10 14:22:00] Ordek_kral17 | cilonpg tp mi kabul et | enyakin=isinlanma-istegi puan=1 sebep=SINYAL_ZAYIF
[2026-09-10 14:23:10] Cilonog | para nerde Skyler | enyakin=para-kazanma puan=1 sebep=SINYAL_ZAYIF
[2026-09-10 14:25:43] Cilonog | taş eşyalar yapayım mı Ordek_kral17 demir bitti | enyakin=- puan=0 sebep=ESLESME_YOK
[2026-09-10 14:26:20] OverLord | p4 ne kadar | enyakin=- puan=0 sebep=ESLESME_YOK
[2026-09-10 14:30:23] Swight | nereye gitcez kamran | enyakin=- puan=0 sebep=ESLESME_YOK
[2026-09-10 14:33:13] Cilonog | Ordek_kral17 yemeğin var mı | enyakin=- puan=0 sebep=ESLESME_YOK
[2026-09-10 14:33:39] Barlas93 | birşey sorcamda netherite set olmak için şablon lazım mı | enyakin=nether-gitme puan=1 sebep=SINYAL_ZAYIF
[2026-09-10 14:34:04] Cilonog | Ordek_kral17 sen niye elmas set olmadın | enyakin=- puan=0 sebep=ESLESME_YOK
[2026-09-10 14:41:02] Ordek_kral17 | satim nerde | enyakin=- puan=0 sebep=ESLESME_YOK
[2026-09-10 14:41:20] yorugur | bana base ödünç verebilecek var mı video çekeceğim | enyakin=- puan=0 sebep=ESLESME_YOK
[2026-09-10 14:41:27] Ordek_kral17 | cilong setim nerde | enyakin=- puan=0 sebep=ESLESME_YOK
[2026-09-10 14:42:11] maceswap | autochat nedir | enyakin=- puan=0 sebep=ESLESME_YOK
[2026-09-10 14:42:26] kamran2 | nedhra neden geldik biliyonmuu | enyakin=- puan=0 sebep=ESLESME_YOK
[2026-09-10 14:42:34] Swight | niye kamran | enyakin=- puan=0 sebep=ESLESME_YOK
[2026-09-10 14:44:33] Cilonog | Ordek_kral17 istediğin bişey var mı bende çıkıyorum | enyakin=- puan=0 sebep=ESLESME_YOK
[2026-09-10 14:44:52] KadirHB | hile olsam OnlyVan anlamaz mı | enyakin=sikayet puan=1 sebep=SINYAL_ZAYIF
[2026-09-10 14:45:21] Cilonog | konuşabileceğimiz bir yer var mı | enyakin=- puan=0 sebep=ESLESME_YOK
[2026-09-10 14:45:39] Cilonog | barlasa kim ne yaptı | enyakin=- puan=0 sebep=ESLESME_YOK
[2026-09-10 14:46:39] KadirHB | niye kardeşim | enyakin=- puan=0 sebep=ESLESME_YOK
[2026-09-10 14:47:02] KadirHB | elimin hızını kaç defa gördün sen | enyakin=- puan=0 sebep=ESLESME_YOK
[2026-09-10 14:53:46] Atillacan | kanka yeniden smpye baslayabiliyom mu görevleri sıfırlama falan | enyakin=gunluk-gorev puan=1 sebep=SINYAL_ZAYIF
[2026-09-10 14:58:34] KadirHB | nasıl anlatabilirim ki | enyakin=- puan=0 sebep=ESLESME_YOK
[2026-09-10 14:58:52] Thandry | nasıl hile yapılacak ki zaten | enyakin=sikayet puan=1 sebep=SINYAL_ZAYIF
[2026-09-10 15:01:01] Kudrateyn | benim zırh nassı | enyakin=- puan=0 sebep=ESLESME_YOK
[2026-09-10 15:02:36] KURT0619 | kim kesti | enyakin=- puan=0 sebep=ESLESME_YOK
[2026-09-10 15:02:42] Swight | kim kestii | enyakin=- puan=0 sebep=ESLESME_YOK
[2026-09-10 15:02:50] KURT0619 | kim kestiyse ona ödül vercem | enyakin=- puan=0 sebep=ESLESME_YOK
[2026-09-10 15:03:20] Pixsel__Eymen | esyalarım nerde | enyakin=- puan=0 sebep=ESLESME_YOK
[2026-09-10 15:04:51] Pixsel__Eymen | ya esyalarım nerde kim aldu | enyakin=- puan=0 sebep=ESLESME_YOK
[2026-09-10 15:05:23] Pixsel__Eymen | kim aldıysa versın pls | enyakin=- puan=0 sebep=ESLESME_YOK
[2026-09-10 15:08:12] KadirHB | bilmem olsun mu | enyakin=- puan=0 sebep=ESLESME_YOK
[2026-09-10 15:09:49] KadirHB | 66k ile 2 p4 alabilirsin satayım mı abime | enyakin=- puan=0 sebep=ESLESME_YOK
[2026-09-10 15:17:38] Thandry | admin overworldda yağmalanmamış köy var mıdır sence | enyakin=- puan=0 sebep=ESLESME_YOK
[2026-09-10 15:20:22] Swight | eymen niye çıktın | enyakin=- puan=0 sebep=ESLESME_YOK
[2026-09-10 15:20:46] Pixsel__Eymen | sesım gelıyor mu Swight | enyakin=- puan=0 sebep=ESLESME_YOK
[2026-09-10 15:23:48] Pixsel__Eymen | senın esyalar nerde | enyakin=- puan=0 sebep=ESLESME_YOK
[2026-09-10 15:24:34] Anume4613 | nereye girin la | enyakin=- puan=0 sebep=ESLESME_YOK
[2026-09-10 15:26:08] kamran2 | bura takım basesimi? | enyakin=takim puan=1 sebep=SINYAL_ZAYIF
[2026-09-10 15:27:24] kamran2 | benim adım nerede | enyakin=- puan=0 sebep=ESLESME_YOK
[2026-09-10 15:29:05] KURT0619 | oyları yazın kim kral olcak | enyakin=- puan=0 sebep=ESLESME_YOK
[2026-09-10 15:31:41] Anume4613 | ruh kumu niye yok | enyakin=- puan=0 sebep=ESLESME_YOK
[2026-09-10 15:33:20] Swight | kim kral olcak yaz | enyakin=- puan=0 sebep=ESLESME_YOK
[2026-09-10 15:33:59] Pixsel__Eymen | nasıl tekar ya | enyakin=- puan=0 sebep=ESLESME_YOK
[2026-09-10 15:34:15] Swight | tabelalara taş mı kağıtmı makas mı hazrız | enyakin=- puan=0 sebep=ESLESME_YOK
[2026-09-10 15:34:51] Swight | ne yi yazak taş kağıt makas mı | enyakin=- puan=0 sebep=ESLESME_YOK
[2026-09-10 15:38:44] Anume4613 | niye demiykn ya | enyakin=- puan=0 sebep=ESLESME_YOK
[2026-09-10 15:41:41] kamran2 | ne kadar | enyakin=- puan=0 sebep=ESLESME_YOK
[2026-09-10 15:42:28] Swight | kim sağ kolum olcak diye | enyakin=- puan=0 sebep=ESLESME_YOK
[2026-09-10 15:43:58] Swight | he durun 1 mi 2mi 3mü | enyakin=- puan=0 sebep=ESLESME_YOK
[2026-09-10 15:44:26] Swight | 1 mi 2mi 3mü | enyakin=- puan=0 sebep=ESLESME_YOK
[2026-09-10 15:45:04] KURT0619 | 1 kim 2 kim 3 kim | enyakin=- puan=0 sebep=ESLESME_YOK
[2026-09-10 15:49:06] Swight | ben biliodum kimin kim olduğunu ondan | enyakin=- puan=0 sebep=ESLESME_YOK
[2026-09-10 15:49:32] Pixsel__Eymen | tmm tabela varmı ? | enyakin=- puan=0 sebep=ESLESME_YOK
[2026-09-10 16:01:45] Kudrateyn | 500 ver olurmu? | enyakin=- puan=0 sebep=ESLESME_YOK
[2026-09-10 16:05:48] Anume4613 | ya neden askıda. ekleyen ender incileri kayboluyo | enyakin=- puan=0 sebep=ESLESME_YOK
[2026-09-10 16:15:38] CrownAlperen | base yapan var mı | enyakin=- puan=0 sebep=ESLESME_YOK
[2026-09-10 16:16:08] Kudrateyn | kaç lira vericen basse için | enyakin=- puan=0 sebep=ESLESME_YOK
[2026-09-10 16:18:13] Kudrateyn | sunucuya bişi mi oldu | enyakin=- puan=0 sebep=ESLESME_YOK
[2026-09-10 16:25:08] Kudrateyn | vahşi bölgeden /ev yazdığımızda dönebiliyomuyuz tam olarak nasıl bi yer | enyakin=- puan=0 sebep=ESLESME_YOK
[2026-09-10 16:25:14] OverLord | ne zamana düzelir | enyakin=- puan=0 sebep=ESLESME_YOK
[2026-09-10 16:25:39] OverLord | kdurety ne kadar netherite var | enyakin=nether-gitme puan=1 sebep=SINYAL_ZAYIF
[2026-09-10 16:27:36] Thandry | kitaplık verebilecek var mı | enyakin=buyu-masasi puan=1 sebep=SINYAL_ZAYIF
[2026-09-10 16:27:37] kyrosrfl | netherite nası kasılıyo | enyakin=nether-gitme puan=1 sebep=SINYAL_ZAYIF
[2026-09-10 16:27:53] Thandry | kitaplık verebilecek var mı | enyakin=buyu-masasi puan=1 sebep=SINYAL_ZAYIF
[2026-09-10 16:29:17] zaharres35 | aga OssuranTavuk_ nerde ya ben onun ıcın gedlım | enyakin=- puan=0 sebep=ESLESME_YOK
[2026-09-10 16:30:23] OverLord | Sabah yaparmısın ? | enyakin=- puan=0 sebep=ESLESME_YOK
[2026-09-10 16:31:34] zaharres35 | osuran tavuk nerde OverLords | enyakin=- puan=0 sebep=ESLESME_YOK
[2026-09-10 16:37:53] Dark | baseyi yerin altına mı yapsak | enyakin=- puan=0 sebep=ESLESME_YOK
[2026-09-10 16:38:05] BigGuitar804481 | nasıl eklicem | enyakin=- puan=0 sebep=ESLESME_YOK
[2026-09-10 16:38:05] OverLord | net set niye giymedin | enyakin=- puan=0 sebep=ESLESME_YOK
[2026-09-10 16:42:52] Swight | macewap abi tamir ne kadar | enyakin=- puan=0 sebep=ESLESME_YOK
[2026-09-10 16:44:01] Kudrateyn | konuşma tuşu nedir | enyakin=- puan=0 sebep=ESLESME_YOK
[2026-09-10 16:46:40] Hasanmc91 | over yatak var mi | enyakin=- puan=0 sebep=ESLESME_YOK
[2026-09-10 16:47:50] leleoluk | niye verdin | enyakin=- puan=0 sebep=ESLESME_YOK
[2026-09-10 16:50:09] Barlas93 | neden t yazdığını biliyorum Launcher kullanıyorsun | enyakin=- puan=0 sebep=ESLESME_YOK
[2026-09-10 16:50:46] OverLord | Noldu kime dedin baseinimi saldın | enyakin=- puan=0 sebep=ESLESME_YOK
[2026-09-10 16:53:25] inwakcu | anarşi nerde | enyakin=- puan=0 sebep=ESLESME_YOK
[2026-09-10 16:54:01] BigGuitar804481 | peki nasıl eşya yapılïyor | enyakin=- puan=0 sebep=ESLESME_YOK
[2026-09-10 16:54:09] OverLord | nasıl yani | enyakin=- puan=0 sebep=ESLESME_YOK
[2026-09-10 16:54:51] BigGuitar804481 | rehber antik enkaz nasıl netherit külcesine dönüştürülür | enyakin=nether-gitme puan=1 sebep=SINYAL_ZAYIF
[2026-09-10 16:55:32] OverLord | şuna baksana nasıl yatıyor | enyakin=- puan=0 sebep=ESLESME_YOK
[2026-09-10 16:57:34] OverLord | bu nasıl bir farm | enyakin=en-iyi-farm puan=1 sebep=SINYAL_ZAYIF
[2026-09-10 17:01:10] KURT0619 | ne kadar gerekiyodu | enyakin=- puan=0 sebep=ESLESME_YOK
[2026-09-10 17:01:31] KURT0619 | ne kadar gerekiyodu demir Swight | enyakin=- puan=0 sebep=ESLESME_YOK
[2026-09-10 17:01:49] Hasanmc91 | benim itemler sende mi | enyakin=- puan=0 sebep=ESLESME_YOK
[2026-09-10 17:05:04] ItzRealMusty | nerden aldkn | enyakin=- puan=0 sebep=ESLESME_YOK
[2026-09-10 17:05:26] ItzRealMusty | ne zaman | enyakin=- puan=0 sebep=ESLESME_YOK
[2026-09-10 17:05:30] OverLord | senin base nerde | enyakin=- puan=0 sebep=ESLESME_YOK
[2026-09-10 17:07:27] Barlas93 | senin yüzünden ölüyordum niye gelmedin | enyakin=site-paket puan=1 sebep=SINYAL_ZAYIF
[2026-09-10 17:08:03] Swight | ne kadar paran var dark | enyakin=para-kazanma puan=1 sebep=SINYAL_ZAYIF
[2026-09-10 17:10:19] maceswap | ne kadar bunlar | enyakin=- puan=0 sebep=ESLESME_YOK
[2026-09-10 17:10:26] Ali_kayra8287 | kaç verirsin | enyakin=- puan=0 sebep=ESLESME_YOK
[2026-09-10 17:10:39] OverLord | mace paran kac oldu | enyakin=para-kazanma puan=1 sebep=SINYAL_ZAYIF
[2026-09-10 17:11:26] Dark | bakcam hangisi olduğuna | enyakin=- puan=0 sebep=ESLESME_YOK
[2026-09-10 17:11:47] uras1098 | nasıl accam | enyakin=- puan=0 sebep=ESLESME_YOK
[2026-09-10 17:12:07] uras1098 | nasıl acicam | enyakin=- puan=0 sebep=ESLESME_YOK
[2026-09-10 17:13:42] Ali_kayra8287 | ne zaman parayı Atacan abi | enyakin=para-kazanma puan=1 sebep=SINYAL_ZAYIF
[2026-09-10 17:13:43] Hasanmc91 | tamam mi itemlerin | enyakin=- puan=0 sebep=ESLESME_YOK
[2026-09-10 17:15:34] Ali_kayra8287 | büyülü mü | enyakin=buyu-masasi puan=1 sebep=SINYAL_ZAYIF
[2026-09-10 17:17:05] OverLord | hasann bebim setler ne zaman hazır olur | enyakin=- puan=0 sebep=ESLESME_YOK
[2026-09-10 17:18:19] Barlas93 | emo nereye | enyakin=- puan=0 sebep=ESLESME_YOK
[2026-09-10 17:20:00] Hasanmc91 | netherit satan yok mu | enyakin=nether-gitme puan=1 sebep=SINYAL_ZAYIF
[2026-09-10 17:22:33] OverLord | [event cancelled]Netherite satacak var mı | enyakin=nether-gitme puan=1 sebep=SINYAL_ZAYIF
[2026-09-10 17:22:48] ItzRealMusty | big sellde kaç lira diye bak | enyakin=esya-satma puan=1 sebep=SINYAL_ZAYIF
[2026-09-10 17:24:21] BigGuitar804481 | niye iptal ettin | enyakin=- puan=0 sebep=ESLESME_YOK
[2026-09-10 17:25:16] OverLord | Netherite satabilecek var mı ? | enyakin=nether-gitme puan=1 sebep=SINYAL_ZAYIF
[2026-09-10 17:28:28] OverLord | big kac tane var | enyakin=- puan=0 sebep=ESLESME_YOK
[2026-09-10 17:28:39] BigGuitar804481 | sana kaç tane lazim | enyakin=- puan=0 sebep=ESLESME_YOK
[2026-09-10 17:29:34] Kress | kaç tane | enyakin=- puan=0 sebep=ESLESME_YOK
[2026-09-10 17:32:12] Kress | bi̇şy çalmadin di̇mi̇ | enyakin=- puan=0 sebep=ESLESME_YOK
[2026-09-10 17:36:57] apathyharbi | veririm? | enyakin=- puan=0 sebep=ESLESME_YOK
[2026-09-10 17:39:21] OverLord | bu elmas madenlerini kim koydu7 | enyakin=- puan=0 sebep=ESLESME_YOK
[2026-09-10 17:39:47] Dark | harbi mi | enyakin=- puan=0 sebep=ESLESME_YOK
[2026-09-10 17:41:54] OverLord | apathharbi paran kaç | enyakin=para-kazanma puan=1 sebep=SINYAL_ZAYIF
[2026-09-10 17:43:31] Kress | kime tp atsam kabul eder | enyakin=isinlanma-istegi puan=1 sebep=SINYAL_ZAYIF
[2026-09-10 17:46:22] maceswap | kim dedi onu | enyakin=- puan=0 sebep=ESLESME_YOK
[2026-09-10 17:47:39] OverLord | apathy kac killin var senin | enyakin=- puan=0 sebep=ESLESME_YOK
[2026-09-10 17:48:25] maceswap | ne kadar OverLord | enyakin=- puan=0 sebep=ESLESME_YOK
[2026-09-10 17:49:07] ItzRealMusty | kaç tane | enyakin=- puan=0 sebep=ESLESME_YOK
[2026-09-10 17:49:10] maceswap | ne kadar | enyakin=- puan=0 sebep=ESLESME_YOK
[2026-09-10 17:49:58] leleoluk | sen niye geldin | enyakin=- puan=0 sebep=ESLESME_YOK
[2026-09-10 17:50:23] leleoluk | elmasları kim kırdı | enyakin=- puan=0 sebep=ESLESME_YOK
[2026-09-10 17:51:10] apathyharbi | rehber bey? | enyakin=- puan=0 sebep=ESLESME_YOK
[2026-09-10 17:51:44] apathyharbi | mesela elmas satsam 4k diye 5kya satıor nedemek yani? | enyakin=- puan=0 sebep=ESLESME_YOK
[2026-09-10 17:52:14] KadirHB | bıraktım sana niye yazmadın güzel kardeşim | enyakin=- puan=0 sebep=ESLESME_YOK
[2026-09-10 17:52:16] OverLord | 4 k ya satıcam dedin 5 k ya sattın dedim kötü bisey dediysem uyarırmısın ? | enyakin=- puan=0 sebep=ESLESME_YOK
[2026-09-10 17:52:39] ItzRealMusty | kaç tane | enyakin=- puan=0 sebep=ESLESME_YOK
[2026-09-10 17:52:52] ItzRealMusty | 1 stek kac | enyakin=- puan=0 sebep=ESLESME_YOK
[2026-09-10 17:53:29] OverLord | ne kadar elmas | enyakin=- puan=0 sebep=ESLESME_YOK
[2026-09-10 17:53:57] WeptTexas4027 | netherite seti olanlar? | enyakin=nether-gitme puan=1 sebep=SINYAL_ZAYIF
[2026-09-10 17:54:12] KadirHB | 2 stack al 30kya salayım? | enyakin=- puan=0 sebep=ESLESME_YOK
[2026-09-10 17:54:27] maceswap | neydi soru | enyakin=- puan=0 sebep=ESLESME_YOK
[2026-09-10 17:59:14] OverLord | kaç lira | enyakin=- puan=0 sebep=ESLESME_YOK
[2026-09-10 17:59:25] KadirHB | türk var mı | enyakin=- puan=0 sebep=ESLESME_YOK
[2026-09-10 17:59:40] ItzRealMusty | off hergun mu Fantom gelir | enyakin=para-kazanma puan=1 sebep=SINYAL_ZAYIF
[2026-09-10 18:01:23] KadirHB | kaç yaşındasın | enyakin=- puan=0 sebep=ESLESME_YOK
[2026-09-10 18:09:15] kyrosrfl | nası yani | enyakin=- puan=0 sebep=ESLESME_YOK
[2026-09-10 18:12:19] ItzRealMusty | elytra mi vardı | enyakin=- puan=0 sebep=ESLESME_YOK
[2026-09-10 18:13:09] ItzRealMusty | elytra sation mi | enyakin=- puan=0 sebep=ESLESME_YOK
[2026-09-10 18:15:38] Nejdet8858 | bulmak kolay mı karşm | enyakin=- puan=0 sebep=ESLESME_YOK
[2026-09-10 18:17:19] ItzRealMusty | kaç tane | enyakin=- puan=0 sebep=ESLESME_YOK
[2026-09-10 18:19:59] Nejdet8858 | kaç veriyon knk | enyakin=- puan=0 sebep=ESLESME_YOK
[2026-09-10 18:23:19] Nejdet8858 | biz elytrayı 900 k dan satıyoz var mı lan daha azı | enyakin=- puan=0 sebep=ESLESME_YOK
[2026-09-10 18:24:34] apathyharbi | 900kya ely satan kim hacı | enyakin=- puan=0 sebep=ESLESME_YOK
[2026-09-10 18:25:20] cayanacar | olm kaç iştiyonuz | enyakin=- puan=0 sebep=ESLESME_YOK
[2026-09-10 18:25:49] cayanacar | kaç istiyonuz siz ya | enyakin=- puan=0 sebep=ESLESME_YOK
[2026-09-10 18:28:13] Ali_kayra8287 | bana biri tp attı o kim | enyakin=isinlanma-istegi puan=1 sebep=SINYAL_ZAYIF
[2026-09-10 18:28:38] OverLord | neden küfür ettin | enyakin=- puan=0 sebep=ESLESME_YOK
[2026-09-10 18:29:03] Ali_kayra8287 | kim TP etti | enyakin=isinlanma-istegi puan=1 sebep=SINYAL_ZAYIF
[2026-09-10 18:29:26] AyiBogan064 | bende o kadar yok 40 olmaz mi | enyakin=- puan=0 sebep=ESLESME_YOK
[2026-09-10 18:31:21] leleoluk | ne zaman gelir mace | enyakin=para-kazanma puan=1 sebep=SINYAL_ZAYIF
[2026-09-10 18:31:51] ItzRealMusty | satmican mi | enyakin=- puan=0 sebep=ESLESME_YOK
[2026-09-10 18:33:18] maceswap | Ali_kayra8287 neden | enyakin=- puan=0 sebep=ESLESME_YOK
[2026-09-10 18:34:03] maceswap | Ali_kayra8287 nasıl öldün | enyakin=- puan=0 sebep=ESLESME_YOK
[2026-09-10 18:34:18] Anume4613 | 5 ne kadar | enyakin=- puan=0 sebep=ESLESME_YOK
[2026-09-10 18:35:01] kyrosrfl | cok mu iyi bişey | enyakin=- puan=0 sebep=ESLESME_YOK
[2026-09-10 18:37:14] kyrosrfl | ne kadar ali | enyakin=- puan=0 sebep=ESLESME_YOK
[2026-09-10 18:37:23] Ali_kayra8287 | sen kaç verirsin | enyakin=- puan=0 sebep=ESLESME_YOK
[2026-09-10 18:38:17] Skyler | neden tpahere yok | enyakin=- puan=0 sebep=ESLESME_YOK
[2026-09-10 18:38:22] EnsignSign31409 | rehber servet 3 kaç demistin | enyakin=- puan=0 sebep=ESLESME_YOK
[2026-09-10 18:39:04] kyrosrfl | beyler 1 antık kalıntı kaç netherite veriyor | enyakin=nether-gitme puan=1 sebep=SINYAL_ZAYIF
[2026-09-10 18:40:06] kyrosrfl | 1 antik kalıntı kaç nether veriyor | enyakin=nether-gitme puan=1 sebep=SINYAL_ZAYIF
[2026-09-10 18:40:58] KadirHB | nasıl gereksiz | enyakin=- puan=0 sebep=ESLESME_YOK
[2026-09-10 18:42:04] OverLord | Kadir kibar olurmusun ? lütfen | enyakin=- puan=0 sebep=ESLESME_YOK
[2026-09-10 18:44:34] kyrosrfl | kim elmas satın almak ister | enyakin=site-kredi puan=2 sebep=SINYAL_ZAYIF
[2026-09-10 18:44:36] XEONED5 | survivala nerden giricem sunucuda yeniyim | enyakin=orman-gitme puan=1 sebep=SINYAL_ZAYIF
[2026-09-10 18:45:07] OverLord | kadir neden ? | enyakin=- puan=0 sebep=ESLESME_YOK
[2026-09-10 18:46:28] Bela377 | merdivenden nasıl düştün knk | enyakin=- puan=0 sebep=ESLESME_YOK
[2026-09-10 18:46:42] maceswap | ben senin nerden kardeşin oluyorum | enyakin=- puan=0 sebep=ESLESME_YOK
[2026-09-10 18:47:23] KadirHB | nasıl konuşuyorum | enyakin=- puan=0 sebep=ESLESME_YOK
[2026-09-10 18:47:39] KadirHB | neyi sana demedim? | enyakin=- puan=0 sebep=ESLESME_YOK
[2026-09-10 18:47:59] KadirHB | farz et ki dedim ne değişecek? | enyakin=- puan=0 sebep=ESLESME_YOK
[2026-09-10 18:49:24] XEONED5 | bune sürekli endde doğuyorum bunu değiştirebiliyoz mu | enyakin=- puan=0 sebep=ESLESME_YOK
[2026-09-10 18:49:25] KadirHB | sen kimsin ki bana böyle bir ders veriyorsun? | enyakin=- puan=0 sebep=ESLESME_YOK
[2026-09-10 18:49:29] OverLord | 1 k mı acayip az | enyakin=- puan=0 sebep=ESLESME_YOK
[2026-09-10 18:51:46] Bela377 | ne kadar | enyakin=- puan=0 sebep=ESLESME_YOK
[2026-09-10 18:52:10] AyiBogan064 | kaç wltin lazim | enyakin=- puan=0 sebep=ESLESME_YOK
[2026-09-10 18:52:29] OverLord | asagıda doguyor neden | enyakin=- puan=0 sebep=ESLESME_YOK
[2026-09-10 18:53:37] AyiBogan064 | çiğ olur mu | enyakin=- puan=0 sebep=ESLESME_YOK
[2026-09-10 18:53:37] OverLord | farmı nasıl yapmalıyız | enyakin=en-iyi-farm puan=1 sebep=SINYAL_ZAYIF
[2026-09-10 18:53:44] Bela377 | 2 tane altınım var istiyon mu | enyakin=- puan=0 sebep=ESLESME_YOK
[2026-09-10 18:55:48] maceswap | elmas sende mi var | enyakin=- puan=0 sebep=ESLESME_YOK
[2026-09-10 18:56:17] OverLord | ne kadar lazım | enyakin=- puan=0 sebep=ESLESME_YOK
[2026-09-10 18:56:23] OverLord | kim dedi onu | enyakin=- puan=0 sebep=ESLESME_YOK
[2026-09-10 18:56:39] maceswap | kime dedin | enyakin=- puan=0 sebep=ESLESME_YOK
[2026-09-10 18:58:31] KadirHB | ne sıkıntın var? | enyakin=- puan=0 sebep=ESLESME_YOK
[2026-09-10 18:58:49] maceswap | ne kadar KadirHB | enyakin=- puan=0 sebep=ESLESME_YOK
[2026-09-10 19:00:11] Skyler | o nasıl goerv yaa | enyakin=- puan=0 sebep=ESLESME_YOK
[2026-09-10 19:00:58] KadirHB | sana kardeşim demedim? | enyakin=- puan=0 sebep=ESLESME_YOK
[2026-09-10 19:01:30] KadirHB | öncesiyle alakalı uzatma diye sen demedin mi? | enyakin=- puan=0 sebep=ESLESME_YOK
[2026-09-10 19:18:35] KadirHB | sen yazdığımı gördün mü | enyakin=- puan=0 sebep=ESLESME_YOK
[2026-09-10 19:20:09] Skyler | o nası nick | enyakin=- puan=0 sebep=ESLESME_YOK
[2026-09-10 19:24:10] Barlas93 | nasıl ya | enyakin=- puan=0 sebep=ESLESME_YOK
[2026-09-10 19:25:58] KadirHB | türkiyedeki tüm veri merkezleri çöktü diyen oldu mu sana | enyakin=- puan=0 sebep=ESLESME_YOK
[2026-09-10 19:26:17] KadirHB | ne diyorsun az önce tüm demedin mi mesajında | enyakin=- puan=0 sebep=ESLESME_YOK
[2026-09-10 19:29:54] bosluk1 | nu onarımdan sadece ben mi para kastım kk | enyakin=para-kazanma puan=1 sebep=SINYAL_ZAYIF
[2026-09-10 19:30:24] Skyler | niye tpattın | enyakin=- puan=0 sebep=ESLESME_YOK
[2026-09-10 19:30:41] Skyler | neden kapandı | enyakin=- puan=0 sebep=ESLESME_YOK
[2026-09-10 19:33:35] bosluk1 | kadir hangi sp değişir | enyakin=- puan=0 sebep=ESLESME_YOK
[2026-09-10 19:34:15] KadirHB | kaç isteyeyim | enyakin=- puan=0 sebep=ESLESME_YOK
[2026-09-10 19:34:25] KadirHB | sen kaç verirsin | enyakin=- puan=0 sebep=ESLESME_YOK
[2026-09-10 19:38:23] kyrosrfl | 1 tane mi | enyakin=- puan=0 sebep=ESLESME_YOK
[2026-09-10 19:38:53] kyrosrfl | kaç elmas olur | enyakin=- puan=0 sebep=ESLESME_YOK
[2026-09-10 19:40:45] bosluk1 | olm nası | enyakin=- puan=0 sebep=ESLESME_YOK
[2026-09-10 19:40:51] apathyharbi | siz bu parayı nası kasıonuz | enyakin=para-kazanma puan=1 sebep=SINYAL_ZAYIF
[2026-09-10 19:42:21] ItzRealMusty | elytra satın alack? | enyakin=site-kredi puan=2 sebep=SINYAL_ZAYIF
[2026-09-10 19:48:34] KeremQA_22 | bu sw yeni mi acaba | enyakin=- puan=0 sebep=ESLESME_YOK
[2026-09-10 19:50:39] kyrosrfl | kaç verirsin | enyakin=- puan=0 sebep=ESLESME_YOK
[2026-09-10 19:53:26] Barlas93 | Kadir Autochat kullanmïyorsa nasıl birisin galiba Ellerin birbinemi giriyordur klavye yanıyordur | enyakin=- puan=0 sebep=ESLESME_YOK
[2026-09-10 19:54:13] Ali_kayra8287 | with neden saldiriyon | enyakin=- puan=0 sebep=ESLESME_YOK
[2026-09-10 19:56:52] ItzRealMusty | niye atiyim kardes | enyakin=- puan=0 sebep=ESLESME_YOK
[2026-09-10 19:58:36] bosluk1 | ne kadar var | enyakin=- puan=0 sebep=ESLESME_YOK
[2026-09-10 19:58:42] maceswap | ne kadar istiyorsun | enyakin=- puan=0 sebep=ESLESME_YOK
[2026-09-10 19:58:49] bosluk1 | ne kadar var önce söyle | enyakin=- puan=0 sebep=ESLESME_YOK
[2026-09-10 19:59:04] bosluk1 | mace kaç tane var barıt | enyakin=- puan=0 sebep=ESLESME_YOK
[2026-09-10 20:01:29] kisaparlementt | nası para kasarım | enyakin=para-kazanma puan=1 sebep=SINYAL_ZAYIF
[2026-09-10 20:03:50] Anume4613 | bende fulbring neden çalışmıyo | enyakin=- puan=0 sebep=ESLESME_YOK
[2026-09-10 20:04:30] KeremQA_22 | ffalar ne zaman | enyakin=- puan=0 sebep=ESLESME_YOK
[2026-09-10 20:04:40] ItzRealMusty | nasıl oluyor bu | enyakin=- puan=0 sebep=ESLESME_YOK
[2026-09-10 20:04:42] Yigit462 | vip filan nasıl alcaz | enyakin=vip-rutbe puan=1 sebep=SINYAL_ZAYIF
[2026-09-10 20:07:09] kisaparlementt | neden gmail istiyor | enyakin=- puan=0 sebep=ESLESME_YOK
[2026-09-10 20:07:24] kisaparlementt | neden gmail istiyor maceswap | enyakin=- puan=0 sebep=ESLESME_YOK
[2026-09-10 20:09:01] ItzRealMusty | mace yanımda niye olsum | enyakin=- puan=0 sebep=ESLESME_YOK
[2026-09-10 20:11:27] xWith | tartışma mı | enyakin=- puan=0 sebep=ESLESME_YOK
[2026-09-10 20:12:52] kyrosrfl | beyler endde kim öldü | enyakin=- puan=0 sebep=ESLESME_YOK
[2026-09-10 20:13:06] ItzRealMusty | setin nerde | enyakin=- puan=0 sebep=ESLESME_YOK
[2026-09-10 20:18:24] Bela377 | neden ki | enyakin=- puan=0 sebep=ESLESME_YOK
[2026-09-10 20:33:34] Pixsel__Eymen | abi̇ sunucum var orda oynayalim mi | enyakin=- puan=0 sebep=ESLESME_YOK
[2026-09-10 20:36:26] BerkayTE3134 | pixel niye | enyakin=- puan=0 sebep=ESLESME_YOK
[2026-09-10 20:39:24] apathyharbi | nerde canım | enyakin=- puan=0 sebep=ESLESME_YOK
[2026-09-10 20:49:24] M_SPOWER2204 | kimse niye online deil | enyakin=- puan=0 sebep=ESLESME_YOK
[2026-09-10 20:51:23] leleoluk | kac elmas olur | enyakin=- puan=0 sebep=ESLESME_YOK
[2026-09-10 20:51:57] kyrosrfl | kaç elmas istersin ona | enyakin=- puan=0 sebep=ESLESME_YOK
[2026-09-10 20:58:07] M_SPOWER2204 | kanka sellden en kolay nasi para kasarim en hizli | enyakin=para-kazanma puan=1 sebep=SINYAL_ZAYIF
[2026-09-10 20:58:36] M_SPOWER2204 | bakir demir kac | enyakin=- puan=0 sebep=ESLESME_YOK
[2026-09-10 21:04:20] bosluk1 | kk okadar maden nası buldum | enyakin=- puan=0 sebep=ESLESME_YOK
[2026-09-10 21:04:48] leleoluk | yigit bende süper kazma var paran kac | enyakin=para-kazanma puan=1 sebep=SINYAL_ZAYIF
[2026-09-10 21:09:17] AyiBogan064 | yaptın mi | enyakin=- puan=0 sebep=ESLESME_YOK
[2026-09-10 21:09:57] AyiBogan064 | gördün mü | enyakin=- puan=0 sebep=ESLESME_YOK
[2026-09-10 21:16:24] maceswap | KeremQA_22 kaç tane var | enyakin=- puan=0 sebep=ESLESME_YOK
[2026-09-10 21:17:21] AyiBogan064 | yemek aldın mi | enyakin=- puan=0 sebep=ESLESME_YOK
[2026-09-10 21:17:42] Pixsel__Eymen | göğüslüklerı degıstırelım mı | enyakin=- puan=0 sebep=ESLESME_YOK
[2026-09-10 21:17:56] AyiBogan064 | ah yazmasın mi | enyakin=acik-artirma puan=1 sebep=SINYAL_ZAYIF
[2026-09-10 21:19:46] kyrosrfl | demir kaç var bakıcam | enyakin=- puan=0 sebep=ESLESME_YOK
[2026-09-10 21:21:34] Pixsel__Eymen | kaç yasındasın | enyakin=- puan=0 sebep=ESLESME_YOK
[2026-09-10 21:24:04] OverLord | ben neden öldum?? | enyakin=- puan=0 sebep=ESLESME_YOK
[2026-09-10 21:24:24] AyiBogan064 | görev ne nasıl yapcam | enyakin=gunluk-gorev puan=1 sebep=SINYAL_ZAYIF
[2026-09-10 21:25:21] AyiBogan064 | buna mi satcam | enyakin=- puan=0 sebep=ESLESME_YOK
[2026-09-10 21:28:29] KeremQA_22 | köylü çiftleşmesi kapalı mı | enyakin=- puan=0 sebep=ESLESME_YOK
[2026-09-10 21:30:47] KURT0619 | oseti nerden buldun | enyakin=- puan=0 sebep=ESLESME_YOK
[2026-09-10 21:31:33] ItzRealMusty | ./back komutu tam olarak nereye isiniluyor | enyakin=menu puan=1 sebep=SINYAL_ZAYIF
[2026-09-10 21:31:55] egemen1559 | nası alcam bipmiuom | enyakin=- puan=0 sebep=ESLESME_YOK
[2026-09-10 21:36:10] ItzRealMusty | lan taşın içinden rastgele niye gümüşçün cikiyor | enyakin=rtp puan=1 sebep=SINYAL_ZAYIF
[2026-09-10 21:39:25] egemen1559 | neden öldürdünüz | enyakin=- puan=0 sebep=ESLESME_YOK
[2026-09-10 21:40:57] KURT0619 | şimdi niye herkesi cagırıyosun belkide evi patlat caklar | enyakin=- puan=0 sebep=ESLESME_YOK
[2026-09-10 21:41:21] egemen1559 | kurt sen knk neden beni eziyosun | enyakin=- puan=0 sebep=ESLESME_YOK
[2026-09-10 21:41:29] egemen1559 | knk ben niye yapiyim ya | enyakin=- puan=0 sebep=ESLESME_YOK
[2026-09-10 21:41:33] KURT0619 | nerde eim | enyakin=- puan=0 sebep=ESLESME_YOK
[2026-09-10 21:43:29] egemen1559 | neden öyle yapiuim | enyakin=- puan=0 sebep=ESLESME_YOK
[2026-09-10 21:44:42] M_SPOWER2204 | rehber lobiye nasi gidioz | enyakin=- puan=0 sebep=ESLESME_YOK
[2026-09-10 21:47:03] M_SPOWER2204 | admin nerde | enyakin=- puan=0 sebep=ESLESME_YOK
[2026-09-10 21:47:06] Nedimboran06 | knk size bisey sorcam nasi gircez dunyaya | enyakin=- puan=0 sebep=ESLESME_YOK
[2026-09-10 21:48:30] M_SPOWER2204 | he ne zaman gelir | enyakin=para-kazanma puan=1 sebep=SINYAL_ZAYIF
[2026-09-10 21:48:52] M_SPOWER2204 | ardanin ban ne zaman kalkar | enyakin=ceza-itiraz puan=1 sebep=SINYAL_ZAYIF
[2026-09-10 21:51:34] Nedimboran06 | nasi kazancaz knk | enyakin=para-kazanma puan=1 sebep=SINYAL_ZAYIF
[2026-09-10 21:55:00] Ramazan6414 | pixsel eymen hapis mi yaptınız | enyakin=- puan=0 sebep=ESLESME_YOK
[2026-09-10 21:56:51] Bela377 | beyler zümrğt alan?? | enyakin=- puan=0 sebep=ESLESME_YOK
[2026-09-10 21:57:29] KeremQA_22 | tane kaç | enyakin=- puan=0 sebep=ESLESME_YOK
[2026-09-10 21:57:53] Nedimboran06 | ramazan nerden gircez modaaa | enyakin=- puan=0 sebep=ESLESME_YOK
[2026-09-10 21:59:17] KeremQA_22 | arena var mı | enyakin=- puan=0 sebep=ESLESME_YOK
[2026-09-10 21:59:24] Nedimboran06 | arenaya nasi gelcez | enyakin=- puan=0 sebep=ESLESME_YOK
[2026-09-10 22:01:09] KadirHB | adam bir şey yazmadı neden sildin? | enyakin=- puan=0 sebep=ESLESME_YOK
[2026-09-10 22:02:16] M_SPOWER2204 | nasi kirarim | enyakin=- puan=0 sebep=ESLESME_YOK
[2026-09-10 22:02:55] Nedimboran06 | hee para nasi kazaniliyo | enyakin=para-kazanma puan=1 sebep=SINYAL_ZAYIF
[2026-09-10 22:03:12] Nedimboran06 | nasi satcam | enyakin=- puan=0 sebep=ESLESME_YOK
[2026-09-10 22:04:15] egemen1559 | nası yazcam | enyakin=- puan=0 sebep=ESLESME_YOK
[2026-09-10 22:04:35] kamran2 | evi gelisdirelimi? | enyakin=- puan=0 sebep=ESLESME_YOK
[2026-09-10 22:05:03] Nedimboran06 | knk nasi | enyakin=- puan=0 sebep=ESLESME_YOK
[2026-09-10 22:05:33] Ramazan6414 | kendimizi pvpde geliştirek mi | enyakin=- puan=0 sebep=ESLESME_YOK
[2026-09-10 22:05:37] Pixsel__Eymen | yapmayın bunu kım cektı | enyakin=- puan=0 sebep=ESLESME_YOK
[2026-09-10 22:05:38] Bela377 | 2 netherite hurdası alcak var mı | enyakin=nether-gitme puan=1 sebep=SINYAL_ZAYIF
[2026-09-10 22:05:51] Nedimboran06 | olurrr ben hergun gelirim ama beni sunucudan niye atiyo | enyakin=para-kazanma puan=1 sebep=SINYAL_ZAYIF
[2026-09-10 22:06:46] Ramazan6414 | kanka chunklar kacta | enyakin=- puan=0 sebep=ESLESME_YOK
[2026-09-10 22:07:37] kamran2 | neden yapdın | enyakin=- puan=0 sebep=ESLESME_YOK
[2026-09-10 22:07:41] Ramazan6414 | sürumun kaç | enyakin=sunucu-bilgi puan=1 sebep=SINYAL_ZAYIF
[2026-09-10 22:08:02] adala7 | madenler ne zaman sıfırlanıyor rehber | enyakin=- puan=0 sebep=ESLESME_YOK
[2026-09-10 22:08:28] adala7 | madenler ne zaman sıfırlanıyor rehber | enyakin=- puan=0 sebep=ESLESME_YOK
[2026-09-10 22:08:41] Nedimboran06 | knk esyalari nasi satiyoz | enyakin=- puan=0 sebep=ESLESME_YOK
[2026-09-10 22:09:17] adala7 | madenler kaç haftada bir sıfırlanıyor rehber | enyakin=- puan=0 sebep=ESLESME_YOK
[2026-09-10 22:11:36] KeremQA_22 | ganime kasası nası çıktı la bana | enyakin=kasa puan=1 sebep=SINYAL_ZAYIF
[2026-09-10 22:12:55] Pixsel__Eymen | ya tek sıkıntı zırh mı | enyakin=- puan=0 sebep=ESLESME_YOK
[2026-09-10 22:14:22] Nedimboran06 | nasi kabul etcemmm | enyakin=- puan=0 sebep=ESLESME_YOK
[2026-09-10 22:15:43] bosluk1 | kim kesti | enyakin=- puan=0 sebep=ESLESME_YOK
[2026-09-10 22:16:21] OverLord | kim yapıyo sunu | enyakin=- puan=0 sebep=ESLESME_YOK
[2026-09-10 22:18:32] KeremQA_22 | vahşi bölgeye nası gidebilirim | enyakin=- puan=0 sebep=ESLESME_YOK
[2026-09-10 22:18:55] uras1098 | knk base varmı? | enyakin=- puan=0 sebep=ESLESME_YOK
[2026-09-10 22:20:10] uras1098 | knk base varmı? | enyakin=- puan=0 sebep=ESLESME_YOK
[2026-09-10 22:20:43] Pixsel__Eymen | uras1098sesım gelıyor mu | enyakin=- puan=0 sebep=ESLESME_YOK
[2026-09-10 22:20:55] uras1098 | gelmiyor sikinti mi var | enyakin=- puan=0 sebep=ESLESME_YOK
[2026-09-10 22:21:09] M_SPOWER2204 | rehber acil soyle end sandigimi nasi aciom | enyakin=end-gitme puan=1 sebep=SINYAL_ZAYIF
[2026-09-10 22:21:28] uras1098 | base mi yapcaz | enyakin=- puan=0 sebep=ESLESME_YOK
[2026-09-10 22:21:33] M_SPOWER2204 | rehberler nasi acioz end sandiginjiii | enyakin=end-gitme puan=1 sebep=SINYAL_ZAYIF
[2026-09-10 22:21:37] egemen1559 | bizim esyalarimiz ne zaman lcak | enyakin=- puan=0 sebep=ESLESME_YOK
[2026-09-10 22:22:19] egemen1559 | neden biz | enyakin=- puan=0 sebep=ESLESME_YOK
[2026-09-10 22:22:45] KadirHB | KeremQA_22 kaçtan satıyon | enyakin=- puan=0 sebep=ESLESME_YOK
[2026-09-10 22:24:10] BerkayTE3134 | kadir netherite yükselmesini kaç stack elmasa verirsin | enyakin=nether-gitme puan=1 sebep=SINYAL_ZAYIF
[2026-09-10 22:25:37] Nedimboran06 | over lord nasi kabul etcem knk | enyakin=- puan=0 sebep=ESLESME_YOK
[2026-09-10 22:26:06] kamran2 | [event cancelled]neden yapdınız | enyakin=- puan=0 sebep=ESLESME_YOK
[2026-09-10 22:27:10] kamran2 | [event cancelled]amma neden yapdın rehber | enyakin=- puan=0 sebep=ESLESME_YOK
[2026-09-10 22:27:29] egemen1559 | benim esyalimi ve arkadaşlarımın eşyalarını ne zaman bize verilecek peki | enyakin=- puan=0 sebep=ESLESME_YOK
[2026-09-10 22:28:36] OverLord | barlasa93 ne zaman :) | enyakin=- puan=0 sebep=ESLESME_YOK
[2026-09-10 22:28:49] kamran2 | [event cancelled]neden yapdız | enyakin=- puan=0 sebep=ESLESME_YOK
[2026-09-10 22:29:12] kamran2 | neden yapdız | enyakin=- puan=0 sebep=ESLESME_YOK
[2026-09-10 22:29:23] kamran2 | [event cancelled]amma neden yapdız | enyakin=- puan=0 sebep=ESLESME_YOK
[2026-09-10 22:30:04] kamran2 | neden yapdızz | enyakin=- puan=0 sebep=ESLESME_YOK
[2026-09-10 22:30:25] Nedimboran06 | uras niye | enyakin=- puan=0 sebep=ESLESME_YOK
[2026-09-10 22:30:32] maceswap | adamların base niye boyle oldu | enyakin=- puan=0 sebep=ESLESME_YOK
[2026-09-10 22:30:34] kamran2 | amma neden yapdız biz ona emek hasdadık | enyakin=- puan=0 sebep=ESLESME_YOK
[2026-09-10 22:31:25] OverLord | uras kim | enyakin=- puan=0 sebep=ESLESME_YOK
[2026-09-10 22:31:42] kamran2 | neden yapdın overlordd | enyakin=- puan=0 sebep=ESLESME_YOK
[2026-09-10 22:33:11] Nedimboran06 | knk birine nasi bisey atiyoz tr | enyakin=- puan=0 sebep=ESLESME_YOK
[2026-09-10 22:33:48] Dark | creeper spawnı ne kadar | enyakin=spawn-warp puan=1 sebep=SINYAL_ZAYIF
[2026-09-10 22:35:16] Nedimboran06 | tp nasi atiyoz | enyakin=isinlanma-istegi puan=1 sebep=SINYAL_ZAYIF
[2026-09-10 22:35:24] Nedimboran06 | tp nasi atiyoz | enyakin=isinlanma-istegi puan=1 sebep=SINYAL_ZAYIF
[2026-09-10 22:35:31] KadirHB | satıyon mu | enyakin=- puan=0 sebep=ESLESME_YOK
[2026-09-10 22:35:33] KadirHB | satıyon mu | enyakin=- puan=0 sebep=ESLESME_YOK
[2026-09-10 22:35:48] kamran2 | neden yapdın | enyakin=- puan=0 sebep=ESLESME_YOK
[2026-09-10 22:39:49] ahmetxd5787 | arkadaş olan var mı benimle | enyakin=- puan=0 sebep=ESLESME_YOK
[2026-09-10 22:43:31] OverLord | egemen hediye istemiyor musun ? | enyakin=- puan=0 sebep=ESLESME_YOK
[2026-09-10 22:43:38] M_SPOWER2204 | meksikali ne kadarin var | enyakin=- puan=0 sebep=ESLESME_YOK
[2026-09-10 22:43:51] Gigachad | over lord benim hiç bir şeyim yok bana elmas set yapar mısın? | enyakin=- puan=0 sebep=ESLESME_YOK
[2026-09-10 22:43:53] Nedimboran06 | rehber satis nasi yapcaz | enyakin=- puan=0 sebep=ESLESME_YOK
[2026-09-10 22:44:24] Gigachad | over lord benim hiç bir şeyim yok bana elmas set yapar mısın? | enyakin=- puan=0 sebep=ESLESME_YOK
[2026-09-10 22:46:28] maceswap | nasıl kullanılıyor bu | enyakin=- puan=0 sebep=ESLESME_YOK
[2026-09-10 22:46:34] RaconEmir | ne kadar istersin | enyakin=- puan=0 sebep=ESLESME_YOK
[2026-09-10 22:47:11] maceswap | senin sürüm kaç MAZIFIR | enyakin=sunucu-bilgi puan=1 sebep=SINYAL_ZAYIF
[2026-09-10 22:48:11] OverLord | harc uzatmassan sevinirim neden | enyakin=- puan=0 sebep=ESLESME_YOK
[2026-09-10 22:49:38] adala7 | Ali sende lag var mı | enyakin=- puan=0 sebep=ESLESME_YOK
[2026-09-10 22:50:51] OverLord | bosluk bu nasıl bir sistem | enyakin=- puan=0 sebep=ESLESME_YOK
[2026-09-10 22:52:55] KeremQA_22 | kaç ekmekle köylüler çiftleşiyodu | enyakin=- puan=0 sebep=ESLESME_YOK
[2026-09-10 22:56:21] bosluk1 | kac vuruo | enyakin=- puan=0 sebep=ESLESME_YOK
[2026-09-10 22:56:30] bosluk1 | kac kalp gidio | enyakin=- puan=0 sebep=ESLESME_YOK
[2026-09-10 22:58:00] OverLord | ya nasıl | enyakin=- puan=0 sebep=ESLESME_YOK
[2026-09-10 23:02:13] dijitaltotofan | nası oluyonuz anlamıyom | enyakin=- puan=0 sebep=ESLESME_YOK
[2026-09-10 23:02:25] vefaozel | beyler eşya verecek var mı item yok | enyakin=- puan=0 sebep=ESLESME_YOK
[2026-09-10 23:07:00] Dark | ne kadar elitra | enyakin=- puan=0 sebep=ESLESME_YOK
[2026-09-10 23:14:39] OverLord | büyüleri kim aldı | enyakin=buyu-masasi puan=1 sebep=SINYAL_ZAYIF
[2026-09-10 23:16:52] OverLord | posta atıyolar ?? | enyakin=- puan=0 sebep=ESLESME_YOK
[2026-09-10 23:17:04] OverLord | nasıl yok ?? | enyakin=- puan=0 sebep=ESLESME_YOK
[2026-09-10 23:21:22] Ebuski | nası sattcam | enyakin=- puan=0 sebep=ESLESME_YOK
[2026-09-10 23:22:05] KadirHB | kaç taneye bu | enyakin=- puan=0 sebep=ESLESME_YOK
[2026-09-10 23:22:49] Ebuski | nası satıcam | enyakin=- puan=0 sebep=ESLESME_YOK
[2026-09-10 23:23:28] Ebuski | kadir nası satıcam | enyakin=- puan=0 sebep=ESLESME_YOK
[2026-09-10 23:26:27] ahmetxd5787 | nasıl atılıyo tp atim | enyakin=isinlanma-istegi puan=1 sebep=SINYAL_ZAYIF
[2026-09-10 23:27:31] vefaozel | kanka senle ender pearl toplayak mı sana tekne vereyim | enyakin=- puan=0 sebep=ESLESME_YOK
[2026-09-10 23:30:34] ahmetxd5787 | nereye gidim | enyakin=- puan=0 sebep=ESLESME_YOK
[2026-09-10 23:39:11] RosyCored | what server is this ?? | enyakin=- puan=0 sebep=ESLESME_YOK
[2026-09-10 23:39:37] RosyCored | oh turkish server ? | enyakin=- puan=0 sebep=ESLESME_YOK
[2026-09-10 23:42:02] dijitaltotofan | end de kim ölduse eşyalara çöktüm | enyakin=end-gitme puan=1 sebep=SINYAL_ZAYIF
[2026-09-10 23:42:28] leleoluk | basede biri var kim almıs | enyakin=- puan=0 sebep=ESLESME_YOK
[2026-09-10 23:46:06] Skyler | nerden bakvam | enyakin=- puan=0 sebep=ESLESME_YOK
[2026-09-10 23:51:15] vefaozel | arkadaşlar sizde yemek var mı | enyakin=- puan=0 sebep=ESLESME_YOK
[2026-09-10 23:52:09] NextRisen | verimlilik beşi olan var mı | enyakin=- puan=0 sebep=ESLESME_YOK
[2026-09-10 23:55:11] xWith | crystal smp mi düz smp mi | enyakin=- puan=0 sebep=ESLESME_YOK
[2026-09-10 23:55:15] xWith | hangisi daha iyi sence | enyakin=- puan=0 sebep=ESLESME_YOK
[2026-09-10 23:55:25] Ebuski | neden sordun | enyakin=- puan=0 sebep=ESLESME_YOK
[2026-09-10 23:55:28] xWith | hangisi daha iyi sence | enyakin=- puan=0 sebep=ESLESME_YOK
[2026-09-10 23:55:30] xWith | hangisi daha iyi sence Ebuski | enyakin=- puan=0 sebep=ESLESME_YOK
[2026-09-10 23:55:46] xWith | normal smp mi crystal smp mi | enyakin=- puan=0 sebep=ESLESME_YOK
[2026-09-10 23:56:05] xWith | birini söyle hangisi senin için daha iyi kanka bu smp mi yoksa normal sunucu mu | enyakin=- puan=0 sebep=ESLESME_YOK
[2026-09-10 23:57:16] Dark | her dakika 1 tane mi | enyakin=- puan=0 sebep=ESLESME_YOK
[2026-09-10 23:58:06] xWith | OverLordu teame alalım mı | enyakin=takim puan=1 sebep=SINYAL_ZAYIF
[2026-09-10 23:58:49] xWith | sorunların mı var | enyakin=- puan=0 sebep=ESLESME_YOK
[2026-09-11 00:01:01] mdoruk | overvorld bu set bana nasıl geldi | enyakin=- puan=0 sebep=ESLESME_YOK
[2026-09-11 00:02:44] Ebuski | sen nası bi adamsın ya kral kral | enyakin=- puan=0 sebep=ESLESME_YOK
[2026-09-11 00:03:08] vefaozel | aga sende odun var mı | enyakin=- puan=0 sebep=ESLESME_YOK
[2026-09-11 00:04:05] dijitaltotofan | tpa gelecek yok mu | enyakin=isinlanma-istegi puan=1 sebep=SINYAL_ZAYIF
[2026-09-11 00:05:25] Ebuski | vefa nereye gittinn kral | enyakin=- puan=0 sebep=ESLESME_YOK
[2026-09-11 00:14:42] apathyharbi | bunu nie aldık? | enyakin=- puan=0 sebep=ESLESME_YOK
[2026-09-11 00:18:59] RaconEmir | endde kendini yakan eşşek kim | enyakin=- puan=0 sebep=ESLESME_YOK
[2026-09-11 00:30:27] bosluk1 | kim aktif | enyakin=- puan=0 sebep=ESLESME_YOK
[2026-09-11 00:31:09] RaconEmir | o nasıl birşey olm | enyakin=- puan=0 sebep=ESLESME_YOK
[2026-09-11 00:35:36] Haliko | maks kaç verirsin | enyakin=- puan=0 sebep=ESLESME_YOK
[2026-09-11 00:36:54] bosluk1 | arda kim | enyakin=- puan=0 sebep=ESLESME_YOK
[2026-09-11 00:37:42] RaconEmir | birde kullanmıom diodu nasıl yakalndı | enyakin=- puan=0 sebep=ESLESME_YOK
[2026-09-11 00:39:02] bosluk1 | kk para nası kasıon ya bana gostersene | enyakin=para-kazanma puan=1 sebep=SINYAL_ZAYIF
[2026-09-11 00:40:09] RaconEmir | kaç tanei | enyakin=- puan=0 sebep=ESLESME_YOK
[2026-09-11 00:41:31] RaconEmir | he kaç elmasa bulursun bana | enyakin=- puan=0 sebep=ESLESME_YOK
[2026-09-11 00:51:35] RaconEmir | toto yaş kaç | enyakin=- puan=0 sebep=ESLESME_YOK
[2026-09-11 00:55:44] dijitaltotofan | takım base nerde | enyakin=takim puan=1 sebep=SINYAL_ZAYIF
[2026-09-11 00:58:11] bosluk1 | shemetic mi | enyakin=- puan=0 sebep=ESLESME_YOK
[2026-09-11 00:59:01] dijitaltotofan | nt yi köylü mi aldı | enyakin=- puan=0 sebep=ESLESME_YOK
[2026-09-11 01:00:37] RaconEmir | senin lvl kaç | enyakin=seviye puan=1 sebep=SINYAL_ZAYIF
[2026-09-11 01:01:21] RaconEmir | java mı senınkı | enyakin=- puan=0 sebep=ESLESME_YOK
[2026-09-11 01:01:35] RaconEmir | sürüm kaç | enyakin=sunucu-bilgi puan=1 sebep=SINYAL_ZAYIF
[2026-09-11 01:02:15] vefaozel | beyler team olacak var mı | enyakin=takim puan=1 sebep=SINYAL_ZAYIF
[2026-09-11 01:05:24] dijitaltotofan | nasıl takıma yazıyom | enyakin=takim puan=1 sebep=SINYAL_ZAYIF
[2026-09-11 01:06:11] bosluk1 | kactan alıon kk | enyakin=- puan=0 sebep=ESLESME_YOK
[2026-09-11 01:08:24] maceswap | hangi büyüler var | enyakin=buyu-masasi puan=1 sebep=SINYAL_ZAYIF
[2026-09-11 01:11:25] KadirHB | sen köylülerin halini gördün mü ki | enyakin=- puan=0 sebep=ESLESME_YOK
[2026-09-11 01:14:42] maceswap | teşekkürler kır 3 ne kadar olur en son | enyakin=- puan=0 sebep=ESLESME_YOK
[2026-09-11 01:17:14] KadirHB | pahalı dedin ya? | enyakin=- puan=0 sebep=ESLESME_YOK
[2026-09-11 01:22:32] KadirHB | büyü kitabı alacak var mı | enyakin=buyu-masasi puan=1 sebep=SINYAL_ZAYIF
[2026-09-11 01:36:45] ShinyDart7444 | takımlaşacak var mi | enyakin=takim puan=1 sebep=SINYAL_ZAYIF
[2026-09-11 01:40:57] EightEmo | nasıl gidebilirim dünyaya | enyakin=- puan=0 sebep=ESLESME_YOK
[2026-09-11 01:41:30] EightEmo | beyler dünyaya nasıl gidebilirim | enyakin=- puan=0 sebep=ESLESME_YOK
[2026-09-11 01:42:22] EightEmo | beraber kasılacak var mı | enyakin=- puan=0 sebep=ESLESME_YOK
[2026-09-11 01:44:07] EightEmo | yaş kaç biladerim | enyakin=- puan=0 sebep=ESLESME_YOK
[2026-09-11 01:44:23] EightEmo | harbi mi diyorsun lan | enyakin=- puan=0 sebep=ESLESME_YOK
[2026-09-11 01:47:34] LaterStorm47548 | nasıl gelicez | enyakin=- puan=0 sebep=ESLESME_YOK
[2026-09-11 01:50:27] EightEmo | gençler iyi build bilen var mı | enyakin=- puan=0 sebep=ESLESME_YOK
[2026-09-11 01:53:06] ShinyDart7444 | abe Dexter gelsin mi | enyakin=- puan=0 sebep=ESLESME_YOK
[2026-09-11 01:53:12] LaterStorm47548 | ark nasıl eklioz | enyakin=- puan=0 sebep=ESLESME_YOK
[2026-09-11 01:53:15] EightEmo | dexter sen kasıldın mı | enyakin=- puan=0 sebep=ESLESME_YOK
[2026-09-11 01:55:48] EightEmo | ömer cano köy var mı buralarda | enyakin=- puan=0 sebep=ESLESME_YOK
[2026-09-11 01:58:17] EightEmo | admin yok mu bu serverda bilader | enyakin=- puan=0 sebep=ESLESME_YOK
[2026-09-11 01:58:17] ShinyDart7444 | bunlar nasi nick | enyakin=- puan=0 sebep=ESLESME_YOK
[2026-09-11 01:59:37] EightEmo | nasıl tp atacaktı bebe ömer yazsana bi | enyakin=isinlanma-istegi puan=1 sebep=SINYAL_ZAYIF
[2026-09-11 02:01:57] EightEmo | bizim bebeler nerde | enyakin=- puan=0 sebep=ESLESME_YOK
[2026-09-11 02:03:05] EightEmo | later stormda senle değil mi | enyakin=- puan=0 sebep=ESLESME_YOK
[2026-09-11 02:03:31] EightEmo | allah allah yeni mi bu | enyakin=- puan=0 sebep=ESLESME_YOK
[2026-09-11 02:04:20] EightEmo | benim çar bozuldu cano neden acaba | enyakin=- puan=0 sebep=ESLESME_YOK
[2026-09-11 02:06:50] EightEmo | dexter inelim mi cano buraya ne diyon | enyakin=- puan=0 sebep=ESLESME_YOK
[2026-09-11 02:07:41] Dexter97401 | bizde satak mı | enyakin=- puan=0 sebep=ESLESME_YOK
[2026-09-11 02:09:54] EightEmo | dexter bunlar para mı ediyo şimdi gadaşım | enyakin=para-kazanma puan=1 sebep=SINYAL_ZAYIF
[2026-09-11 02:10:34] EightEmo | niye kasıyoz olum o zaman | enyakin=olunce-esya puan=1 sebep=SINYAL_ZAYIF
[2026-09-11 02:11:24] Dexter97401 | event kasası nası açıonuz | enyakin=kasa puan=1 sebep=SINYAL_ZAYIF
[2026-09-11 02:14:13] LaterStorm47548 | nereden ark eklioz | enyakin=- puan=0 sebep=ESLESME_YOK
[2026-09-11 02:15:29] LaterStorm47548 | nerden kabul ediom | enyakin=- puan=0 sebep=ESLESME_YOK
[2026-09-11 02:16:43] Dexter97401 | ta nerdeyim | enyakin=- puan=0 sebep=ESLESME_YOK
[2026-09-11 02:19:30] Dexter97401 | knk sana abi diom ama senin yaş kaç | enyakin=- puan=0 sebep=ESLESME_YOK
[2026-09-11 02:24:17] ShinyDart7444 | totem Alcan mi | enyakin=- puan=0 sebep=ESLESME_YOK
[2026-09-11 02:24:23] OverLord | ne kadar | enyakin=- puan=0 sebep=ESLESME_YOK
[2026-09-11 02:24:43] OverLord | totem 3k mı | enyakin=- puan=0 sebep=ESLESME_YOK
[2026-09-11 02:24:47] ShinyDart7444 | olmaz mi | enyakin=- puan=0 sebep=ESLESME_YOK
[2026-09-11 02:24:57] ShinyDart7444 | normald kac | enyakin=- puan=0 sebep=ESLESME_YOK
[2026-09-11 02:25:04] ShinyDart7444 | 5 değil mi | enyakin=- puan=0 sebep=ESLESME_YOK
[2026-09-11 02:30:14] ShinyDart7444 | balta var mı | enyakin=- puan=0 sebep=ESLESME_YOK
[2026-09-11 02:31:15] ShinyDart7444 | balta var mı | enyakin=- puan=0 sebep=ESLESME_YOK
[2026-09-11 02:58:43] Taylor | nasıl başka dünyaya geççez | enyakin=- puan=0 sebep=ESLESME_YOK
[2026-09-11 03:06:22] Taylor | da nasıl alcam | enyakin=- puan=0 sebep=ESLESME_YOK
[2026-09-11 03:06:26] Taylor | nasıl alcan | enyakin=- puan=0 sebep=ESLESME_YOK
[2026-09-11 03:13:29] Taylor | yaşın kaç senin kk | enyakin=- puan=0 sebep=ESLESME_YOK
[2026-09-11 03:14:40] Taylor | hangi site | enyakin=site-kredi puan=1 sebep=SINYAL_ZAYIF
[2026-09-11 03:15:58] Taylor | kaç kez karşıma geldi benim | enyakin=- puan=0 sebep=ESLESME_YOK
[2026-09-11 03:16:18] Taylor | eline vermiştim onun bi kaç kez | enyakin=- puan=0 sebep=ESLESME_YOK
[2026-09-11 03:37:24] M_SPOWER2204 | ne zaman tp atcan | enyakin=isinlanma-istegi puan=1 sebep=SINYAL_ZAYIF
[2026-09-11 03:43:36] M_SPOWER2204 | nasi silinio la | enyakin=- puan=0 sebep=ESLESME_YOK
[2026-09-11 03:47:54] M_SPOWER2204 | ben nasi yanima gelmen icin istek atıldıgini bilmiom ki | enyakin=- puan=0 sebep=ESLESME_YOK
[2026-09-11 03:49:16] Anume4613 | burayi nasi buldun | enyakin=- puan=0 sebep=ESLESME_YOK
[2026-09-11 03:49:34] Anume4613 | portaldan mi girdin | enyakin=- puan=0 sebep=ESLESME_YOK
[2026-09-11 03:50:34] M_SPOWER2204 | nasi cekilio | enyakin=- puan=0 sebep=ESLESME_YOK
[2026-09-11 03:50:52] Anume4613 | benim mi | enyakin=- puan=0 sebep=ESLESME_YOK
[2026-09-11 03:52:10] M_SPOWER2204 | efe nasi isinlicamm seni yanima | enyakin=- puan=0 sebep=ESLESME_YOK
[2026-09-11 03:52:31] Anume4613 | Orjin mi | enyakin=- puan=0 sebep=ESLESME_YOK
[2026-09-11 03:53:13] Anume4613 | niye java | enyakin=- puan=0 sebep=ESLESME_YOK
[2026-09-11 03:53:24] Anume4613 | niye tabela | enyakin=- puan=0 sebep=ESLESME_YOK
[2026-09-11 03:56:22] Anume4613 | nasil ciakrmayi dusunuyon | enyakin=- puan=0 sebep=ESLESME_YOK
[2026-09-11 03:58:41] Anume4613 | niye java onuda anlamadim | enyakin=- puan=0 sebep=ESLESME_YOK
[2026-09-11 03:59:41] Anume4613 | niye ekl3nmiyon | enyakin=- puan=0 sebep=ESLESME_YOK
[2026-09-11 04:02:44] Anume4613 | labunu nasi yaptin | enyakin=- puan=0 sebep=ESLESME_YOK
[2026-09-11 04:03:48] Taylor | bi yere nasıl spawnpoint apcam | enyakin=spawn-warp puan=1 sebep=SINYAL_ZAYIF
[2026-09-11 04:11:59] Oguzz | elitra mı arıyonuz | enyakin=- puan=0 sebep=ESLESME_YOK
[2026-09-11 04:13:06] M_SPOWER2204 | dupe mi yapicaz | enyakin=- puan=0 sebep=ESLESME_YOK
[2026-09-11 04:17:34] Oguzz | bitane vurim mi | enyakin=- puan=0 sebep=ESLESME_YOK
[2026-09-11 04:25:04] Anume4613 | silahim nasi | enyakin=- puan=0 sebep=ESLESME_YOK
[2026-09-11 04:26:52] Anume4613 | ya bu ejderha niye bana target | enyakin=end-gitme puan=1 sebep=SINYAL_ZAYIF
[2026-09-11 04:42:28] Oguzz | örümcek adam izlediniz mi yeni filminmi | enyakin=- puan=0 sebep=ESLESME_YOK
[2026-09-11 04:46:52] Oguzz | sizce marveldeki en güçlü karkater kim | enyakin=- puan=0 sebep=ESLESME_YOK
[2026-09-11 04:46:55] Oguzz | bilen var mı | enyakin=- puan=0 sebep=ESLESME_YOK
[2026-09-11 04:59:12] Oguzz | beyler uykunuz yok mu | enyakin=- puan=0 sebep=ESLESME_YOK
[2026-09-11 05:06:26] Oguzz | beyler sizin yaşlar kaç | enyakin=- puan=0 sebep=ESLESME_YOK
[2026-09-11 05:07:45] Oguzz | hangi ay hangi gün | enyakin=- puan=0 sebep=ESLESME_YOK
[2026-09-11 05:18:49] Anume4613 | bu f16 mi | enyakin=- puan=0 sebep=ESLESME_YOK
[2026-09-11 05:25:47] Anume4613 | sen nerde doguyon | enyakin=- puan=0 sebep=ESLESME_YOK
[2026-09-11 05:28:26] M_SPOWER2204 | spawn hangi spawn | enyakin=spawn-warp puan=1 sebep=SINYAL_ZAYIF
[2026-09-11 05:34:25] M_SPOWER2204 | olm buraya nasi geldik | enyakin=- puan=0 sebep=ESLESME_YOK
[2026-09-11 05:35:18] M_SPOWER2204 | nasi geldik | enyakin=- puan=0 sebep=ESLESME_YOK
[2026-09-11 05:50:57] M_SPOWER2204 | nasi gelcem base | enyakin=- puan=0 sebep=ESLESME_YOK
[2026-09-11 05:51:19] M_SPOWER2204 | base nasi geliomm | enyakin=- puan=0 sebep=ESLESME_YOK
[2026-09-11 05:54:52] Anume4613 | nereye gidiyoon laqn | enyakin=- puan=0 sebep=ESLESME_YOK
[2026-09-11 06:04:13] MantarTe78105 | neden öyle diyon ozmn | enyakin=- puan=0 sebep=ESLESME_YOK
[2026-09-11 07:17:02] apathyharbi | cpvp tierin kaç | enyakin=- puan=0 sebep=ESLESME_YOK
[2026-09-11 07:17:52] apathyharbi | sen nasıl 4 oldun leyn | enyakin=- puan=0 sebep=ESLESME_YOK
[2026-09-11 07:45:57] KURT0619 | kim patlattı lan benim basemi | enyakin=- puan=0 sebep=ESLESME_YOK
[2026-09-11 07:46:49] Ramazan6414 | hangi salak basesiji yukarı yapar | enyakin=- puan=0 sebep=ESLESME_YOK
[2026-09-11 07:50:03] Ramazan6414 | hangi enayi veriyor 1 stak | enyakin=- puan=0 sebep=ESLESME_YOK
[2026-09-11 07:59:14] apathyharbi | aranızda elysi olan varmı? | enyakin=- puan=0 sebep=ESLESME_YOK
[2026-09-11 08:10:16] Ordek_kral17 | kim oynuyo | enyakin=- puan=0 sebep=ESLESME_YOK
[2026-09-11 08:12:36] Ordek_kral17 | apathyharbşi onu bana arkadaşım verdi neden yaptın | enyakin=- puan=0 sebep=ESLESME_YOK
[2026-09-11 08:13:03] apathyharbi | Ordek_kral17 sattım para atayım? | enyakin=para-kazanma puan=1 sebep=SINYAL_ZAYIF
[2026-09-11 08:37:27] KURT0619 | kaç vurdugunu söyle | enyakin=- puan=0 sebep=ESLESME_YOK
[2026-09-11 08:42:36] KURT0619 | Ordek_kral17 yaş kaç | enyakin=- puan=0 sebep=ESLESME_YOK
[2026-09-11 08:45:21] KURT0619 | kaç lısın | enyakin=- puan=0 sebep=ESLESME_YOK
[2026-09-11 08:45:39] KURT0619 | kaç lısın Ordek_kral17 | enyakin=- puan=0 sebep=ESLESME_YOK
[2026-09-11 08:46:02] KURT0619 | hangi ay | enyakin=- puan=0 sebep=ESLESME_YOK
[2026-09-11 08:46:05] Ordek_kral17 | hangi ay | enyakin=- puan=0 sebep=ESLESME_YOK
[2026-09-11 08:47:03] Ordek_kral17 | kueürt sen bu seti fln kimden aldın | enyakin=- puan=0 sebep=ESLESME_YOK
[2026-09-11 08:49:35] Ordek_kral17 | sen adminin mi arkadaşısın | enyakin=- puan=0 sebep=ESLESME_YOK
[2026-09-11 08:50:21] Ordek_kral17 | nasıl katılabilirim | enyakin=- puan=0 sebep=ESLESME_YOK
[2026-09-11 08:54:11] KeremQA_22 | örümcek gözü olan var mı | enyakin=- puan=0 sebep=ESLESME_YOK
[2026-09-11 08:55:13] KURT0619 | kralım sizbi bana nasıl yap cagımı söyleyin ben ona göre yapcam | enyakin=- puan=0 sebep=ESLESME_YOK
[2026-09-11 08:56:05] KURT0619 | kralım nasıl bi base yapım | enyakin=- puan=0 sebep=ESLESME_YOK
[2026-09-11 08:58:05] uras1098 | takıma gelebilirmiyim? | enyakin=takim puan=1 sebep=SINYAL_ZAYIF
[2026-09-11 09:00:54] uras1098 | takımın varmı? | enyakin=takim puan=1 sebep=SINYAL_ZAYIF
[2026-09-11 09:18:57] Swight | kaç tane getirim | enyakin=- puan=0 sebep=ESLESME_YOK
[2026-09-11 09:21:47] Ordek_kral17 | kurt tp mi kabul et | enyakin=isinlanma-istegi puan=1 sebep=SINYAL_ZAYIF
[2026-09-11 09:28:34] egemen1559 | neden boş | enyakin=- puan=0 sebep=ESLESME_YOK
[2026-09-11 09:29:47] Ordek_kral17 | kralım pelerini nereden aldınız | enyakin=- puan=0 sebep=ESLESME_YOK
[2026-09-11 09:31:43] Pixsel__Eymen | Ordek_kral17 sence büyüklük iyi mi knk | enyakin=buyu-masasi puan=1 sebep=SINYAL_ZAYIF
[2026-09-11 09:32:11] Ramazan6414 | ne kadar acınası bir velete kralım demek | enyakin=- puan=0 sebep=ESLESME_YOK
[2026-09-11 09:34:31] Ramazan6414 | kac elmasın var | enyakin=- puan=0 sebep=ESLESME_YOK
[2026-09-11 09:38:34] ismailbaba46 | tamam ne zaman gelır | enyakin=para-kazanma puan=1 sebep=SINYAL_ZAYIF
[2026-09-11 09:40:35] KURT0619 | gasp mı ediyonu | enyakin=- puan=0 sebep=ESLESME_YOK
[2026-09-11 09:42:10] Swight | farmı nereye kurıyım | enyakin=en-iyi-farm puan=1 sebep=SINYAL_ZAYIF
[2026-09-11 09:42:25] KURT0619 | kaç vurdugunu söyle | enyakin=- puan=0 sebep=ESLESME_YOK
[2026-09-11 09:45:12] Swight | farm nerye olcak | enyakin=en-iyi-farm puan=1 sebep=SINYAL_ZAYIF
[2026-09-11 09:47:38] Dark | endde kim öldüyse nikaç eşyası var | enyakin=- puan=0 sebep=ESLESME_YOK
[2026-09-11 09:47:43] ismailbaba46 | elmas kac stp | enyakin=- puan=0 sebep=ESLESME_YOK
[2026-09-11 09:49:52] KeremQA_22 | takıma alcak var mı beni | enyakin=takim puan=1 sebep=SINYAL_ZAYIF
[2026-09-11 09:50:37] KeremQA_22 | takıma alcakk var mı 10 tane köylüm var hepsini zombidden çevirdim | enyakin=takim puan=1 sebep=SINYAL_ZAYIF
[2026-09-11 09:51:17] egemen1559 | lan neden | enyakin=- puan=0 sebep=ESLESME_YOK
[2026-09-11 09:55:36] KURT0619 | kaç vurdugunu soyle | enyakin=- puan=0 sebep=ESLESME_YOK
[2026-09-11 09:57:04] Ramazan6414 | bana abi de tamam mı | enyakin=- puan=0 sebep=ESLESME_YOK
[2026-09-11 09:57:24] Ordek_kral17 | eymen kaç elmasın var | enyakin=- puan=0 sebep=ESLESME_YOK
[2026-09-11 09:58:18] Ramazan6414 | koruma 4 mü | enyakin=- puan=0 sebep=ESLESME_YOK
[2026-09-11 10:05:14] Ramazan6414 | dinamit tnt mi | enyakin=- puan=0 sebep=ESLESME_YOK
[2026-09-11 10:09:35] Ramazan6414 | ben hem zenginim hemde fasfakirim bu nasıl oluyor aw | enyakin=para-kazanma puan=1 sebep=SINYAL_ZAYIF
[2026-09-11 10:10:17] Ordek_kral17 | egemen kim | enyakin=- puan=0 sebep=ESLESME_YOK
[2026-09-11 10:10:23] ghostmean | nasıl cıkıcam kk | enyakin=- puan=0 sebep=ESLESME_YOK
[2026-09-11 10:12:32] egemen1559 | ya bana niye vuruyosunuz | enyakin=- puan=0 sebep=ESLESME_YOK
[2026-09-11 10:14:13] egemen1559 | Eymen niye altıniminaldin | enyakin=- puan=0 sebep=ESLESME_YOK
[2026-09-11 10:14:13] ghostmean | katılamıyorum niyeee | enyakin=- puan=0 sebep=ESLESME_YOK
[2026-09-11 10:17:53] emiralt12544 | sa globel satış yeri var mı item falan | enyakin=- puan=0 sebep=ESLESME_YOK
[2026-09-11 10:18:43] ghostmean | nereyeee | enyakin=- puan=0 sebep=ESLESME_YOK
[2026-09-11 10:19:28] KURT0619 | seker mi yapım | enyakin=- puan=0 sebep=ESLESME_YOK
[2026-09-11 10:27:00] Valentina186684 | hasan kaç verecen | enyakin=- puan=0 sebep=ESLESME_YOK
[2026-09-11 10:27:22] maceswap | kim vuruyor | enyakin=- puan=0 sebep=ESLESME_YOK
[2026-09-11 10:27:24] Swight | kurt kaç tane piston gerekiyo | enyakin=- puan=0 sebep=ESLESME_YOK
[2026-09-11 10:31:58] Pixsel__Eymen | ya benım gunahım neydi | enyakin=- puan=0 sebep=ESLESME_YOK
[2026-09-11 10:33:34] egemen1559 | benim seçim nerde aw | enyakin=- puan=0 sebep=ESLESME_YOK
[2026-09-11 10:33:36] KURT0619 | kim kesti | enyakin=- puan=0 sebep=ESLESME_YOK
[2026-09-11 10:37:28] ghostmean | kk geliyom kabul et okmu? | enyakin=- puan=0 sebep=ESLESME_YOK
[2026-09-11 10:39:01] Ordek_kral17 | kurto lütfen tp mi kabul et knk | enyakin=isinlanma-istegi puan=1 sebep=SINYAL_ZAYIF
[2026-09-11 10:41:46] Ordek_kral17 | kurt setim nerde ve kıcım | enyakin=- puan=0 sebep=ESLESME_YOK
[2026-09-11 10:43:29] Ordek_kral17 | setimi kim aldı lannnn | enyakin=- puan=0 sebep=ESLESME_YOK
[2026-09-11 10:45:41] Serkan_3793 | over net setin nerede | enyakin=- puan=0 sebep=ESLESME_YOK
[2026-09-11 10:46:09] Serkan_3793 | öldün mü | enyakin=- puan=0 sebep=ESLESME_YOK
[2026-09-11 10:50:52] Vexlera | bura survival mı | enyakin=orman-gitme puan=1 sebep=SINYAL_ZAYIF
[2026-09-11 10:54:39] egemen1559 | ördek nerde | enyakin=- puan=0 sebep=ESLESME_YOK
[2026-09-11 10:55:10] egemen1559 | ödevin sandığı hangisi | enyakin=- puan=0 sebep=ESLESME_YOK
[2026-09-11 10:55:41] KeremQA_22 | elim nerde | enyakin=- puan=0 sebep=ESLESME_YOK
[2026-09-11 10:59:11] leleoluk | net olur serkan kac tane net var | enyakin=- puan=0 sebep=ESLESME_YOK
[2026-09-11 11:03:19] Nedimboran06 | rehber nasi bisey alcaz | enyakin=- puan=0 sebep=ESLESME_YOK
[2026-09-11 11:03:40] OverLord | nedimboran kac k paran var | enyakin=para-kazanma puan=1 sebep=SINYAL_ZAYIF
[2026-09-11 11:03:48] KeremQA_22 | takim olcak var mı | enyakin=takim puan=1 sebep=SINYAL_ZAYIF
[2026-09-11 11:03:51] MintTE | vc var arkadaş olcak var mi yeniyim | enyakin=oyuna-baslama puan=1 sebep=SINYAL_ZAYIF
[2026-09-11 11:04:16] maceswap | kaç kalp gitti | enyakin=- puan=0 sebep=ESLESME_YOK
[2026-09-11 11:04:28] OverLord | dur kılıc nasıl | enyakin=- puan=0 sebep=ESLESME_YOK
[2026-09-11 11:04:36] OverLord | kac kalp | enyakin=- puan=0 sebep=ESLESME_YOK
[2026-09-11 11:05:09] OverLord | kac kalp gitti | enyakin=- puan=0 sebep=ESLESME_YOK
[2026-09-11 11:05:17] KURT0619 | neden soyuyodun bizi | enyakin=- puan=0 sebep=ESLESME_YOK
[2026-09-11 11:05:23] OverLord | o kadar vurdum saedece 4 mü KĞQJEFOQAPRF | enyakin=- puan=0 sebep=ESLESME_YOK
[2026-09-11 11:05:38] KURT0619 | e esyaları niye çaldın or | enyakin=- puan=0 sebep=ESLESME_YOK
[2026-09-11 11:05:47] OverLord | nasıl oldun | enyakin=- puan=0 sebep=ESLESME_YOK
[2026-09-11 11:06:57] MuratRTX | spawndayım bana eşya verebilecek var mı | enyakin=spawn-warp puan=1 sebep=SINYAL_ZAYIF
[2026-09-11 11:10:10] OverLord | 2 stek elmasla koruma 2 kır 2 set satılırr ?? | enyakin=- puan=0 sebep=ESLESME_YOK
[2026-09-11 11:11:20] xWith | kimse beni sevmio muuuuuuuuuuu | enyakin=- puan=0 sebep=ESLESME_YOK
[2026-09-11 11:18:36] Nedimboran06 | ne gibi? | enyakin=- puan=0 sebep=ESLESME_YOK
[2026-09-11 11:22:00] xWith | en cok oyuncu öldürene kredi mi var | enyakin=site-kredi puan=1 sebep=SINYAL_ZAYIF
[2026-09-11 11:24:38] apathyharbi | arkadas olmak isteyen vramııı? | enyakin=- puan=0 sebep=ESLESME_YOK
[2026-09-11 11:25:06] leleoluk | elt nasıl sablon basılır | enyakin=- puan=0 sebep=ESLESME_YOK
[2026-09-11 11:28:27] xWith | geri vermeli mi | enyakin=- puan=0 sebep=ESLESME_YOK
[2026-09-11 11:29:48] xWith | swap nereye gitti | enyakin=- puan=0 sebep=ESLESME_YOK
[2026-09-11 11:33:04] OverLord | mace neden | enyakin=- puan=0 sebep=ESLESME_YOK
[2026-09-11 11:35:16] maceswap | ölmen olmasın ? | enyakin=- puan=0 sebep=ESLESME_YOK
[2026-09-11 11:37:28] OverLord | kılcı nerde | enyakin=- puan=0 sebep=ESLESME_YOK
[2026-09-11 11:37:47] OverLord | kılııcım nerde kes 4 | enyakin=- puan=0 sebep=ESLESME_YOK
[2026-09-11 11:39:53] xWith | kılcıım nerde | enyakin=- puan=0 sebep=ESLESME_YOK
[2026-09-11 11:48:12] xxxmsl | over vs? | enyakin=- puan=0 sebep=ESLESME_YOK
[2026-09-11 11:48:53] egemen1559 | olm sen niye sürüyon çikiyon giriyon | enyakin=- puan=0 sebep=ESLESME_YOK
[2026-09-11 11:49:33] Thandry | bu dünyanın seedinin bilinmesi yasak mı | enyakin=kurallar puan=2 sebep=SINYAL_ZAYIF
[2026-09-11 11:59:32] egemen1559 | kurt nereye gidiyor ya | enyakin=- puan=0 sebep=ESLESME_YOK
[2026-09-11 12:02:10] OverLord | Vs atıyodyk neden yaparsın mesela ? | enyakin=- puan=0 sebep=ESLESME_YOK
[2026-09-11 12:07:37] OverLord | evet noldu ?? | enyakin=- puan=0 sebep=ESLESME_YOK
[2026-09-11 12:07:43] Swight | with setin nerde | enyakin=- puan=0 sebep=ESLESME_YOK
[2026-09-11 12:07:55] Swight | kim öldürdü | enyakin=- puan=0 sebep=ESLESME_YOK
[2026-09-11 12:08:17] Swight | bende bi kaç şey var gel verim | enyakin=- puan=0 sebep=ESLESME_YOK
[2026-09-11 12:09:38] AtahanTR01 | ev yeptımda burayı nasıl sahiplencem | enyakin=- puan=0 sebep=ESLESME_YOK
[2026-09-11 12:09:55] YamiNoX00 | yap ? derken | enyakin=- puan=0 sebep=ESLESME_YOK
[2026-09-11 12:10:26] AtahanTR01 | ev yeptım nasıl sahiplenecem | enyakin=- puan=0 sebep=ESLESME_YOK
[2026-09-11 12:22:52] YamiNoX00 | en çok kazandıran farm ??????????? maceswap | enyakin=en-iyi-farm puan=1 sebep=SINYAL_ZAYIF
[2026-09-11 12:23:47] YamiNoX00 | bunlar rol mu yapıyor | enyakin=- puan=0 sebep=ESLESME_YOK
[2026-09-11 12:24:58] ItzRealMusty | elytra satın alacak? | enyakin=site-kredi puan=2 sebep=SINYAL_ZAYIF
[2026-09-11 12:27:21] sevo_16 | cnm az kes tin mi? | enyakin=- puan=0 sebep=ESLESME_YOK
[2026-09-11 12:27:31] ahmetinyo544 | kim attı | enyakin=- puan=0 sebep=ESLESME_YOK
[2026-09-11 12:29:38] YamiNoX00 | ai ya nasıl soru sorcam | enyakin=- puan=0 sebep=ESLESME_YOK
[2026-09-11 12:30:01] sevo_16 | nerdesin? | enyakin=- puan=0 sebep=ESLESME_YOK
[2026-09-11 12:40:43] Ordek_kral17 | kim oynuyo | enyakin=- puan=0 sebep=ESLESME_YOK
[2026-09-11 12:44:22] sevo_16 | ğvğ atak mı? | enyakin=- puan=0 sebep=ESLESME_YOK
[2026-09-11 12:44:37] sevo_16 | pvp atak mı? | enyakin=savas-etiketi puan=1 sebep=SINYAL_ZAYIF
[2026-09-11 12:45:11] Ordek_kral17 | arklar settim nerde | enyakin=- puan=0 sebep=ESLESME_YOK
[2026-09-11 12:46:15] sevo_16 | sonsuz türk pvp atak mı? | enyakin=savas-etiketi puan=1 sebep=SINYAL_ZAYIF
[2026-09-11 12:46:30] sevo_16 | pvp ata mı? | enyakin=savas-etiketi puan=1 sebep=SINYAL_ZAYIF
[2026-09-11 12:46:57] sevo_16 | olum bi pvp atak mı? | enyakin=olunce-esya puan=1 sebep=SINYAL_ZAYIF
[2026-09-11 12:47:31] sevo_16 | pvp atak mı? | enyakin=savas-etiketi puan=1 sebep=SINYAL_ZAYIF
[2026-09-11 12:48:13] ItzRealMusty | şeker kamışı satan? | enyakin=- puan=0 sebep=ESLESME_YOK
[2026-09-11 12:48:24] sevo_16 | pvp atak mı? | enyakin=savas-etiketi puan=1 sebep=SINYAL_ZAYIF
[2026-09-11 12:51:06] sevo_16 | napıonuz? | enyakin=- puan=0 sebep=ESLESME_YOK
[2026-09-11 12:51:31] sevo_16 | demiri mi istiion | enyakin=- puan=0 sebep=ESLESME_YOK
[2026-09-11 13:13:00] AtahanTR01 | oyuna yeni başladın nasıl 13.000 paran var🤔 | enyakin=para-kazanma puan=1 sebep=SINYAL_ZAYIF
[2026-09-11 13:14:23] LursszGTG | ağaçlar nerede | enyakin=- puan=0 sebep=ESLESME_YOK
[2026-09-11 13:15:04] AtahanTR01 | nasıl yeni başlayarak 13 k paran var | enyakin=para-kazanma puan=1 sebep=SINYAL_ZAYIF
[2026-09-11 13:15:41] AyiBogan064 | güzel mi | enyakin=- puan=0 sebep=ESLESME_YOK
[2026-09-11 13:15:43] adala7 | end çubuğunu nerden buldun | enyakin=end-gitme puan=1 sebep=SINYAL_ZAYIF
[2026-09-11 13:17:42] AyiBogan064 | gidem mi | enyakin=- puan=0 sebep=ESLESME_YOK
[2026-09-11 13:20:18] AyiBogan064 | ortak mi | enyakin=- puan=0 sebep=ESLESME_YOK
[2026-09-11 13:23:58] EnsignSign31409 | bize niye söylüyon | enyakin=- puan=0 sebep=ESLESME_YOK
[2026-09-11 13:29:59] LursszGTG | olm ağacı nereden kıracam | enyakin=- puan=0 sebep=ESLESME_YOK
[2026-09-11 13:30:29] AtahanTR01 | nedeeeeeeeeennnnnnnn | enyakin=- puan=0 sebep=ESLESME_YOK
[2026-09-11 13:31:36] AtahanTR01 | olum lobideyim niye bana tp attın | enyakin=olunce-esya puan=1 sebep=SINYAL_ZAYIF
[2026-09-11 13:33:15] AyiBogan064 | sen niye karınca tüneli gibi yaptın amk | enyakin=- puan=0 sebep=ESLESME_YOK
[2026-09-11 13:34:27] AyiBogan064 | 64 kırık taş var mi | enyakin=- puan=0 sebep=ESLESME_YOK
[2026-09-11 13:37:35] ahmetinyo544 | kac tane vardı | enyakin=- puan=0 sebep=ESLESME_YOK
[2026-09-11 13:39:43] ahmetinyo544 | kac lira | enyakin=- puan=0 sebep=ESLESME_YOK
[2026-09-11 13:44:55] AyiBogan064 | vercen mi | enyakin=- puan=0 sebep=ESLESME_YOK
[2026-09-11 13:46:17] KadirHB | kardeşim ben satıyorum şablonu nasıl vereyim sana 70kya sattığım şeyi | enyakin=esya-satma puan=1 sebep=SINYAL_ZAYIF
[2026-09-11 13:47:04] KadirHB | satıyorum diyorum şablonu ben bunun ticaretini yapıyorum neden sana ücretsiz vereyim | enyakin=esya-satma puan=1 sebep=SINYAL_ZAYIF
[2026-09-11 13:48:05] ghostmean | [event cancelled]nasıl yapcam | enyakin=- puan=0 sebep=ESLESME_YOK
[2026-09-11 13:49:27] ahmetinyo544 | nerden buldun ender ejderhasını | enyakin=end-gitme puan=1 sebep=SINYAL_ZAYIF
[2026-09-11 13:50:32] ahmetinyo544 | kac antik kalıntıya yükseltme verirsin | enyakin=- puan=0 sebep=ESLESME_YOK
[2026-09-11 13:51:45] Dexter97401 | yaw event kasası nası açılıyodu | enyakin=kasa puan=1 sebep=SINYAL_ZAYIF
[2026-09-11 13:58:10] KURT0619 | çekler kim | enyakin=- puan=0 sebep=ESLESME_YOK
[2026-09-11 13:58:27] KURT0619 | çekler kim | enyakin=- puan=0 sebep=ESLESME_YOK
[2026-09-11 13:58:29] KURT0619 | çekler kim | enyakin=- puan=0 sebep=ESLESME_YOK
[2026-09-11 13:58:30] KURT0619 | çekler kim | enyakin=- puan=0 sebep=ESLESME_YOK
[2026-09-11 13:58:34] KURT0619 | çekler kim ve ne | enyakin=- puan=0 sebep=ESLESME_YOK
[2026-09-11 13:58:50] Pantolonumyoktu | eski homeyi nasıl silcez | enyakin=ev-home puan=1 sebep=SINYAL_ZAYIF
[2026-09-11 13:59:19] Pantolonumyoktu | nasıl yeni ev oluşturcaz | enyakin=- puan=0 sebep=ESLESME_YOK
[2026-09-11 14:03:09] uras1098 | geliyim mi | enyakin=- puan=0 sebep=ESLESME_YOK
[2026-09-11 14:03:16] KURT0619 | üstünde bişey denicem gel kaç vurdugunu söyle | enyakin=- puan=0 sebep=ESLESME_YOK
[2026-09-11 14:03:35] ahmetinyo544 | seti nası gitmedi | enyakin=- puan=0 sebep=ESLESME_YOK
[2026-09-11 14:04:10] KeremQA_22 | team olcak var mı pvpsi iyi | enyakin=takim puan=1 sebep=SINYAL_ZAYIF
[2026-09-11 14:06:35] egemen1559 | ya lütfen kabul et tpa mi | enyakin=isinlanma-istegi puan=1 sebep=SINYAL_ZAYIF
[2026-09-11 14:16:39] Pixsel__Eymen | Ordek_kral17 tmm bişi olmaz sen kaç yasındası bu arada | enyakin=- puan=0 sebep=ESLESME_YOK
[2026-09-11 14:21:23] ahmetinyo544 | askım mı ?? | enyakin=- puan=0 sebep=ESLESME_YOK
[2026-09-11 14:25:09] KeremQA_22 | robot testi niye olmuyo ya | enyakin=- puan=0 sebep=ESLESME_YOK
[2026-09-11 14:30:10] apathyharbi | halat nerde btw | enyakin=- puan=0 sebep=ESLESME_YOK
[2026-09-11 14:31:29] apathyharbi | bu arkadaki kim la | enyakin=- puan=0 sebep=ESLESME_YOK
[2026-09-11 14:33:23] xWith | ip nerde | enyakin=sunucu-bilgi puan=1 sebep=SINYAL_ZAYIF
[2026-09-11 14:34:57] apathyharbi | neyde geleyim 1v1? | enyakin=- puan=0 sebep=ESLESME_YOK
[2026-09-11 14:35:12] Pixsel__Eymen | öyle atlanır mı cok korktum | enyakin=- puan=0 sebep=ESLESME_YOK
[2026-09-11 14:42:52] Pantolonumyoktu | ahmet yaşıyon mu aw | enyakin=- puan=0 sebep=ESLESME_YOK
[2026-09-11 14:46:55] SmellOfGoal | admin nerde | enyakin=- puan=0 sebep=ESLESME_YOK
[2026-09-11 14:50:45] PLANET_YT9142 | nasıl smpye gircez | enyakin=- puan=0 sebep=ESLESME_YOK
[2026-09-11 14:51:46] Kero_7611 | akp ye nasıl gireriz | enyakin=- puan=0 sebep=ESLESME_YOK
[2026-09-11 14:53:43] BerkayTE3134 | he tm peki dm nası atılıyo sw de | enyakin=- puan=0 sebep=ESLESME_YOK
[2026-09-11 14:54:53] leleoluk | elmas ne kadar var | enyakin=- puan=0 sebep=ESLESME_YOK
[2026-09-11 14:55:33] Ramazan6414 | ne kadar istiyorsun elmas | enyakin=- puan=0 sebep=ESLESME_YOK
[2026-09-11 14:56:16] BerkayTE3134 | kaç stack elmasa verirsin | enyakin=- puan=0 sebep=ESLESME_YOK
[2026-09-11 14:57:33] KURT0619 | nerden bilion | enyakin=- puan=0 sebep=ESLESME_YOK
[2026-09-11 14:57:51] SmellOfGoal | bana spawnda eşya vercek var mıı eşyalarımı çalmışlar basemi | enyakin=spawn-warp puan=1 sebep=SINYAL_ZAYIF
[2026-09-11 14:58:24] SmellOfGoal | egemen bana mı dedin | enyakin=- puan=0 sebep=ESLESME_YOK
[2026-09-11 14:59:09] SmellOfGoal | egemen spawnda ver o zaman? | enyakin=spawn-warp puan=1 sebep=SINYAL_ZAYIF
[2026-09-11 14:59:13] KURT0619 | kaç tane | enyakin=- puan=0 sebep=ESLESME_YOK
[2026-09-11 15:01:24] vefaozel | tamam nasıl kabul edecem trade | enyakin=- puan=0 sebep=ESLESME_YOK
[2026-09-11 15:02:15] Merw4n | kaç steak elmasa netherite kazma verirsiniz | enyakin=nether-gitme puan=1 sebep=SINYAL_ZAYIF
[2026-09-11 15:03:15] SmellOfGoal | niye spawnda yapmıyoz egemen? | enyakin=spawn-warp puan=1 sebep=SINYAL_ZAYIF
[2026-09-11 15:03:58] Merw4n | ne var ben 23 elmasa kaç tane kazma yaparım | enyakin=- puan=0 sebep=ESLESME_YOK
[2026-09-11 15:05:19] vefaozel | daha istiyon mu | enyakin=- puan=0 sebep=ESLESME_YOK
[2026-09-11 15:08:44] leleoluk | sen kac vercen mace | enyakin=- puan=0 sebep=ESLESME_YOK
[2026-09-11 15:17:38] vefaozel | arkadaşlar bana bir balta verebilecek var mı | enyakin=- puan=0 sebep=ESLESME_YOK
[2026-09-11 15:24:08] SmellOfGoal | kime ışınlanıyım | enyakin=rtp puan=1 sebep=SINYAL_ZAYIF
[2026-09-11 15:24:21] SmellOfGoal | bana eşya vercek var mıı | enyakin=- puan=0 sebep=ESLESME_YOK
[2026-09-11 15:28:07] maceswap | o patlattığın neydi | enyakin=- puan=0 sebep=ESLESME_YOK
[2026-09-11 15:29:15] M_SPOWER2204 | lan elitralari kim aldi | enyakin=- puan=0 sebep=ESLESME_YOK
[2026-09-11 15:35:28] hamza27 | ben pvp alanına nasıl gidicem | enyakin=savas-etiketi puan=1 sebep=SINYAL_ZAYIF
[2026-09-11 15:35:34] HeraAndZeus | ormana mı gitmek istiyorsun | enyakin=orman-gitme puan=1 sebep=SINYAL_ZAYIF
[2026-09-11 15:35:54] ahmetinyo544 | pantolon nereye yapıyım | enyakin=- puan=0 sebep=ESLESME_YOK
[2026-09-11 15:36:01] KURT0619 | kim aldı | enyakin=- puan=0 sebep=ESLESME_YOK
[2026-09-11 15:36:34] hamza27 | ben pvp alanına nasıl gidicem | enyakin=savas-etiketi puan=1 sebep=SINYAL_ZAYIF
[2026-09-11 15:36:35] KURT0619 | kim aldı | enyakin=- puan=0 sebep=ESLESME_YOK
[2026-09-11 15:37:11] HeraAndZeus | ormana mı gitmek istiyorsun | enyakin=orman-gitme puan=1 sebep=SINYAL_ZAYIF
[2026-09-11 15:38:06] hamza27 | pvp alanına nasıl gidicem | enyakin=savas-etiketi puan=1 sebep=SINYAL_ZAYIF
[2026-09-11 15:42:01] ahmetinyo544 | lan bunu kim yaptı | enyakin=- puan=0 sebep=ESLESME_YOK
[2026-09-11 15:43:08] KadirHB | kır3 de lazım mı | enyakin=- puan=0 sebep=ESLESME_YOK
[2026-09-11 15:43:26] KadirHB | koruma 4e 10k mı diyeyim | enyakin=- puan=0 sebep=ESLESME_YOK
[2026-09-11 15:43:40] KadirHB | nerde o güzelliği yapacak biri | enyakin=- puan=0 sebep=ESLESME_YOK
[2026-09-11 15:44:37] maceswap | en son kaç olur 90 olurmu | enyakin=- puan=0 sebep=ESLESME_YOK
[2026-09-11 15:45:01] KadirHB | 90+kaç zümrüt | enyakin=- puan=0 sebep=ESLESME_YOK
[2026-09-11 15:45:51] hamza27 | pvp alanına nasıl gidicem | enyakin=savas-etiketi puan=1 sebep=SINYAL_ZAYIF
[2026-09-11 15:46:30] ahmetinyo544 | kac dk yedi | enyakin=- puan=0 sebep=ESLESME_YOK
[2026-09-11 15:46:40] ahmetinyo544 | 30 mu owa | enyakin=- puan=0 sebep=ESLESME_YOK
[2026-09-11 15:48:56] hamza27 | nasıl atcam | enyakin=- puan=0 sebep=ESLESME_YOK
[2026-09-11 15:49:46] maceswap | 1 koruma ne kadar | enyakin=- puan=0 sebep=ESLESME_YOK
[2026-09-11 15:50:01] maceswap | en son fiyatı ne kadardı | enyakin=- puan=0 sebep=ESLESME_YOK
[2026-09-11 15:51:23] Baddcat6609_Qs | hamza nerde oldun | enyakin=- puan=0 sebep=ESLESME_YOK
[2026-09-11 15:52:36] EnnoBaba31 | odun nerden kırılıoyo | enyakin=- puan=0 sebep=ESLESME_YOK
[2026-09-11 15:52:48] ahmetinyo544 | mace kac lira | enyakin=- puan=0 sebep=ESLESME_YOK
[2026-09-11 15:54:19] EnnoBaba31 | kral odun nerden kazılıo | enyakin=- puan=0 sebep=ESLESME_YOK
[2026-09-11 15:55:59] EnnoBaba31 | odun nerde | enyakin=- puan=0 sebep=ESLESME_YOK
[2026-09-11 15:56:39] EnnoBaba31 | odun nerdeeeeeeeeeeeeeeeeeeeeeeeeeeeeeeeeeeeeeeeeeeeeeeeeeeeeeeeeeeeeeeeeeeeeeeeeeeeeeeeeeeeeeeee | enyakin=- puan=0 sebep=ESLESME_YOK
[2026-09-11 15:57:06] Baddcat6609_Qs | niye vuruyonlannnn | enyakin=- puan=0 sebep=ESLESME_YOK
[2026-09-11 16:01:21] Dark | alikayra sorunun mu var chatte hakaret etmesene | enyakin=- puan=0 sebep=ESLESME_YOK
[2026-09-11 16:02:12] ahmetinyo544 | sen beni harf uzatma diye uyarmadan direk mute attın ?? | enyakin=- puan=0 sebep=ESLESME_YOK
[2026-09-11 16:16:24] hamza27 | nasıl onaylıcam | enyakin=- puan=0 sebep=ESLESME_YOK
[2026-09-11 16:17:33] Dark | durup dururken neden küfür ediyim adama | enyakin=- puan=0 sebep=ESLESME_YOK
[2026-09-11 16:19:11] sevo_16 | yemek vercek? | enyakin=- puan=0 sebep=ESLESME_YOK
[2026-09-11 16:19:17] sevo_16 | yemek verecek? | enyakin=- puan=0 sebep=ESLESME_YOK
[2026-09-11 16:28:31] SmellOfGoal | nası eklicem | enyakin=- puan=0 sebep=ESLESME_YOK
[2026-09-11 16:29:09] Barlas93 | nezaman bir işe başlasam | enyakin=- puan=0 sebep=ESLESME_YOK
[2026-09-11 16:29:56] KadirHB | eşyalar gitti mi Barlas93 | enyakin=- puan=0 sebep=ESLESME_YOK
[2026-09-11 16:53:33] kyrosrfl | beyler onarımı olan kazmayı nasıl kendılıgınden onarıyoz | enyakin=- puan=0 sebep=ESLESME_YOK
[2026-09-11 17:02:40] bishamongods | kanka hangi farm para kazandırır | enyakin=para-kazanma puan=5 sebep=FARK_YETERSIZ
[2026-09-11 17:19:33] Dark | örümcek ne kadar iskelet ne kadar | enyakin=- puan=0 sebep=ESLESME_YOK
[2026-09-11 17:20:18] kyrosrfl | kime netherite külçesi lazım | enyakin=nether-gitme puan=1 sebep=SINYAL_ZAYIF
[2026-09-11 17:21:40] Dark | netherite yükseltmesi dahil mi kyr | enyakin=nether-gitme puan=1 sebep=SINYAL_ZAYIF
[2026-09-11 17:22:16] Dark | kyr netherit yükseltmesi de dahil mi | enyakin=nether-gitme puan=1 sebep=SINYAL_ZAYIF
[2026-09-11 17:25:35] gmhkue | orospu cocugu neden yazıyon | enyakin=- puan=0 sebep=ESLESME_YOK
[2026-09-11 17:29:13] egemen1559 | ya birisi söylesin ses nasıl aciliyo | enyakin=- puan=0 sebep=ESLESME_YOK
[2026-09-11 17:32:08] wwoizena7 | burası neresi | enyakin=- puan=0 sebep=ESLESME_YOK
[2026-09-11 17:37:25] theselim | bide ne kadara | enyakin=- puan=0 sebep=ESLESME_YOK
[2026-09-11 17:42:03] CumArtist | sp nasıl elde edicez kankam | enyakin=- puan=0 sebep=ESLESME_YOK
[2026-09-11 17:50:03] EnsignSign31409 | onarım büyüsü ne kadar | enyakin=buyu-masasi puan=1 sebep=SINYAL_ZAYIF
[2026-09-11 17:52:59] Matasoy2004 | lobiye nasıl geri donuluo bilen var mi | enyakin=- puan=0 sebep=ESLESME_YOK
[2026-09-11 17:54:46] Ebuski | ms kaç bende | enyakin=- puan=0 sebep=ESLESME_YOK
[2026-09-11 18:00:04] kyrosrfl | kime netherite elazım | enyakin=nether-gitme puan=1 sebep=SINYAL_ZAYIF
[2026-09-11 18:01:24] BerkayTE3134 | kadirHB mi | enyakin=- puan=0 sebep=ESLESME_YOK
[2026-09-11 18:02:32] kyrosrfl | 1 stok elmas var kime lazım | enyakin=- puan=0 sebep=ESLESME_YOK
[2026-09-11 18:07:29] kemaladil | kanka zaten nasıl atcam bilmiom | enyakin=- puan=0 sebep=ESLESME_YOK
[2026-09-11 18:08:23] kemaladil | nası atcam bilmiom ki | enyakin=- puan=0 sebep=ESLESME_YOK
[2026-09-11 18:09:53] AyiBogan064 | köylüleri iki kez zombi yapınca daha ucuz oliyo mu | enyakin=- puan=0 sebep=ESLESME_YOK
[2026-09-11 18:16:37] AyiBogan064 | saman vereyim mi başka gerçek bişem yok | enyakin=- puan=0 sebep=ESLESME_YOK
[2026-09-11 18:16:41] kemaladil | pvp atcak? | enyakin=savas-etiketi puan=1 sebep=SINYAL_ZAYIF
[2026-09-11 18:17:21] selamdostim | nasıl o kadar topladın xraymisin lan | enyakin=- puan=0 sebep=ESLESME_YOK
[2026-09-11 18:18:20] kyrosrfl | kanka nıye soyleyeyım gızlı taktık yav | enyakin=- puan=0 sebep=ESLESME_YOK
[2026-09-11 18:21:22] kyrosrfl | bende 53 mü neydi | enyakin=- puan=0 sebep=ESLESME_YOK
[2026-09-11 18:22:02] Allyish | takım olmak istiyen var mı? | enyakin=takim puan=1 sebep=SINYAL_ZAYIF
[2026-09-11 18:24:01] kyrosrfl | baseye gitmem lazım xp mi kassam | enyakin=- puan=0 sebep=ESLESME_YOK
[2026-09-11 18:33:01] Thandry | 1 antik kalıntının piyasa fiyatı ne? | enyakin=- puan=0 sebep=ESLESME_YOK
[2026-09-11 18:38:29] SmellOfGoal | vip nerden oldunuz | enyakin=vip-rutbe puan=1 sebep=SINYAL_ZAYIF
[2026-09-11 18:44:05] Dark | kyrosr harbi mi | enyakin=- puan=0 sebep=ESLESME_YOK
[2026-09-11 18:44:13] egemen1559 | özel mesaj mı bu | enyakin=- puan=0 sebep=ESLESME_YOK
[2026-09-11 18:44:15] Dark | allah bilir kaç tanesini kaçırdım yaa | enyakin=- puan=0 sebep=ESLESME_YOK
[2026-09-11 18:44:25] egemen1559 | nası gećcem ozele | enyakin=- puan=0 sebep=ESLESME_YOK
[2026-09-11 18:45:19] Dark | kadir vip mi aldın | enyakin=vip-rutbe puan=1 sebep=SINYAL_ZAYIF
[2026-09-11 18:46:57] OverLord | la neden cıktın | enyakin=- puan=0 sebep=ESLESME_YOK
[2026-09-11 18:47:00] iamjuba71 | aga bu baseniz nerde | enyakin=- puan=0 sebep=ESLESME_YOK
[2026-09-11 18:53:20] iamjuba71 | para nerde skyler | enyakin=para-kazanma puan=1 sebep=SINYAL_ZAYIF
[2026-09-11 18:55:04] requiemhuseyin | spawnda kaliteli spawn var mı | enyakin=spawn-warp puan=1 sebep=SINYAL_ZAYIF
[2026-09-11 18:56:53] Dark | yok ama ne kadar lazımsa sana kasayım | enyakin=kasa puan=1 sebep=SINYAL_ZAYIF
[2026-09-11 19:03:47] david332 | does somone speak english? | enyakin=- puan=0 sebep=ESLESME_YOK
[2026-09-11 19:04:07] david332 | u want to team? | enyakin=takim puan=1 sebep=SINYAL_ZAYIF
[2026-09-11 19:08:24] maceswap | st başı ne kadar | enyakin=- puan=0 sebep=ESLESME_YOK
[2026-09-11 19:09:11] maceswap | kaç st alcaksın | enyakin=- puan=0 sebep=ESLESME_YOK
[2026-09-11 19:09:31] SmellOfGoal | keskinlik V altın kılıcım var isteyen? | enyakin=- puan=0 sebep=ESLESME_YOK
[2026-09-11 19:11:27] Kyururuu | elytrayı aldın mı? | enyakin=- puan=0 sebep=ESLESME_YOK
[2026-09-11 19:12:17] enestahaayan1 | event kasasi nasil açilio | enyakin=kasa puan=1 sebep=SINYAL_ZAYIF
[2026-09-11 19:13:48] Kyururuu | kk benim shulker kutuları sende mi? | enyakin=- puan=0 sebep=ESLESME_YOK
[2026-09-11 19:15:38] SmellOfGoal | kaç verirsin kurt0619 | enyakin=- puan=0 sebep=ESLESME_YOK
[2026-09-11 19:15:59] SmellOfGoal | 5k mı? abartma çok az | enyakin=- puan=0 sebep=ESLESME_YOK
[2026-09-11 19:17:09] uras1098 | kurt elmas setim var katılmımi size? | enyakin=- puan=0 sebep=ESLESME_YOK
[2026-09-11 19:17:44] Kyururuu | benim shulker sende mi? | enyakin=- puan=0 sebep=ESLESME_YOK
[2026-09-11 19:18:17] Kyururuu | bunun mu? | enyakin=- puan=0 sebep=ESLESME_YOK
[2026-09-11 19:19:05] Kyururuu | enderman mi kescez | enyakin=- puan=0 sebep=ESLESME_YOK
[2026-09-11 19:21:51] ahmetinyo544 | kac lira | enyakin=- puan=0 sebep=ESLESME_YOK
[2026-09-11 19:22:50] RaconEmir | mikrofon nasıl mavcut degıl olm ya | enyakin=- puan=0 sebep=ESLESME_YOK
[2026-09-11 19:24:26] ahmetinyo544 | kac tane vaa | enyakin=- puan=0 sebep=ESLESME_YOK
[2026-09-11 19:24:40] ahmetinyo544 | 4500 tane ? | enyakin=- puan=0 sebep=ESLESME_YOK
[2026-09-11 19:24:51] RaconEmir | surdakı kım la | enyakin=- puan=0 sebep=ESLESME_YOK
[2026-09-11 19:28:02] Serkan_3793 | nasıl 25kaydi gwri mi dusuruldu | enyakin=- puan=0 sebep=ESLESME_YOK
[2026-09-11 19:28:15] RaconEmir | sunucuya nasıl birşey satıoz | enyakin=- puan=0 sebep=ESLESME_YOK
[2026-09-11 19:29:09] ahmetinyo544 | niye rehberler iyi deilmi | enyakin=- puan=0 sebep=ESLESME_YOK
[2026-09-11 19:29:44] Dark | nasıl rehber oldun sen | enyakin=- puan=0 sebep=ESLESME_YOK
[2026-09-11 19:29:51] Kyururuu | pearl avr mı daha | enyakin=- puan=0 sebep=ESLESME_YOK
[2026-09-11 19:31:03] Kyururuu | kazma var mı? | enyakin=- puan=0 sebep=ESLESME_YOK
[2026-09-11 19:32:51] Dark | ahmet izledin mi daha önce izlemediysen öneririm | enyakin=- puan=0 sebep=ESLESME_YOK
[2026-09-11 19:33:53] maceswap | kaç tane var kaybolma laneti | enyakin=- puan=0 sebep=ESLESME_YOK
[2026-09-11 19:34:12] kyrosrfl | metin okuyucu nası kapatcam | enyakin=- puan=0 sebep=ESLESME_YOK
[2026-09-11 19:35:06] requiemhuseyin | ya yardım edebilecek var mıw | enyakin=- puan=0 sebep=ESLESME_YOK
[2026-09-11 19:36:08] Kyururuu | benim ark gelse olur mu? | enyakin=- puan=0 sebep=ESLESME_YOK
[2026-09-11 19:36:19] maceswap | kaç tane kaybolma laneti var | enyakin=- puan=0 sebep=ESLESME_YOK
[2026-09-11 19:36:31] vefaozel | meşale var mı | enyakin=- puan=0 sebep=ESLESME_YOK
[2026-09-11 19:36:46] maceswap | kaç tane kaybolma laneti var vefaozel | enyakin=- puan=0 sebep=ESLESME_YOK
[2026-09-11 19:37:15] maceswap | kaybolma laneti kaç tane var | enyakin=- puan=0 sebep=ESLESME_YOK
[2026-09-11 19:42:56] ahmetinyo544 | biri xp siseis atıyo kim | enyakin=- puan=0 sebep=ESLESME_YOK
[2026-09-11 19:44:31] Thandry | tüm eşyalarım gitti eşya verebilecek var mı | enyakin=- puan=0 sebep=ESLESME_YOK
[2026-09-11 19:47:40] EnsignSign31409 | güç 5 ne kadar verirsiniz | enyakin=- puan=0 sebep=ESLESME_YOK
[2026-09-11 19:48:25] OverLord | ahmetinyo yan hesabımdı ?? | enyakin=- puan=0 sebep=ESLESME_YOK
[2026-09-11 19:51:52] Thandry | ne kadar istiyorsun | enyakin=- puan=0 sebep=ESLESME_YOK
[2026-09-11 19:56:49] ahmetinyo544 | leleolul ne kadar | enyakin=- puan=0 sebep=ESLESME_YOK
[2026-09-11 20:00:48] OverLord | neden base yapmadınız | enyakin=- puan=0 sebep=ESLESME_YOK
[2026-09-11 20:05:18] OverLord | 2v2 vs gelcenizmi ?? | enyakin=- puan=0 sebep=ESLESME_YOK
[2026-09-11 20:10:01] Thandry | kaç verirsin | enyakin=- puan=0 sebep=ESLESME_YOK
[2026-09-11 20:17:17] kyrosrfl | kime netherite kazma lazım 3 büyülü | enyakin=nether-gitme puan=1 sebep=SINYAL_ZAYIF
[2026-09-11 20:18:58] Ebuski | niye dark şaşırdı ki | enyakin=- puan=0 sebep=ESLESME_YOK
[2026-09-11 20:21:21] EnsignSign31409 | servet 3 kaç verirsiniz | enyakin=- puan=0 sebep=ESLESME_YOK
[2026-09-11 20:22:11] ismailbaba46 | kac elmas var | enyakin=- puan=0 sebep=ESLESME_YOK
[2026-09-11 20:23:11] ismailbaba46 | para nasıl kasılır | enyakin=para-kazanma puan=1 sebep=SINYAL_ZAYIF
[2026-09-11 20:28:00] ahmetinyo544 | kac lira | enyakin=- puan=0 sebep=ESLESME_YOK
[2026-09-11 20:28:39] ahmetinyo544 | apathy kac lira yükseltme | enyakin=- puan=0 sebep=ESLESME_YOK
[2026-09-11 20:29:05] vefaozel | kaç k verirsin | enyakin=- puan=0 sebep=ESLESME_YOK
[2026-09-11 20:29:40] ahmetinyo544 | apathy kac | enyakin=- puan=0 sebep=ESLESME_YOK
[2026-09-11 20:29:48] ahmetinyo544 | 60 mı 50 olurmu abi yeniyim | enyakin=oyuna-baslama puan=1 sebep=SINYAL_ZAYIF
[2026-09-11 20:30:35] EnsignSign31409 | knk yeniysen 50 K nasıl yaptın anlat be | enyakin=- puan=0 sebep=ESLESME_YOK
[2026-09-11 20:31:09] Dark | baseyi yaptığımız yer nerde | enyakin=- puan=0 sebep=ESLESME_YOK
[2026-09-11 20:31:22] enestahaayan1 | BEYLER nasıl spawna ışınlanıyoz | enyakin=rtp puan=1 sebep=SINYAL_ZAYIF
[2026-09-11 20:33:03] Dark | ya ismail sen nasıl bir adamsın | enyakin=- puan=0 sebep=ESLESME_YOK
[2026-09-11 20:34:36] MuratRTX | lapisi olan var mı | enyakin=- puan=0 sebep=ESLESME_YOK
[2026-09-11 20:36:58] vefaozel | aga senin team var mı | enyakin=takim puan=1 sebep=SINYAL_ZAYIF
[2026-09-11 20:38:01] verifiyiy | nasıl atılır bilmiyodum | enyakin=- puan=0 sebep=ESLESME_YOK
[2026-09-11 20:38:11] vefaozel | aga o zaman ben kime tpa atıyorum | enyakin=isinlanma-istegi puan=1 sebep=SINYAL_ZAYIF
[2026-09-11 20:38:36] enestahaayan1 | nasıl gelcem | enyakin=- puan=0 sebep=ESLESME_YOK
[2026-09-11 20:39:11] vefaozel | aldın mı baltayı dark | enyakin=- puan=0 sebep=ESLESME_YOK
[2026-09-11 20:39:21] Dark | balta mı | enyakin=- puan=0 sebep=ESLESME_YOK
[2026-09-11 20:44:16] kyrosrfl | beyler kime büyü lazım | enyakin=buyu-masasi puan=1 sebep=SINYAL_ZAYIF
[2026-09-11 20:45:06] ismailbaba46 | adamlar nerde | enyakin=- puan=0 sebep=ESLESME_YOK
[2026-09-11 20:46:42] AyiBogan064 | niye para kasmiyon aq | enyakin=para-kazanma puan=1 sebep=SINYAL_ZAYIF
[2026-09-11 20:46:59] adala7 | Aç mı kalayım | enyakin=- puan=0 sebep=ESLESME_YOK
[2026-09-11 20:49:42] vefaozel | yemek var mı | enyakin=- puan=0 sebep=ESLESME_YOK
[2026-09-11 20:51:02] Ramazan6414 | boşluk beleş mi | enyakin=- puan=0 sebep=ESLESME_YOK
[2026-09-11 20:54:08] adala7 | nasıl para kasıyos | enyakin=para-kazanma puan=1 sebep=SINYAL_ZAYIF
[2026-09-11 20:55:29] maceswap | item istemek için mi rahatsız oluyorum artık | enyakin=- puan=0 sebep=ESLESME_YOK
[2026-09-11 20:55:46] ismailbaba46 | nasıl bılmıyon rehbersın | enyakin=- puan=0 sebep=ESLESME_YOK
[2026-09-11 20:56:47] Ebuski | kim geldi takima | enyakin=takim puan=1 sebep=SINYAL_ZAYIF
[2026-09-11 21:01:22] Ramazan6414 | atılma 3 mü | enyakin=- puan=0 sebep=ESLESME_YOK
[2026-09-11 21:01:59] Dark | racon beni hatırladın değil mi | enyakin=- puan=0 sebep=ESLESME_YOK
[2026-09-11 21:02:51] Dark | racon beni hatırladın mı | enyakin=- puan=0 sebep=ESLESME_YOK
[2026-09-11 21:03:11] Ebuski | bana niye cevap vermiyonuz | enyakin=- puan=0 sebep=ESLESME_YOK
[2026-09-11 21:05:55] dijitaltotofan | 100de 25 ok mu | enyakin=- puan=0 sebep=ESLESME_YOK
[2026-09-11 21:07:02] AyiBogan064 | kaçtan alcan | enyakin=- puan=0 sebep=ESLESME_YOK
[2026-09-11 21:07:57] ismailbaba46 | govdelık nasıl yapılır | enyakin=- puan=0 sebep=ESLESME_YOK
[2026-09-11 21:08:18] ismailbaba46 | govdelık nasıl yapılır | enyakin=- puan=0 sebep=ESLESME_YOK
[2026-09-11 21:10:16] Ramazan6414 | 16 taneye ne kadar veriyon | enyakin=- puan=0 sebep=ESLESME_YOK
[2026-09-11 21:10:30] BerkayTE3134 | kaç istiyon | enyakin=- puan=0 sebep=ESLESME_YOK
[2026-09-11 21:10:44] Ramazan6414 | ne kadar verirsen | enyakin=- puan=0 sebep=ESLESME_YOK
[2026-09-11 21:11:26] AyiBogan064 | yemin mi | enyakin=- puan=0 sebep=ESLESME_YOK
[2026-09-11 21:11:31] Ramazan6414 | ne kadar elmas | enyakin=- puan=0 sebep=ESLESME_YOK
[2026-09-11 21:13:13] adala7 | nerde ali | enyakin=- puan=0 sebep=ESLESME_YOK
[2026-09-11 21:14:36] efwse | burada pvp ye girmek istiyom oyunlar kısımı nerede | enyakin=savas-etiketi puan=1 sebep=SINYAL_ZAYIF
[2026-09-11 21:14:53] AyiBogan064 | ačtin mi | enyakin=- puan=0 sebep=ESLESME_YOK
[2026-09-11 21:18:08] Ebuski | nethirite - kaç | enyakin=- puan=0 sebep=ESLESME_YOK
[2026-09-11 21:21:13] Dark | kim bilmiyoz | enyakin=- puan=0 sebep=ESLESME_YOK
[2026-09-11 21:21:29] Dark | niye ki ebuski | enyakin=- puan=0 sebep=ESLESME_YOK
[2026-09-11 21:21:53] Kyururuu | 64lük ne kadara alıyon | enyakin=- puan=0 sebep=ESLESME_YOK
[2026-09-11 21:22:57] Ebuski | ismail kaç bence | enyakin=- puan=0 sebep=ESLESME_YOK
[2026-09-11 21:28:57] Dark | nasıl yapılıyor | enyakin=- puan=0 sebep=ESLESME_YOK
[2026-09-11 21:34:37] sevo_16 | ber-aber kasılcak var mı? | enyakin=- puan=0 sebep=ESLESME_YOK
[2026-09-11 21:35:13] Dark | berkay ne kadar | enyakin=- puan=0 sebep=ESLESME_YOK
[2026-09-11 21:35:41] adala7 | Ali sen nasıl o kadar kasıldın | enyakin=- puan=0 sebep=ESLESME_YOK
[2026-09-11 21:37:20] Ramazan6414 | bekle kac ane lazım | enyakin=- puan=0 sebep=ESLESME_YOK
[2026-09-11 21:41:09] Ebuski | hızlı kazmaya yarayan büyü neydi | enyakin=buyu-masasi puan=1 sebep=SINYAL_ZAYIF
[2026-09-11 21:42:06] Dark | kaç tane lzm demir | enyakin=- puan=0 sebep=ESLESME_YOK
[2026-09-11 21:42:44] Ramazan6414 | ne kadar lazım | enyakin=- puan=0 sebep=ESLESME_YOK
[2026-09-11 21:42:44] BerkayTE3134 | lan enayiler siz kime pusu kuruyonuz | enyakin=- puan=0 sebep=ESLESME_YOK
[2026-09-11 21:43:50] dijitaltotofan | çubuk cu nerde | enyakin=- puan=0 sebep=ESLESME_YOK
[2026-09-11 21:43:51] uras1098 | ne kadar | enyakin=- puan=0 sebep=ESLESME_YOK
[2026-09-11 21:44:04] Ebuski | ne kadar verirsin | enyakin=- puan=0 sebep=ESLESME_YOK
[2026-09-11 21:44:14] uras1098 | kaç elmas atcan | enyakin=- puan=0 sebep=ESLESME_YOK
[2026-09-11 21:44:19] Ebuski | kaç tane istiyon | enyakin=- puan=0 sebep=ESLESME_YOK
[2026-09-11 21:45:00] uras1098 | ne kadar demir | enyakin=- puan=0 sebep=ESLESME_YOK
[2026-09-11 21:45:16] uras1098 | ne kadar atim | enyakin=- puan=0 sebep=ESLESME_YOK
[2026-09-11 21:47:01] ClownPierce | ne kadar avr | enyakin=- puan=0 sebep=ESLESME_YOK
[2026-09-11 21:47:17] ClownPierce | uras ne kadar var | enyakin=- puan=0 sebep=ESLESME_YOK
[2026-09-11 21:47:39] uras1098 | nasıl atcam aq | enyakin=- puan=0 sebep=ESLESME_YOK
[2026-09-11 21:51:37] Ebuski | nerde öldün | enyakin=- puan=0 sebep=ESLESME_YOK
[2026-09-11 21:52:55] kyrosrfl | neyler kime büyü lazım | enyakin=buyu-masasi puan=1 sebep=SINYAL_ZAYIF
[2026-09-11 21:53:28] MAZIFIR | atılma var mı | enyakin=- puan=0 sebep=ESLESME_YOK
[2026-09-11 21:53:44] kyrosrfl | kime netherite lazım | enyakin=nether-gitme puan=1 sebep=SINYAL_ZAYIF
[2026-09-11 21:53:52] Ebuski | niye lan | enyakin=- puan=0 sebep=ESLESME_YOK
[2026-09-11 21:53:58] MAZIFIR | kescen mi | enyakin=- puan=0 sebep=ESLESME_YOK
[2026-09-11 21:54:43] Ramazan6414 | hangi kazmadan bahsediyorsun | enyakin=- puan=0 sebep=ESLESME_YOK
[2026-09-11 21:58:31] Ebuski | ekipden biri hangisi meşe ormanında | enyakin=orman-gitme puan=1 sebep=SINYAL_ZAYIF
[2026-09-11 22:01:40] Ramazan6414 | ne kadara | enyakin=- puan=0 sebep=ESLESME_YOK
[2026-09-11 22:01:53] Ebuski | nası yanı kurt | enyakin=- puan=0 sebep=ESLESME_YOK
[2026-09-11 22:02:16] Ebuski | sizin teama mı gelim | enyakin=takim puan=1 sebep=SINYAL_ZAYIF
[2026-09-11 22:02:50] Ebuski | olur nası alcam | enyakin=- puan=0 sebep=ESLESME_YOK
[2026-09-11 22:05:41] Dream | arkadaş olalım mı mertrrw | enyakin=- puan=0 sebep=ESLESME_YOK
[2026-09-11 22:07:32] Ebuski | tmm kaç tane | enyakin=- puan=0 sebep=ESLESME_YOK
[2026-09-11 22:07:54] Matasoy2004 | bana elmas satacak biri var mı | enyakin=- puan=0 sebep=ESLESME_YOK
[2026-09-11 22:08:10] Ramazan6414 | matasoy ne kadar verirsin elmasa | enyakin=- puan=0 sebep=ESLESME_YOK
[2026-09-11 22:08:14] EnsignSign31409 | kaç veriyon | enyakin=- puan=0 sebep=ESLESME_YOK
[2026-09-11 22:10:26] Ebuski | kaç tane | enyakin=- puan=0 sebep=ESLESME_YOK
[2026-09-11 22:10:45] Ebuski | kaç tane | enyakin=- puan=0 sebep=ESLESME_YOK
[2026-09-11 22:17:00] Ramazan6414 | ensinsign31409 kanka elmas ne kadara satiyorsun | enyakin=- puan=0 sebep=ESLESME_YOK
[2026-09-11 22:17:06] mertrrw | elimdekini nerde açcam | enyakin=- puan=0 sebep=ESLESME_YOK
[2026-09-11 22:17:14] EnsignSign31409 | ramazan sen kaç veriyon ticaret yapak | enyakin=- puan=0 sebep=ESLESME_YOK
[2026-09-11 22:18:32] Anume4613 | yapiskan mi olcak | enyakin=- puan=0 sebep=ESLESME_YOK
[2026-09-11 22:18:47] ahmetxd5787 | nasl geri gitcem | enyakin=- puan=0 sebep=ESLESME_YOK
[2026-09-11 22:19:02] Ramazan6414 | 1 stack elmasa ne kadar istiyorsun | enyakin=- puan=0 sebep=ESLESME_YOK
[2026-09-11 22:19:41] Ramazan6414 | kac elmasın var pardon | enyakin=- puan=0 sebep=ESLESME_YOK
[2026-09-11 22:20:32] Ramazan6414 | tamam kac elmas | enyakin=- puan=0 sebep=ESLESME_YOK
[2026-09-11 22:22:35] BigGuitar804481 | niye kabul etmedin | enyakin=- puan=0 sebep=ESLESME_YOK
[2026-09-11 22:25:08] BigGuitar804481 | kïrïlmazïk servet veririmlik büyüsü olan kazma kim alir | enyakin=buyu-masasi puan=1 sebep=SINYAL_ZAYIF
[2026-09-11 22:30:32] Arasayan | alcan???????? | enyakin=- puan=0 sebep=ESLESME_YOK
[2026-09-11 22:31:05] Arasayan | kim attı | enyakin=- puan=0 sebep=ESLESME_YOK
[2026-09-11 22:31:35] Arasayan | neden ki | enyakin=- puan=0 sebep=ESLESME_YOK
[2026-09-11 22:31:36] Ramazan6414 | redstone ne kadar lazım | enyakin=- puan=0 sebep=ESLESME_YOK
[2026-09-11 22:35:00] Arasayan | kaç kmistiyo | enyakin=- puan=0 sebep=ESLESME_YOK
[2026-09-11 22:35:05] Arasayan | kaç lira ipeksi | enyakin=- puan=0 sebep=ESLESME_YOK
[2026-09-11 22:35:07] mertrrw | sıkıldım kime tp atim | enyakin=isinlanma-istegi puan=1 sebep=SINYAL_ZAYIF
[2026-09-11 22:35:20] EnsignSign31409 | Aras kaç verirsin en fazla | enyakin=- puan=0 sebep=ESLESME_YOK
[2026-09-11 22:36:17] mertrrw | sıkıldım kime tplenimmm | enyakin=- puan=0 sebep=ESLESME_YOK
[2026-09-11 22:38:00] pengufork | kaç verir sın | enyakin=- puan=0 sebep=ESLESME_YOK
[2026-09-11 22:40:57] SmellOfGoal | beyler /rtpson ne? | enyakin=- puan=0 sebep=ESLESME_YOK
[2026-09-11 22:41:39] SmellOfGoal | bana elmas set veren sen miydin HeraAndZeus ? | enyakin=- puan=0 sebep=ESLESME_YOK
[2026-09-11 22:42:40] ahmetxd5787 | ev komutu nasıl oluyo | enyakin=menu puan=1 sebep=SINYAL_ZAYIF
[2026-09-11 22:43:19] maceswap | ne kadar bosluk1 | enyakin=- puan=0 sebep=ESLESME_YOK
[2026-09-11 22:46:31] MAZIFIR | keskinlik 5 olur mu | enyakin=- puan=0 sebep=ESLESME_YOK
[2026-09-11 22:46:58] Ebuski | kaç tane | enyakin=- puan=0 sebep=ESLESME_YOK
[2026-09-11 22:47:20] maceswap | ne kadar var | enyakin=- puan=0 sebep=ESLESME_YOK
[2026-09-11 22:48:57] pengufork | şimdi nasıl | enyakin=- puan=0 sebep=ESLESME_YOK
[2026-09-11 22:52:08] SmellOfGoal | neden kazma ya kürekle niye olmuyo | enyakin=- puan=0 sebep=ESLESME_YOK
[2026-09-11 22:54:54] sevo_16 | birlikte kasılcak? | enyakin=- puan=0 sebep=ESLESME_YOK
[2026-09-11 22:55:48] Ebuski | dostum sen niye bana ışınlandın merak ediyorum | enyakin=rtp puan=1 sebep=SINYAL_ZAYIF
[2026-09-11 22:56:28] Anume4613 | niye 2 bura | enyakin=- puan=0 sebep=ESLESME_YOK
[2026-09-11 22:58:19] Ebuski | banlama yetkisi kime ait | enyakin=- puan=0 sebep=ESLESME_YOK
[2026-09-11 22:58:41] Ebuski | tmm admin kim | enyakin=- puan=0 sebep=ESLESME_YOK
[2026-09-11 22:59:15] Kyuushu | varda nerden atıcam | enyakin=- puan=0 sebep=ESLESME_YOK
[2026-09-11 22:59:29] Anume4613 | nasi bi fakirlikteyiz baltamiz yok elimizle sandik kriiyoz | enyakin=- puan=0 sebep=ESLESME_YOK
[2026-09-11 23:00:04] OverLord | kyushuu dc yok diyorsun ? | enyakin=- puan=0 sebep=ESLESME_YOK
[2026-09-11 23:00:09] Skyler | bu nasıl gorev | enyakin=gunluk-gorev puan=1 sebep=SINYAL_ZAYIF
[2026-09-11 23:01:00] OverLord | ne anlama gelebilir ?? | enyakin=- puan=0 sebep=ESLESME_YOK
[2026-09-11 23:01:40] Ebuski | [event cancelled]kim ben mi | enyakin=- puan=0 sebep=ESLESME_YOK
[2026-09-11 23:04:26] OverLord | ? adamlar chatin ortasında ciddili kavga etti | enyakin=- puan=0 sebep=ESLESME_YOK
[2026-09-11 23:04:44] SplayBard9104 | la lobiye nasıl gitcem | enyakin=- puan=0 sebep=ESLESME_YOK
[2026-09-11 23:07:02] xWith | nereye yapcaz aşşa mı | enyakin=- puan=0 sebep=ESLESME_YOK
[2026-09-11 23:07:21] Dark | nerde olsun ki... | enyakin=- puan=0 sebep=ESLESME_YOK
[2026-09-11 23:08:35] SplayBard9104 | yaw lobiye nasıl gitcem biri söylesin | enyakin=- puan=0 sebep=ESLESME_YOK
[2026-09-11 23:08:58] SmellOfGoal | örs niye yapılmıyo | enyakin=- puan=0 sebep=ESLESME_YOK
[2026-09-11 23:10:13] SmellOfGoal | niye olmuyo örs | enyakin=- puan=0 sebep=ESLESME_YOK
[2026-09-11 23:11:14] SplayBard9104 | a la event mi oldu OverLord | enyakin=- puan=0 sebep=ESLESME_YOK
[2026-09-11 23:13:14] xWith | mute yememek icin yalan söyleyen adam mı diyor bun | enyakin=- puan=0 sebep=ESLESME_YOK
[2026-09-11 23:14:01] SplayBard9104 | OvsrLord lobi komudu felan niye yok | enyakin=- puan=0 sebep=ESLESME_YOK
[2026-09-11 23:14:01] OverLord | kyushuu kac kere uyardım seni bidahakine 30 atarım | enyakin=- puan=0 sebep=ESLESME_YOK
[2026-09-11 23:15:49] Dark | yaaa niyeeeeeeeeeeeeeee | enyakin=- puan=0 sebep=ESLESME_YOK
[2026-09-11 23:16:22] OverLord | daha napsın ??? | enyakin=- puan=0 sebep=ESLESME_YOK
[2026-09-11 23:17:32] sevo_16 | bağlanma lanetli mi? | enyakin=hesap-esleme puan=1 sebep=SINYAL_ZAYIF
[2026-09-11 23:18:20] KarincaYiyen339 | baseleri en cok nerelerde bulabilirim | enyakin=- puan=0 sebep=ESLESME_YOK
[2026-09-11 23:18:44] Ebuski | kaç elmas | enyakin=- puan=0 sebep=ESLESME_YOK
[2026-09-11 23:19:37] Ramazan6414 | antik kalıntı artı? | enyakin=- puan=0 sebep=ESLESME_YOK
[2026-09-11 23:19:50] AyiBogan064 | 60 kişi var nereye buluyon base | enyakin=- puan=0 sebep=ESLESME_YOK
[2026-09-11 23:20:05] Ramazan6414 | ne kadar elmas | enyakin=- puan=0 sebep=ESLESME_YOK
[2026-09-11 23:20:24] Ramazan6414 | ne kadar elmas istersin | enyakin=- puan=0 sebep=ESLESME_YOK
[2026-09-11 23:20:34] Ebuski | ne kadar verirsin max | enyakin=- puan=0 sebep=ESLESME_YOK
[2026-09-11 23:25:56] bosluk1 | kac can gitti | enyakin=- puan=0 sebep=ESLESME_YOK
[2026-09-11 23:26:21] OverLord | nası yapıyorsun | enyakin=- puan=0 sebep=ESLESME_YOK
[2026-09-11 23:26:52] Ramazan6414 | elmas alacan mı | enyakin=- puan=0 sebep=ESLESME_YOK
[2026-09-11 23:28:42] EnsignSign31409 | mace bir stack elmas 10 k mı | enyakin=- puan=0 sebep=ESLESME_YOK
[2026-09-11 23:28:55] Ramazan6414 | ne kadar paran var elitra alacam | enyakin=para-kazanma puan=1 sebep=SINYAL_ZAYIF
[2026-09-11 23:32:59] Ramazan6414 | penguor elitra aldın mı | enyakin=- puan=0 sebep=ESLESME_YOK
[2026-09-11 23:33:16] Ramazan6414 | ne kadara aldın | enyakin=- puan=0 sebep=ESLESME_YOK
[2026-09-11 23:33:59] Kyururuu | mesale verebilecek var mı? | enyakin=- puan=0 sebep=ESLESME_YOK
[2026-09-11 23:34:54] 06erenw06 | nasıl gircem smp yerine | enyakin=- puan=0 sebep=ESLESME_YOK
[2026-09-11 23:34:58] EnsignSign31409 | 5 elmasa kaç zümrüt veriyonuz | enyakin=- puan=0 sebep=ESLESME_YOK
[2026-09-11 23:36:59] bosluk1 | nasıl yani | enyakin=- puan=0 sebep=ESLESME_YOK
[2026-09-11 23:38:38] bosluk1 | 1k mı oha | enyakin=- puan=0 sebep=ESLESME_YOK
[2026-09-11 23:39:57] Kyururuu | mesale verebilecek var mı? | enyakin=- puan=0 sebep=ESLESME_YOK
[2026-09-11 23:40:01] ZYXPRO | oyuna nasıl girioz | enyakin=- puan=0 sebep=ESLESME_YOK
[2026-09-11 23:40:45] ZYXPRO | oyuna nerden girionuz | enyakin=- puan=0 sebep=ESLESME_YOK
[2026-09-11 23:42:00] EnsignSign31409 | boşluk knk kaç gündür oynuyon | enyakin=- puan=0 sebep=ESLESME_YOK
[2026-09-11 23:42:27] EnsignSign31409 | boşluk nasıl para kastın hemen | enyakin=para-kazanma puan=1 sebep=SINYAL_ZAYIF
[2026-09-11 23:42:43] 06erenw06 | arkadaslar hizlıca nasıl para kasabilirim | enyakin=para-kazanma puan=1 sebep=SINYAL_ZAYIF
[2026-09-11 23:43:49] EnsignSign31409 | smell sen diyene kadar | enyakin=- puan=0 sebep=ESLESME_YOK
[2026-09-11 23:45:41] Kyururuu | mesale verevilecek var mı? | enyakin=- puan=0 sebep=ESLESME_YOK
[2026-09-11 23:46:27] leleoluk | kac kalp | enyakin=- puan=0 sebep=ESLESME_YOK
[2026-09-11 23:47:01] 06erenw06 | arkadaslar miilete nasıl bisiler satııcam | enyakin=- puan=0 sebep=ESLESME_YOK
[2026-09-11 23:47:32] leleoluk | kac istiyon | enyakin=- puan=0 sebep=ESLESME_YOK
[2026-09-11 23:48:11] 06erenw06 | tamam insanların sattıklarını nasıl görcemn | enyakin=- puan=0 sebep=ESLESME_YOK
[2026-09-11 23:49:38] Barlas93 | beyler dümdüz spawner ile marketten alınan spawner arasındaki fark nedir | enyakin=market puan=3 sebep=FARK_YETERSIZ
[2026-09-11 23:53:26] Haliko | knk olak mı | enyakin=- puan=0 sebep=ESLESME_YOK
[2026-09-11 23:55:46] 06erenw06 | ah a nasıl bakcaz | enyakin=acik-artirma puan=1 sebep=SINYAL_ZAYIF
[2026-09-11 23:57:42] Haliko | demir farmı yapak mı | enyakin=en-iyi-farm puan=1 sebep=SINYAL_ZAYIF
[2026-09-12 00:04:45] EnsignSign31409 | Serkan 2 steck ne kadar | enyakin=- puan=0 sebep=ESLESME_YOK
[2026-09-12 00:08:05] lonewolf | yaslar kac | enyakin=- puan=0 sebep=ESLESME_YOK
[2026-09-12 00:08:32] mertrrw | nerde oturiyoniz | enyakin=- puan=0 sebep=ESLESME_YOK
[2026-09-12 00:16:09] leleoluk | anume bütscen kac | enyakin=- puan=0 sebep=ESLESME_YOK
[2026-09-12 00:16:49] lonewolf | kım gonderıyor bunları ya | enyakin=para-gonderme puan=1 sebep=SINYAL_ZAYIF
[2026-09-12 00:20:26] apathyharbi | setleri vereyimmi? | enyakin=- puan=0 sebep=ESLESME_YOK
[2026-09-12 00:21:40] M_SPOWER2204 | demirrr nerde anumee | enyakin=- puan=0 sebep=ESLESME_YOK
[2026-09-12 00:25:12] tpswesx | mace yeri nerede daha yeniyimdeü | enyakin=oyuna-baslama puan=1 sebep=SINYAL_ZAYIF
[2026-09-12 00:30:44] KarincaYiyen339 | antik kalinti en cok hangi katmanda cikiyor | enyakin=- puan=0 sebep=ESLESME_YOK
[2026-09-12 00:31:08] lonewolf | halıl mert nerde | enyakin=- puan=0 sebep=ESLESME_YOK
[2026-09-12 00:39:28] Haliko | sende kaç yatak var | enyakin=- puan=0 sebep=ESLESME_YOK
[2026-09-12 00:40:19] Haliko | kaç tane yatgın var | enyakin=- puan=0 sebep=ESLESME_YOK
[2026-09-12 00:42:35] yusuf_selim_756 | abiler yas kac | enyakin=- puan=0 sebep=ESLESME_YOK
[2026-09-12 00:43:44] yusuf_selim_756 | abiler ablalar yaşlar kac | enyakin=- puan=0 sebep=ESLESME_YOK
[2026-09-12 00:45:28] apathyharbi | nerden nereye | enyakin=- puan=0 sebep=ESLESME_YOK
[2026-09-12 00:47:00] KarincaYiyen339 | antik kalinti ne kadara satiliyor | enyakin=- puan=0 sebep=ESLESME_YOK
[2026-09-12 00:47:12] xWith | netherdeydik tmm mı bi anda diyoki base var | enyakin=nether-gitme puan=1 sebep=SINYAL_ZAYIF
[2026-09-12 00:49:33] xWith | tm geçelim ama mikim kapalı durcam ok? | enyakin=- puan=0 sebep=ESLESME_YOK
[2026-09-12 00:49:40] SmellOfGoal | tamam kaç lira | enyakin=- puan=0 sebep=ESLESME_YOK
[2026-09-12 00:49:54] ItzRealMusty | elytra alacak? | enyakin=- puan=0 sebep=ESLESME_YOK
[2026-09-12 00:54:26] apathyharbi | acaba 2.basesini nasıl patlatsam ya | enyakin=- puan=0 sebep=ESLESME_YOK
[2026-09-12 00:56:39] ItzRealMusty | onları nasıl halletcen | enyakin=- puan=0 sebep=ESLESME_YOK
[2026-09-12 00:59:11] ItzRealMusty | 1 kaç taneye | enyakin=- puan=0 sebep=ESLESME_YOK
[2026-09-12 00:59:16] 06erenw06 | yalan soylemedini nerden bilcem | enyakin=- puan=0 sebep=ESLESME_YOK
[2026-09-12 01:01:24] SmellOfGoal | kaç verirsin 1 steak | enyakin=- puan=0 sebep=ESLESME_YOK
[2026-09-12 01:02:05] EnsignSign31409 | 33 tanesine kaç verirsin | enyakin=- puan=0 sebep=ESLESME_YOK
[2026-09-12 01:04:11] yusuf_selim_756 | ne kadar | enyakin=- puan=0 sebep=ESLESME_YOK
[2026-09-12 01:05:57] SmellOfGoal | 1 stek mi | enyakin=- puan=0 sebep=ESLESME_YOK
[2026-09-12 01:11:48] kyrosrfl | nerde bu elytra evi ya | enyakin=- puan=0 sebep=ESLESME_YOK
[2026-09-12 01:12:28] LazUsagi61 | 20 elmas kim alıyo 30k kasadan çıktı | enyakin=kasa puan=1 sebep=SINYAL_ZAYIF
[2026-09-12 01:13:30] Matasoy2004 | üc tane yünü olan var mı elmas veririm | enyakin=- puan=0 sebep=ESLESME_YOK
[2026-09-12 01:13:56] ItzRealMusty | stek var Alcan mı | enyakin=- puan=0 sebep=ESLESME_YOK
[2026-09-12 01:16:37] 06erenw06 | kiristal nasıl kascam | enyakin=- puan=0 sebep=ESLESME_YOK
[2026-09-12 01:17:09] kyrosrfl | m spower kaç tane var | enyakin=- puan=0 sebep=ESLESME_YOK
[2026-09-12 01:17:16] M_SPOWER2204 | ne kadar lazim | enyakin=- puan=0 sebep=ESLESME_YOK
[2026-09-12 01:17:34] M_SPOWER2204 | kaç verirsin | enyakin=- puan=0 sebep=ESLESME_YOK
[2026-09-12 01:17:40] kyrosrfl | şimdi mi getircen | enyakin=- puan=0 sebep=ESLESME_YOK
[2026-09-12 01:18:17] yusuf_selim_756 | nereye gelicem | enyakin=- puan=0 sebep=ESLESME_YOK
[2026-09-12 01:19:11] yusuf_selim_756 | nereye gelcem pvp ye | enyakin=savas-etiketi puan=1 sebep=SINYAL_ZAYIF
[2026-09-12 01:19:55] kyrosrfl | yok kanka niye vereyim para | enyakin=para-kazanma puan=1 sebep=SINYAL_ZAYIF
[2026-09-12 01:20:58] yusuf_selim_756 | benimle kim vs gelcek | enyakin=- puan=0 sebep=ESLESME_YOK
[2026-09-12 01:23:48] yusuf_selim_756 | nasil yapcam | enyakin=- puan=0 sebep=ESLESME_YOK
[2026-09-12 01:23:55] WickedCufy | Niye kimse fişek satmıyo | enyakin=- puan=0 sebep=ESLESME_YOK
[2026-09-12 01:25:06] ItzRealMusty | kaç stek | enyakin=- puan=0 sebep=ESLESME_YOK
[2026-09-12 01:26:09] yusuf_selim_756 | niye almadin hepsini | enyakin=- puan=0 sebep=ESLESME_YOK
[2026-09-12 01:34:08] ADA303 | taşa ne kadar verirsiniz 1re kabulüm | enyakin=- puan=0 sebep=ESLESME_YOK
[2026-09-12 01:34:25] Haliko | dört demirin var mı | enyakin=- puan=0 sebep=ESLESME_YOK
[2026-09-12 01:37:09] DreAaAaMy | kim köyde öldü | enyakin=- puan=0 sebep=ESLESME_YOK
[2026-09-12 01:39:03] KarincaYiyen339 | nasil base bulucam | enyakin=- puan=0 sebep=ESLESME_YOK
[2026-09-12 01:39:18] Matasoy2004 | pvp gelcek var mı | enyakin=savas-etiketi puan=1 sebep=SINYAL_ZAYIF
[2026-09-12 01:39:51] KarincaYiyen339 | peki kuzenim telefondan oynuyor o nasil bulucak soruyor bana | enyakin=- puan=0 sebep=ESLESME_YOK
[2026-09-12 01:43:05] KarincaYiyen339 | kaç stek | enyakin=- puan=0 sebep=ESLESME_YOK
[2026-09-12 01:44:14] Matasoy2004 | pvp gelcek var mı | enyakin=savas-etiketi puan=1 sebep=SINYAL_ZAYIF
[2026-09-12 01:44:37] lonewolf | 5 bin tl ye kaç tane elmas verirsiniz gençler | enyakin=- puan=0 sebep=ESLESME_YOK
[2026-09-12 01:45:04] Haliko | bulup geliyom kaç. lazım | enyakin=- puan=0 sebep=ESLESME_YOK
[2026-09-12 01:48:10] ReflexBey | bız bu splerı nasıl koruycaz sımdı baskasından D | enyakin=- puan=0 sebep=ESLESME_YOK
[2026-09-12 01:54:35] 06erenw06 | benim canım 1 kalp arttı neden ? | enyakin=- puan=0 sebep=ESLESME_YOK
[2026-09-12 01:55:14] WickedCufy | bana niye verdi nlaaa | enyakin=- puan=0 sebep=ESLESME_YOK
[2026-09-12 01:55:22] kyrosrfl | 1 hak mı var | enyakin=- puan=0 sebep=ESLESME_YOK
[2026-09-12 01:55:42] KarincaYiyen339 | antik kalıntı ne kadar degerli | enyakin=- puan=0 sebep=ESLESME_YOK
[2026-09-12 01:58:02] WickedCufy | Fişek satan ? | enyakin=- puan=0 sebep=ESLESME_YOK
[2026-09-12 02:13:48] SmellOfGoal | 64 elmasa kaç verirsiniz kime satıyım | enyakin=- puan=0 sebep=ESLESME_YOK
[2026-09-12 02:16:01] SmellOfGoal | takımın var mı varsa ben gelebilir miyim :D | enyakin=takim puan=1 sebep=SINYAL_ZAYIF
[2026-09-12 02:17:20] kyrosrfl | benim fırınlar nerde maceswap | enyakin=- puan=0 sebep=ESLESME_YOK
[2026-09-12 02:18:52] ali0999987 | sp buldum alabılıyom mu | enyakin=- puan=0 sebep=ESLESME_YOK
[2026-09-12 02:22:51] ali0999987 | olurda ne kadar | enyakin=- puan=0 sebep=ESLESME_YOK
[2026-09-12 02:27:33] EnsignSign31409 | sadece bir blok kırılan elmas ipeksi dokunuşlu kazmaya ne kadar verirsiniz | enyakin=- puan=0 sebep=ESLESME_YOK
[2026-09-12 02:28:08] ali0999987 | 12k olur mu | enyakin=- puan=0 sebep=ESLESME_YOK
[2026-09-12 02:29:30] ali0999987 | tam mı attımyani | enyakin=- puan=0 sebep=ESLESME_YOK
[2026-09-12 02:30:29] SmellOfGoal | tamam 28k? | enyakin=- puan=0 sebep=ESLESME_YOK
[2026-09-12 02:30:33] ali0999987 | beyler beni alcak var mı basesine elmas toplarım delı gıbı | enyakin=- puan=0 sebep=ESLESME_YOK
[2026-09-12 02:31:55] SmellOfGoal | var daha istiyon mu | enyakin=- puan=0 sebep=ESLESME_YOK
[2026-09-12 02:34:19] ali0999987 | kac elmas ıstıyon | enyakin=- puan=0 sebep=ESLESME_YOK
[2026-09-12 02:39:03] kyrosrfl | 20k daha atman gerekmıyo mu 2 shulker doldurdum | enyakin=- puan=0 sebep=ESLESME_YOK
[2026-09-12 02:42:03] 06erenw06 | 1 stack elmasa ? | enyakin=- puan=0 sebep=ESLESME_YOK
[2026-09-12 02:42:39] EnsignSign31409 | ipeksi dokunuş elmas kazmaya kaç elmas verirsiniz | enyakin=- puan=0 sebep=ESLESME_YOK
[2026-09-12 02:49:35] M_SPOWER2204 | admin are you okey? | enyakin=- puan=0 sebep=ESLESME_YOK
[2026-09-12 02:50:18] ali0999987 | koyydun mu | enyakin=- puan=0 sebep=ESLESME_YOK
[2026-09-12 02:56:02] ali0999987 | anahtarı nerden alıyonuz | enyakin=kasa puan=1 sebep=SINYAL_ZAYIF
[2026-09-12 03:00:18] maceswap | bittimi ? | enyakin=- puan=0 sebep=ESLESME_YOK
[2026-09-12 03:02:20] 06erenw06 | admin yok mu ya | enyakin=- puan=0 sebep=ESLESME_YOK
[2026-09-12 03:07:42] maceswap | en son kaç olur | enyakin=- puan=0 sebep=ESLESME_YOK
[2026-09-12 03:08:12] ali0999987 | oyunda tpa trap falan yasak mı | enyakin=kurallar puan=2 sebep=SINYAL_ZAYIF
[2026-09-12 03:10:11] ali0999987 | tm onu bılıymda mıllet nası 5 mılyon olmus | enyakin=- puan=0 sebep=ESLESME_YOK
[2026-09-12 03:11:24] lonewolf | rehber bey event kasası nerde var?? | enyakin=kasa puan=1 sebep=SINYAL_ZAYIF
[2026-09-12 03:15:25] ali0999987 | enddekı butun eltyralar gıttı mı | enyakin=- puan=0 sebep=ESLESME_YOK
[2026-09-12 03:28:49] 06erenw06 | sen kaç düsünüyno | enyakin=- puan=0 sebep=ESLESME_YOK
[2026-09-12 03:32:08] 06erenw06 | raskele biryere isinlanma kodu neydi | enyakin=rtp puan=1 sebep=SINYAL_ZAYIF
[2026-09-12 03:47:29] ali0999987 | nereye yaapk | enyakin=- puan=0 sebep=ESLESME_YOK
[2026-09-12 03:51:26] ali0999987 | aldın mı hepsını | enyakin=- puan=0 sebep=ESLESME_YOK
[2026-09-12 03:51:39] SmellOfGoal | sana mı geld | enyakin=- puan=0 sebep=ESLESME_YOK
[2026-09-12 04:00:51] SmellOfGoal | snede elmas kılıç var mı | enyakin=- puan=0 sebep=ESLESME_YOK
[2026-09-12 04:02:37] kyrosrfl | kar bloğu nadir mi | enyakin=- puan=0 sebep=ESLESME_YOK
[2026-09-12 04:13:17] Anume4613 | uste beni kim vurduya gonderdin | enyakin=para-gonderme puan=1 sebep=SINYAL_ZAYIF
[2026-09-12 04:13:17] SmellOfGoal | ali buluyon mu | enyakin=- puan=0 sebep=ESLESME_YOK
[2026-09-12 04:16:01] Anume4613 | ne zaman oto olcak bj | enyakin=- puan=0 sebep=ESLESME_YOK
[2026-09-12 04:20:23] Anume4613 | ne kadar lazim | enyakin=- puan=0 sebep=ESLESME_YOK
[2026-09-12 04:22:14] SmellOfGoal | 1 steak yeter mi | enyakin=- puan=0 sebep=ESLESME_YOK
[2026-09-12 04:22:18] ali0999987 | ne kadar varsa | enyakin=- puan=0 sebep=ESLESME_YOK
[2026-09-12 04:22:32] SmellOfGoal | tp mi atıyım | enyakin=isinlanma-istegi puan=1 sebep=SINYAL_ZAYIF
[2026-09-12 04:26:48] ali0999987 | yetermı atım mı daha | enyakin=- puan=0 sebep=ESLESME_YOK
[2026-09-12 04:32:25] Oguzz | pembe ev mi | enyakin=- puan=0 sebep=ESLESME_YOK
[2026-09-12 04:35:43] SmellOfGoal | yo bişey demiyom o sandığı nasıl gördün olm | enyakin=- puan=0 sebep=ESLESME_YOK
[2026-09-12 04:37:20] Oguzz | servet 3 olan var mı | enyakin=- puan=0 sebep=ESLESME_YOK
[2026-09-12 04:38:07] Oguzz | servet 3 olan var mı beyler | enyakin=- puan=0 sebep=ESLESME_YOK
[2026-09-12 04:38:17] ali0999987 | ne kadara satıyon 06erne06 | enyakin=- puan=0 sebep=ESLESME_YOK
[2026-09-12 04:38:23] ali0999987 | ne kadar var | enyakin=- puan=0 sebep=ESLESME_YOK
[2026-09-12 04:38:44] Oguzz | servet 3 yok mu iyi para veriyim | enyakin=para-kazanma puan=1 sebep=SINYAL_ZAYIF
[2026-09-12 04:39:40] 06erenw06 | 5 k mı toplam | enyakin=- puan=0 sebep=ESLESME_YOK
[2026-09-12 04:39:48] ali0999987 | sen ne kadar ıstıyon | enyakin=- puan=0 sebep=ESLESME_YOK
[2026-09-12 04:39:51] Oguzz | beyler servet 3 yok mu sizde | enyakin=- puan=0 sebep=ESLESME_YOK
[2026-09-12 04:41:01] ali0999987 | he okey max lt kac var | enyakin=- puan=0 sebep=ESLESME_YOK
[2026-09-12 04:41:52] 06erenw06 | kaç tane isik taşı istoydun | enyakin=- puan=0 sebep=ESLESME_YOK
[2026-09-12 04:43:03] ali0999987 | ne kadar | enyakin=- puan=0 sebep=ESLESME_YOK
[2026-09-12 04:43:57] ali0999987 | var mı sende | enyakin=- puan=0 sebep=ESLESME_YOK
[2026-09-12 04:46:01] ali0999987 | eren gelcen mı artık be | enyakin=- puan=0 sebep=ESLESME_YOK
[2026-09-12 04:57:06] Anume4613 | nasil bu oto calisin cqm olsun | enyakin=- puan=0 sebep=ESLESME_YOK
[2026-09-12 04:59:42] ali0999987 | ciddili mi | enyakin=- puan=0 sebep=ESLESME_YOK
[2026-09-12 05:01:14] ali0999987 | yeraltında mı yani | enyakin=- puan=0 sebep=ESLESME_YOK
[2026-09-12 05:01:39] ali0999987 | towny mı | enyakin=- puan=0 sebep=ESLESME_YOK
[2026-09-12 05:06:56] Evomm | kaçtan istiyon | enyakin=- puan=0 sebep=ESLESME_YOK
[2026-09-12 05:07:32] Evomm | kaçtan istiyon Oguzz | enyakin=- puan=0 sebep=ESLESME_YOK
[2026-09-12 05:08:31] Evomm | kaçtan istiyon Oguzz | enyakin=- puan=0 sebep=ESLESME_YOK
[2026-09-12 05:17:53] Anume4613 | neteriteye yuksetmemi yoksa desen mi | enyakin=- puan=0 sebep=ESLESME_YOK
[2026-09-12 05:21:17] Anume4613 | kumu s3n mi attin | enyakin=- puan=0 sebep=ESLESME_YOK
[2026-09-12 05:26:16] ReflexBey | kac steak laım | enyakin=- puan=0 sebep=ESLESME_YOK
[2026-09-12 05:29:48] Oguzz | mavi çiçek var mı | enyakin=- puan=0 sebep=ESLESME_YOK
[2026-09-12 05:36:14] Anume4613 | bak napak biliyon mu uste sandik koyak sandiga koydukalrimiz buraya gelsin pissin sonra pisen geri yukari ciksin sandiga | enyakin=- puan=0 sebep=ESLESME_YOK
[2026-09-12 05:50:23] 06erenw06 | olm niye kesiyon | enyakin=- puan=0 sebep=ESLESME_YOK
[2026-09-12 05:54:09] yusufcap10 | nerde la | enyakin=- puan=0 sebep=ESLESME_YOK
[2026-09-12 06:03:16] 06erenw06 | niye yok | enyakin=- puan=0 sebep=ESLESME_YOK
[2026-09-12 06:23:40] ReflexBey | siz nasıl buldunuz | enyakin=- puan=0 sebep=ESLESME_YOK
[2026-09-12 06:27:23] ReflexBey | ben niye uzagı canklar acık göremiyom yw | enyakin=- puan=0 sebep=ESLESME_YOK
[2026-09-12 06:35:18] M_SPOWER2204 | sparner nasi kircam | enyakin=- puan=0 sebep=ESLESME_YOK
[2026-09-12 06:35:41] yusufcap10 | ipeksi getireyim mi size var bende | enyakin=- puan=0 sebep=ESLESME_YOK
[2026-09-12 06:42:09] Oguzz | 1 stack elmas bloğu ne kadar | enyakin=- puan=0 sebep=ESLESME_YOK
[2026-09-12 06:46:20] ReflexBey | nereye yapmıs baseyşü | enyakin=- puan=0 sebep=ESLESME_YOK
[2026-09-12 06:53:15] Oguzz | knk satcan mı M_SPOWER2204 | enyakin=- puan=0 sebep=ESLESME_YOK
[2026-09-12 06:54:15] Anume4613 | bunun kamis farmi var kamislar nerde | enyakin=en-iyi-farm puan=1 sebep=SINYAL_ZAYIF
[2026-09-12 06:57:16] Oguzz | M_SPOWER2204 satcan mı kanka bişeyler yaz kitap,kamış,kağıt,elmas | enyakin=- puan=0 sebep=ESLESME_YOK
[2026-09-12 06:57:51] Oguzz | kaçtan satıyosun | enyakin=- puan=0 sebep=ESLESME_YOK
[2026-09-12 06:58:04] yusufcap10 | kactan aliyon | enyakin=- puan=0 sebep=ESLESME_YOK
[2026-09-12 06:58:11] Oguzz | kaç stack var fiyat veriyim | enyakin=- puan=0 sebep=ESLESME_YOK
[2026-09-12 06:58:19] yusufcap10 | kaç verirsin | enyakin=- puan=0 sebep=ESLESME_YOK
[2026-09-12 07:02:54] yusufcap10 | biliyorumda kk nasıl yapsak | enyakin=- puan=0 sebep=ESLESME_YOK
[2026-09-12 07:05:33] Anume4613 | nasil g3nisletcez | enyakin=- puan=0 sebep=ESLESME_YOK
[2026-09-12 07:05:42] M_SPOWER2204 | bilmiom nasi bi tarz isgersin | enyakin=- puan=0 sebep=ESLESME_YOK
[2026-09-12 07:26:54] Ramazan6414 | shulker mi satıyorsunuz | enyakin=- puan=0 sebep=ESLESME_YOK
[2026-09-12 07:34:27] Kayrsberg | beyler dünyaya nasıl ışınlancam ya yeniyim | enyakin=rtp puan=1 sebep=SINYAL_ZAYIF
[2026-09-12 07:35:17] Ramazan6414 | 1 stack ne kadar | enyakin=- puan=0 sebep=ESLESME_YOK
[2026-09-12 07:35:28] yusufcap10 | ne kadar veriyon ramazan | enyakin=- puan=0 sebep=ESLESME_YOK
[2026-09-12 07:37:38] yusufcap10 | lan nasıl öldün | enyakin=- puan=0 sebep=ESLESME_YOK
[2026-09-12 07:38:17] yusufcap10 | nasıl öldün | enyakin=- puan=0 sebep=ESLESME_YOK
[2026-09-12 07:40:58] M_SPOWER2204 | kim olsa vermezdi esyalari | enyakin=- puan=0 sebep=ESLESME_YOK
[2026-09-12 07:43:38] M_SPOWER2204 | hangi launcher | enyakin=- puan=0 sebep=ESLESME_YOK
[2026-09-12 07:44:10] M_SPOWER2204 | ve yığın mesafen kac | enyakin=- puan=0 sebep=ESLESME_YOK
[2026-09-12 07:45:41] M_SPOWER2204 | 4060 ddr5 nası 500 la | enyakin=- puan=0 sebep=ESLESME_YOK
[2026-09-12 07:45:46] yusufcap10 | kaç st lazım | enyakin=- puan=0 sebep=ESLESME_YOK
[2026-09-12 07:48:37] Kayrsberg | hertz ne kadarsa o kadar fps hızı görürsün | enyakin=- puan=0 sebep=ESLESME_YOK
[2026-09-12 07:49:47] yusufcap10 | başka lazım mı | enyakin=- puan=0 sebep=ESLESME_YOK
[2026-09-12 07:49:57] yusufcap10 | ne kadar lazm | enyakin=- puan=0 sebep=ESLESME_YOK
[2026-09-12 07:53:01] Kayrsberg | ping hep 18 falan oluyo valoda da sabit 14 niye öyle bilmiyom normalde 1000 download 250 uploadla 1 ping almam lazım aw | enyakin=- puan=0 sebep=ESLESME_YOK
[2026-09-12 07:58:17] M_SPOWER2204 | with neden drdonut gibi bakion olm | enyakin=- puan=0 sebep=ESLESME_YOK
[2026-09-12 07:59:21] Kayrsberg | nasıl alcam la gene o setlerden | enyakin=- puan=0 sebep=ESLESME_YOK
[2026-09-12 08:01:05] Kayrsberg | belllllllllllller başlangıc itemlerini nerden alıyoduk tekrar la | enyakin=- puan=0 sebep=ESLESME_YOK
[2026-09-12 08:01:37] Kayrsberg | niye patlattınız lan beni ıssırmıyım bacagından aşkitom | enyakin=- puan=0 sebep=ESLESME_YOK
[2026-09-12 08:05:12] xWith | M_SPOWER2204 karşimin" mi | enyakin=- puan=0 sebep=ESLESME_YOK
[2026-09-12 08:07:10] yusufcap10 | madendeyim nasıl yapayım | enyakin=- puan=0 sebep=ESLESME_YOK
[2026-09-12 08:09:50] M_SPOWER2204 | lakin??!!?? | enyakin=- puan=0 sebep=ESLESME_YOK
[2026-09-12 08:09:59] M_SPOWER2204 | lann?! yusuf | enyakin=- puan=0 sebep=ESLESME_YOK
[2026-09-12 08:12:27] xWith | m_spower2204 ne? | enyakin=- puan=0 sebep=ESLESME_YOK
[2026-09-12 08:13:49] Kayrsberg | nasil base plsadpğklqwğpelkqwğprklwqe | enyakin=- puan=0 sebep=ESLESME_YOK
[2026-09-12 08:14:21] Ramazan6414 | bu base mi | enyakin=- puan=0 sebep=ESLESME_YOK
[2026-09-12 08:16:57] Ramazan6414 | baska bir yardımımız olabilir mi sana cano | enyakin=- puan=0 sebep=ESLESME_YOK
[2026-09-12 08:18:50] Kayrsberg | olum bisi dicem sadece ramazan yanımdayken siz nasıl gördünüz benim evi la | enyakin=olunce-esya puan=1 sebep=SINYAL_ZAYIF
[2026-09-12 08:21:52] M_SPOWER2204 | sadece 3 demir kazma ve bi kaç stack blokla | enyakin=- puan=0 sebep=ESLESME_YOK
[2026-09-12 08:23:51] Thandry | kaybedersem eşyalarımı almıyacağını nereden bileceğim? | enyakin=- puan=0 sebep=ESLESME_YOK
[2026-09-12 08:24:08] yusufcap10 | ben kaybedersem almayacağımı nerden bileyim | enyakin=- puan=0 sebep=ESLESME_YOK
[2026-09-12 08:24:52] M_SPOWER2204 | kim ciddiye alirki olm | enyakin=- puan=0 sebep=ESLESME_YOK
[2026-09-12 08:25:24] yusufcap10 | kk niye net gelmiyon | enyakin=- puan=0 sebep=ESLESME_YOK
[2026-09-12 08:28:38] Kayrsberg | niye 16 girecek olmam ona bu kadar koydu aq | enyakin=- puan=0 sebep=ESLESME_YOK
[2026-09-12 08:35:30] Ordek_kral17 | kurt eymen nerde | enyakin=- puan=0 sebep=ESLESME_YOK
[2026-09-12 08:36:57] M_SPOWER2204 | the bridge? | enyakin=- puan=0 sebep=ESLESME_YOK
[2026-09-12 08:38:08] Kayrsberg | neydi la adı delikli beyaz rgb mouse | enyakin=- puan=0 sebep=ESLESME_YOK
[2026-09-12 08:38:15] yusufcap10 | neyse Barlas nerde | enyakin=- puan=0 sebep=ESLESME_YOK
[2026-09-12 08:39:32] yusufcap10 | net set olan kim var | enyakin=- puan=0 sebep=ESLESME_YOK
[2026-09-12 08:40:01] yusufcap10 | kk pvp atak mı | enyakin=savas-etiketi puan=1 sebep=SINYAL_ZAYIF
[2026-09-12 08:40:33] sevo_16 | restone meşalesi isteyen? | enyakin=- puan=0 sebep=ESLESME_YOK
[2026-09-12 08:41:54] Kayrsberg | ordekkral17 ve egemen1559 baya üzüldü şu an neden dışladın onları ne kadar üzüldüler bak | enyakin=- puan=0 sebep=ESLESME_YOK
[2026-09-12 08:42:05] M_SPOWER2204 | nasi ama | enyakin=- puan=0 sebep=ESLESME_YOK
[2026-09-12 08:42:29] egemen1559 | ben mi biziyom düzeni | enyakin=- puan=0 sebep=ESLESME_YOK
[2026-09-12 08:45:02] Kayrsberg | niye msgden yazıyon | enyakin=- puan=0 sebep=ESLESME_YOK
[2026-09-12 08:45:36] Kayrsberg | ne kadar ayip | enyakin=- puan=0 sebep=ESLESME_YOK
[2026-09-12 08:47:52] KURT0619 | kaç kristelin var | enyakin=- puan=0 sebep=ESLESME_YOK
[2026-09-12 08:55:44] M_SPOWER2204 | bu gelene kadar patladi bomba | enyakin=- puan=0 sebep=ESLESME_YOK
[2026-09-12 09:03:33] KURT0619 | yukardan kaç tane topladıgıma bak | enyakin=- puan=0 sebep=ESLESME_YOK
[2026-09-12 09:07:16] Ordek_kral17 | ohaaaa nerden | enyakin=- puan=0 sebep=ESLESME_YOK
[2026-09-12 09:28:45] ClownPierce | kaç tane istion | enyakin=- puan=0 sebep=ESLESME_YOK
[2026-09-12 09:29:25] ClownPierce | kaç taen lazım pengufork | enyakin=- puan=0 sebep=ESLESME_YOK
[2026-09-12 09:30:08] ClownPierce | pengufurk kaç tane lazım * | enyakin=- puan=0 sebep=ESLESME_YOK
[2026-09-12 09:39:24] xWith | neden vurdun kanka | enyakin=- puan=0 sebep=ESLESME_YOK
[2026-09-12 09:47:13] Weax | bu sunucu normal survival mı yoksa smp mi arkadaşal | enyakin=orman-gitme puan=1 sebep=SINYAL_ZAYIF
[2026-09-12 09:54:41] Ordek_kral17 | kim vurdu | enyakin=- puan=0 sebep=ESLESME_YOK
[2026-09-12 09:57:05] ClownPierce | kaç tane | enyakin=- puan=0 sebep=ESLESME_YOK
[2026-09-12 09:58:06] ClownPierce | tm mi kasıımmı | enyakin=- puan=0 sebep=ESLESME_YOK
[2026-09-12 09:58:27] ClownPierce | semmwn ? | enyakin=- puan=0 sebep=ESLESME_YOK
[2026-09-12 09:59:07] KURT0619 | bizim setler niye aynı | enyakin=- puan=0 sebep=ESLESME_YOK
[2026-09-12 10:00:31] egemen1559 | bana bitane net külçe satan kim var | enyakin=- puan=0 sebep=ESLESME_YOK
[2026-09-12 10:10:45] RustOrc17879140 | ark local varmı? | enyakin=- puan=0 sebep=ESLESME_YOK
[2026-09-12 10:20:08] RustOrc17879140 | Vs gelcek varmı? | enyakin=- puan=0 sebep=ESLESME_YOK
[2026-09-12 10:31:42] ClownPierce | kaç verrisin | enyakin=- puan=0 sebep=ESLESME_YOK
[2026-09-12 10:31:51] MiniPencil39449 | ne kadar istersen | enyakin=- puan=0 sebep=ESLESME_YOK
[2026-09-12 10:32:08] ClownPierce | ne kadar verirsen | enyakin=- puan=0 sebep=ESLESME_YOK
[2026-09-12 10:45:02] Ordek_kral17 | clown nerde | enyakin=- puan=0 sebep=ESLESME_YOK
[2026-09-12 10:53:44] xWith | 5v2 mi atıcaz yoksa 6v2 mi ona göre bi şey söyleyin Ordek_kral17 KURT0619 | enyakin=- puan=0 sebep=ESLESME_YOK
[2026-09-12 10:53:50] Ordek_kral17 | lan nereye daha karpuzz keseceğidik | enyakin=- puan=0 sebep=ESLESME_YOK
[2026-09-12 10:55:11] Dark | murat noldu niye tpa attın | enyakin=isinlanma-istegi puan=1 sebep=SINYAL_ZAYIF
[2026-09-12 10:57:31] Dark | ördek sizin kral kim | enyakin=- puan=0 sebep=ESLESME_YOK
[2026-09-12 11:00:17] KURT0619 | ne dio olum arı uretmek mi | enyakin=olunce-esya puan=1 sebep=SINYAL_ZAYIF
[2026-09-12 11:06:51] Pixsel__Eymen | swıght nerde | enyakin=- puan=0 sebep=ESLESME_YOK
[2026-09-12 11:10:05] LazUsagi61 | birisi tpa atsın nasıl kabul edecec göreyim | enyakin=isinlanma-istegi puan=1 sebep=SINYAL_ZAYIF
[2026-09-12 11:11:10] halasaplar | niye event kasa geldi bana | enyakin=kasa puan=1 sebep=SINYAL_ZAYIF
[2026-09-12 11:17:59] KURT0619 | baslıyoz ebe kim | enyakin=- puan=0 sebep=ESLESME_YOK
[2026-09-12 11:18:48] KURT0619 | ya kim kabul etti | enyakin=- puan=0 sebep=ESLESME_YOK
[2026-09-12 11:19:12] KURT0619 | ya kim kabul etti | enyakin=- puan=0 sebep=ESLESME_YOK
[2026-09-12 11:19:14] KURT0619 | ya kim kabul etti ya | enyakin=- puan=0 sebep=ESLESME_YOK
[2026-09-12 11:19:22] Pixsel__Eymen | kim aldı bunu | enyakin=- puan=0 sebep=ESLESME_YOK
[2026-09-12 11:19:29] Ordek_kral17 | ya bu kimmm | enyakin=- puan=0 sebep=ESLESME_YOK
[2026-09-12 11:20:00] KURT0619 | kim kabul etti | enyakin=- puan=0 sebep=ESLESME_YOK
[2026-09-12 11:20:35] Dark | halasaplarmmı niye | enyakin=- puan=0 sebep=ESLESME_YOK
[2026-09-12 11:21:36] Kyururuu | tamam girdpa 1 istiyon mu? | enyakin=- puan=0 sebep=ESLESME_YOK
[2026-09-12 11:22:40] Kyururuu | tm girdpa 1 istiyon mu? | enyakin=- puan=0 sebep=ESLESME_YOK
[2026-09-12 11:22:49] ClownPierce | kim aldı xwith i | enyakin=- puan=0 sebep=ESLESME_YOK
[2026-09-12 11:25:58] dijitaltotofan | ne kadar | enyakin=- puan=0 sebep=ESLESME_YOK
[2026-09-12 11:26:03] Ordek_kral17 | kurt to mi kabul et | enyakin=- puan=0 sebep=ESLESME_YOK
[2026-09-12 11:27:14] halasaplar | kim hile siz botsunuz sadece duruyosunuz setiniz denk olsa affetmem | enyakin=sikayet puan=1 sebep=SINYAL_ZAYIF
[2026-09-12 11:27:51] Ordek_kral17 | tp mi kabul et | enyakin=isinlanma-istegi puan=1 sebep=SINYAL_ZAYIF
[2026-09-12 11:28:42] Pixsel__Eymen | ya beyler adam bızı kurtardı nıye boyle yapıyorsunuz | enyakin=- puan=0 sebep=ESLESME_YOK
[2026-09-12 11:29:07] ClownPierce | swighti kim trape çekti kim setini çaldı | enyakin=- puan=0 sebep=ESLESME_YOK
[2026-09-12 11:33:39] ClownPierce | set mi var | enyakin=- puan=0 sebep=ESLESME_YOK
[2026-09-12 11:36:51] ClownPierce | mace mi yaptık | enyakin=- puan=0 sebep=ESLESME_YOK
[2026-09-12 11:37:24] AlikeTuba706473 | elmas nerde bulurum | enyakin=- puan=0 sebep=ESLESME_YOK
[2026-09-12 11:39:50] ClownPierce | minipencil? | enyakin=- puan=0 sebep=ESLESME_YOK
[2026-09-12 11:47:13] KURT0619 | kim çagırdı buraya halasapları | enyakin=- puan=0 sebep=ESLESME_YOK
[2026-09-12 11:50:30] AlikeTuba706473 | insanlar nerde hiç gormedim | enyakin=- puan=0 sebep=ESLESME_YOK
[2026-09-12 11:53:53] Eymennotfounddm | ne kazması hangi kazma ben satarım | enyakin=- puan=0 sebep=ESLESME_YOK
[2026-09-12 11:54:26] AlikeTuba706473 | nası tp atışıyo | enyakin=isinlanma-istegi puan=1 sebep=SINYAL_ZAYIF
[2026-09-12 11:55:00] AlikeTuba706473 | only van kim | enyakin=- puan=0 sebep=ESLESME_YOK
[2026-09-12 12:00:28] KURT0619 | e kim etti | enyakin=- puan=0 sebep=ESLESME_YOK
[2026-09-12 12:01:43] AlikeTuba706473 | tavsan nasi üretilioo | enyakin=- puan=0 sebep=ESLESME_YOK
[2026-09-12 12:02:46] AlikeTuba706473 | buzule nası girdcemm | enyakin=- puan=0 sebep=ESLESME_YOK
[2026-09-12 12:03:03] LazUsagi61 | atı yon mu 1k ye elm kazma gelen gelsin | enyakin=- puan=0 sebep=ESLESME_YOK
[2026-09-12 12:03:54] LazUsagi61 | nasıl aık arttırma yopılıyo | enyakin=- puan=0 sebep=ESLESME_YOK
[2026-09-12 12:05:10] leleoluk | yok hasan kac gündür girmiyo | enyakin=- puan=0 sebep=ESLESME_YOK
[2026-09-12 12:06:29] OverLord | neden ?? | enyakin=- puan=0 sebep=ESLESME_YOK
[2026-09-12 12:11:20] xWith | Pixsel__Eymen ? | enyakin=- puan=0 sebep=ESLESME_YOK
[2026-09-12 12:12:59] uras1098 | yönetici eşya atarmiisn? | enyakin=- puan=0 sebep=ESLESME_YOK
[2026-09-12 12:19:12] OverLord | baseye baslayalım gorev dagılımı yapalım kim koyluleri baseye tasıyacak | enyakin=gunluk-gorev puan=1 sebep=SINYAL_ZAYIF
[2026-09-12 12:20:59] yusufcap1 | Ramazan tanımadın mı beni | enyakin=- puan=0 sebep=ESLESME_YOK
[2026-09-12 12:21:54] apathyharbi | yardım lazımmı? | enyakin=- puan=0 sebep=ESLESME_YOK
[2026-09-12 12:22:04] OverLord | sizde gelin devasa ekip olalım ?? | enyakin=- puan=0 sebep=ESLESME_YOK
[2026-09-12 12:23:38] Swight | olsa nolcak item mi kaldı | enyakin=- puan=0 sebep=ESLESME_YOK
[2026-09-12 12:28:58] apathyharbi | nie yani neden koyulmuskine | enyakin=- puan=0 sebep=ESLESME_YOK
[2026-09-12 12:29:03] sevo_16 | bunu mu atim? | enyakin=- puan=0 sebep=ESLESME_YOK
[2026-09-12 12:29:38] cayanacar | knk endin dünya sınırı neden var | enyakin=- puan=0 sebep=ESLESME_YOK
[2026-09-12 12:31:09] AlikeTuba706473 | lobye nası dönüyoz | enyakin=- puan=0 sebep=ESLESME_YOK
[2026-09-12 12:31:54] KURT0619 | kaç verirsin | enyakin=- puan=0 sebep=ESLESME_YOK
[2026-09-12 12:32:08] KURT0619 | kaç verirsin OverLord | enyakin=- puan=0 sebep=ESLESME_YOK
[2026-09-12 12:32:10] dijitaltotofan | vs gelcen mı | enyakin=- puan=0 sebep=ESLESME_YOK
[2026-09-12 12:32:17] OverLord | kurt sen ne kadar istersin | enyakin=- puan=0 sebep=ESLESME_YOK
[2026-09-12 12:32:22] KURT0619 | sen kaç verirsin | enyakin=- puan=0 sebep=ESLESME_YOK
[2026-09-12 12:35:37] AlikeTuba706473 | elmas hangi yükseklikteydi | enyakin=- puan=0 sebep=ESLESME_YOK
[2026-09-12 12:47:27] xWith | tanesi mi 30k leleoluk | enyakin=- puan=0 sebep=ESLESME_YOK
[2026-09-12 12:48:12] AlikeTuba706473 | base nası kaydedilir rehber | enyakin=- puan=0 sebep=ESLESME_YOK
[2026-09-12 12:48:23] ShinyDart7444 | mace ne kadar | enyakin=- puan=0 sebep=ESLESME_YOK
[2026-09-12 12:50:45] ShinyDart7444 | meşale satiliyo mu | enyakin=- puan=0 sebep=ESLESME_YOK
[2026-09-12 12:55:07] ShinyDart7444 | sadakat var olur mu | enyakin=- puan=0 sebep=ESLESME_YOK
[2026-09-12 12:56:30] Swight | dur eci mi föstercem | enyakin=- puan=0 sebep=ESLESME_YOK
[2026-09-12 12:57:32] theselim | ipeksi piyasası ne kadar | enyakin=- puan=0 sebep=ESLESME_YOK
[2026-09-12 13:01:12] yusufcap1 | valla niye yLN söylim | enyakin=- puan=0 sebep=ESLESME_YOK
[2026-09-12 13:05:47] leleoluk | bana vuran kim | enyakin=- puan=0 sebep=ESLESME_YOK
[2026-09-12 13:06:38] theselim | yeni baslayanlara spawnda demir veriyorum gelen yok mu | enyakin=spawn-warp puan=1 sebep=SINYAL_ZAYIF
[2026-09-12 13:13:06] Swight | abi benim anahtar nerde | enyakin=kasa puan=1 sebep=SINYAL_ZAYIF
[2026-09-12 13:13:25] OverLord | bana mı ?? | enyakin=- puan=0 sebep=ESLESME_YOK
[2026-09-12 13:14:22] theselim | yeni baslayanlara spawnda demir veriyorum gelen yok mu | enyakin=spawn-warp puan=1 sebep=SINYAL_ZAYIF
[2026-09-12 13:16:39] xWith | senden mi alıcam olm | enyakin=- puan=0 sebep=ESLESME_YOK
[2026-09-12 13:19:44] OverLord | nasıl tasıyacam bunu | enyakin=- puan=0 sebep=ESLESME_YOK
[2026-09-12 13:20:17] apathyharbi | 1v1 isteyen sensin? | enyakin=- puan=0 sebep=ESLESME_YOK
[2026-09-12 13:22:11] Hasan_KingVPN31 | yönetici kim | enyakin=- puan=0 sebep=ESLESME_YOK
[2026-09-12 13:24:18] YunusBeyss | rehber istediğim koordinata nasıl isinlanirim | enyakin=rtp puan=1 sebep=SINYAL_ZAYIF
[2026-09-12 13:30:02] OverLord | 50 k mı ow | enyakin=- puan=0 sebep=ESLESME_YOK
[2026-09-12 13:53:16] Weax | abi niye saldırdın korktum | enyakin=- puan=0 sebep=ESLESME_YOK
[2026-09-12 13:54:38] OverLord | adamı neden kesiyon | enyakin=- puan=0 sebep=ESLESME_YOK
[2026-09-12 13:58:41] ItzRealMusty | over femboymusun? | enyakin=- puan=0 sebep=ESLESME_YOK
[2026-09-12 14:00:39] bosluk1 | ne kadarl azım | enyakin=- puan=0 sebep=ESLESME_YOK
[2026-09-12 14:01:20] MuratRTX | niye kestin rehbeeeer | enyakin=- puan=0 sebep=ESLESME_YOK
[2026-09-12 14:04:15] Ebuski | kaç verirsin | enyakin=- puan=0 sebep=ESLESME_YOK
[2026-09-12 14:05:04] Ebuski | 2 tane ye kaç verirsiniz | enyakin=- puan=0 sebep=ESLESME_YOK
[2026-09-12 14:05:39] bosluk1 | kac tane lazım dı | enyakin=- puan=0 sebep=ESLESME_YOK
[2026-09-12 14:07:23] requiemhuseyin | bişey sorcam oyunda daha iyi pazar var mı | enyakin=pazaryeri puan=1 sebep=SINYAL_ZAYIF
[2026-09-12 14:08:38] Ebuski | tmm buna kaç | enyakin=- puan=0 sebep=ESLESME_YOK
[2026-09-12 14:13:08] Ebuski | ortalama ne kadar verirsin tanesine | enyakin=- puan=0 sebep=ESLESME_YOK
[2026-09-12 14:20:43] Ebuski | beni niye kestin | enyakin=- puan=0 sebep=ESLESME_YOK
[2026-09-12 14:21:19] MuratRTX | sen niye kestin beni | enyakin=- puan=0 sebep=ESLESME_YOK
[2026-09-12 14:26:15] OverLord | nası yanlısıkla yaptın KWFNWEGİ | enyakin=- puan=0 sebep=ESLESME_YOK
[2026-09-12 14:28:23] yusufcap1 | ben niye mooblara vuramıyor | enyakin=- puan=0 sebep=ESLESME_YOK
[2026-09-12 14:45:12] OverLord | havada duran kafa var bu nasıl oalbilir ??? | enyakin=- puan=0 sebep=ESLESME_YOK
[2026-09-12 14:45:17] Oguzz | sen uyumadın mı yusuf :d | enyakin=- puan=0 sebep=ESLESME_YOK
[2026-09-12 14:46:07] OverLord | mace nerde ya | enyakin=- puan=0 sebep=ESLESME_YOK
[2026-09-12 14:48:31] yusufcap1 | totemsiz mi | enyakin=- puan=0 sebep=ESLESME_YOK
[2026-09-12 14:57:14] leleoluk | kim aldı | enyakin=- puan=0 sebep=ESLESME_YOK
[2026-09-12 14:59:12] AyiBogan064 | köylülere 1 stack ekmek attım sadece iki tane ürexi normal mi | enyakin=- puan=0 sebep=ESLESME_YOK
[2026-09-12 15:00:33] LazUsagi61 | lütfen kim sem yök zate özur dilerim sizden | enyakin=- puan=0 sebep=ESLESME_YOK
[2026-09-12 15:02:16] dijitaltotofan | laz kim la tpa attı | enyakin=isinlanma-istegi puan=1 sebep=SINYAL_ZAYIF
[2026-09-12 15:05:33] Ebuski | ne kadar toplayabilirsem | enyakin=- puan=0 sebep=ESLESME_YOK
[2026-09-12 15:08:21] apathyharbi | nerden bilior beni bu adam lkawjdawşlodaw | enyakin=- puan=0 sebep=ESLESME_YOK
[2026-09-12 15:12:27] Matasoy2004 | bana bugday satacak var mı | enyakin=- puan=0 sebep=ESLESME_YOK
[2026-09-12 15:13:37] Ramazan6414 | kurt hangisinden istiyorsun | enyakin=- puan=0 sebep=ESLESME_YOK
[2026-09-12 15:14:08] Matasoy2004 | tohumu var mı | enyakin=- puan=0 sebep=ESLESME_YOK
[2026-09-12 15:15:42] Ramazan6414 | kurt agız cekirdegi satacan mı | enyakin=- puan=0 sebep=ESLESME_YOK
[2026-09-12 15:41:01] kyrosrfl | beyler ağır çekirdek nası alınıyo bılen varmı | enyakin=- puan=0 sebep=ESLESME_YOK
[2026-09-12 15:41:18] Kudrateyn | lan niye kaçıyon olm | enyakin=- puan=0 sebep=ESLESME_YOK
[2026-09-12 15:42:18] KURT0619 | nasıl ya | enyakin=- puan=0 sebep=ESLESME_YOK
[2026-09-12 15:43:35] kyrosrfl | kime net lazım | enyakin=- puan=0 sebep=ESLESME_YOK
[2026-09-12 15:44:34] bosluk1 | kac k para istersin | enyakin=para-kazanma puan=1 sebep=SINYAL_ZAYIF
[2026-09-12 15:44:48] bosluk1 | kurt kaç k istersin | enyakin=- puan=0 sebep=ESLESME_YOK
[2026-09-12 15:48:50] kyrosrfl | apathy sadece elitra mı koyam | enyakin=- puan=0 sebep=ESLESME_YOK
[2026-09-12 15:52:49] Kyururuu | iciöm mi siseyi | enyakin=- puan=0 sebep=ESLESME_YOK
[2026-09-12 15:58:55] MehmetMC3667 | 5k karşılığında ne kadar kemik verirsiniz | enyakin=- puan=0 sebep=ESLESME_YOK
[2026-09-12 16:02:43] Kudrateyn | kaç k kurt | enyakin=- puan=0 sebep=ESLESME_YOK
[2026-09-12 16:03:29] Kudrateyn | sen bi söyle ne kadar istiyon | enyakin=- puan=0 sebep=ESLESME_YOK
[2026-09-12 16:06:01] KURT0619 | netheriten mi var | enyakin=nether-gitme puan=1 sebep=SINYAL_ZAYIF
[2026-09-12 16:06:35] Kudrateyn | ne kadar lazım kurt | enyakin=- puan=0 sebep=ESLESME_YOK
[2026-09-12 16:08:04] bosluk1 | kac elitran var evomm | enyakin=- puan=0 sebep=ESLESME_YOK
[2026-09-12 16:08:36] egemen1559 | 8 k ya kaç tane satan | enyakin=- puan=0 sebep=ESLESME_YOK
[2026-09-12 16:08:50] KURT0619 | ooo iyi kaç elmas | enyakin=- puan=0 sebep=ESLESME_YOK
[2026-09-12 16:09:00] egemen1559 | 8 k ya kaç net verin | enyakin=- puan=0 sebep=ESLESME_YOK
[2026-09-12 16:10:30] Kudrateyn | ne kadar istersinki evomm | enyakin=- puan=0 sebep=ESLESME_YOK
[2026-09-12 16:10:36] egemen1559 | knk bitane ful elmas sete kaç net verin üstüne 8 k | enyakin=- puan=0 sebep=ESLESME_YOK
[2026-09-12 16:12:01] egemen1559 | full elmas set artı 8 k ya kaç net verin kurdrateyn | enyakin=- puan=0 sebep=ESLESME_YOK
[2026-09-12 16:12:25] bosluk1 | full p4 mu egemen | enyakin=- puan=0 sebep=ESLESME_YOK
[2026-09-12 16:12:45] egemen1559 | ful elmas set artı 8 k ya kaç net verisiniz | enyakin=- puan=0 sebep=ESLESME_YOK
[2026-09-12 16:14:56] egemen1559 | ben full elmas set artï 8 k artınelmas kılıca kaç net verin | enyakin=- puan=0 sebep=ESLESME_YOK
[2026-09-12 16:15:02] egemen1559 | ne kadar versen okeyim | enyakin=- puan=0 sebep=ESLESME_YOK
[2026-09-12 16:15:54] MehmetMC3667 | sell e shulker içinde birşey satarsak shulkerin içindekini sayıyor mu | enyakin=esya-satma puan=1 sebep=SINYAL_ZAYIF
[2026-09-12 16:16:55] Kudrateyn | arkadaşlar MACE craftlamak için çubuğu olan var mı | enyakin=- puan=0 sebep=ESLESME_YOK
[2026-09-12 16:17:22] egemen1559 | tm mi kurdrateyn | enyakin=- puan=0 sebep=ESLESME_YOK
[2026-09-12 16:20:15] Serhat | niye oldurdunku mesela | enyakin=- puan=0 sebep=ESLESME_YOK
[2026-09-12 16:22:58] egemen1559 | tm mı kurdrateyn | enyakin=- puan=0 sebep=ESLESME_YOK
[2026-09-12 16:48:43] Ebuski | elmas eksi kaçta çıkıyodu | enyakin=- puan=0 sebep=ESLESME_YOK
[2026-09-12 16:56:21] apathyharbi | ely verirsen neden olmasın:D | enyakin=- puan=0 sebep=ESLESME_YOK
[2026-09-12 16:56:48] leleoluk | nasıl yok la | enyakin=- puan=0 sebep=ESLESME_YOK
[2026-09-12 17:04:54] Orkinos_babaaaa | nasıl gitcez la | enyakin=- puan=0 sebep=ESLESME_YOK
[2026-09-12 17:04:58] xLaku | lan ben neden göremedim | enyakin=- puan=0 sebep=ESLESME_YOK
[2026-09-12 17:05:23] mert123 | normal dünyaya nasıl gidiyoz | enyakin=- puan=0 sebep=ESLESME_YOK
[2026-09-12 17:05:24] Orkinos_babaaaa | beyler nasıl gidicez smp | enyakin=- puan=0 sebep=ESLESME_YOK
[2026-09-12 17:06:11] OverLord | herhangi spye normal fiyatından 2 katı fiyat veriyorum ?? | enyakin=- puan=0 sebep=ESLESME_YOK
[2026-09-12 17:07:13] Orkinos_babaaaa | sana nasıl ısınlancam | enyakin=rtp puan=1 sebep=SINYAL_ZAYIF
[2026-09-12 17:07:58] maceswap | Orkinos_babaaaa bilmiyorsan sorabilirsin bana bunu nasıl yapcam dediğinde soruyu anlayamıyorum cevaplaması zor oluyor | enyakin=- puan=0 sebep=ESLESME_YOK
[2026-09-12 17:11:19] bosluk1 | vs atak mı kurt | enyakin=- puan=0 sebep=ESLESME_YOK
[2026-09-12 17:15:39] Orkinos_babaaaa | nasıl gelcem spwan | enyakin=- puan=0 sebep=ESLESME_YOK
[2026-09-12 17:15:55] Mimimirza2015 | Dünya smpye nasıl gircem | enyakin=- puan=0 sebep=ESLESME_YOK
[2026-09-12 17:20:33] KURT0619 | dogru 5k ya koruma kaç gelir | enyakin=para-kazanma puan=1 sebep=SINYAL_ZAYIF
[2026-09-12 17:21:36] technoblade | gerçek dünyaya nasıl girebilirim bennn | enyakin=- puan=0 sebep=ESLESME_YOK
[2026-09-12 17:23:55] Orkinos_babaaaa | nasıl atacam | enyakin=- puan=0 sebep=ESLESME_YOK
[2026-09-12 17:26:30] KURT0619 | kaç zümrüt OverLord | enyakin=- puan=0 sebep=ESLESME_YOK
[2026-09-12 17:26:31] mert123 | senin paran niye 4 k | enyakin=para-kazanma puan=1 sebep=SINYAL_ZAYIF
[2026-09-12 17:26:50] KURT0619 | kaç zümrüt OverLord 16 tane versem olurmu | enyakin=- puan=0 sebep=ESLESME_YOK
[2026-09-12 17:27:02] mert123 | başlangıc görevleri para veriyor mu | enyakin=para-kazanma puan=1 sebep=SINYAL_ZAYIF
[2026-09-12 17:27:05] KURT0619 | kaç zümrüt OverLord 16 tane versem olurmu OverLord | enyakin=- puan=0 sebep=ESLESME_YOK
[2026-09-12 17:28:21] Anume4613 | kim kesti lq intikamini alak | enyakin=- puan=0 sebep=ESLESME_YOK
[2026-09-12 17:28:31] Anume4613 | olum withe niye bulsatin | enyakin=olunce-esya puan=1 sebep=SINYAL_ZAYIF
[2026-09-12 17:29:12] OverLord | ramaazan kac tane | enyakin=- puan=0 sebep=ESLESME_YOK
[2026-09-12 17:29:46] Serhat | ne kadar vercen ona gore | enyakin=- puan=0 sebep=ESLESME_YOK
[2026-09-12 17:29:56] lonewolf | kac tane elmasın var, | enyakin=- puan=0 sebep=ESLESME_YOK
[2026-09-12 17:30:14] lonewolf | 1 stek kac 10k olurmu | enyakin=- puan=0 sebep=ESLESME_YOK
[2026-09-12 17:31:39] Orkinos_babaaaa | bede ms mi var | enyakin=- puan=0 sebep=ESLESME_YOK
[2026-09-12 17:31:39] Ramazan6414 | kurt niye verdin | enyakin=- puan=0 sebep=ESLESME_YOK
[2026-09-12 17:35:39] bosluk1 | nası sana gelmedi | enyakin=site-paket puan=1 sebep=SINYAL_ZAYIF
[2026-09-12 17:36:29] OverLord | kim mızragı aldı aya | enyakin=- puan=0 sebep=ESLESME_YOK
[2026-09-12 17:36:54] M_SPOWER2204 | verim 3 nerde | enyakin=- puan=0 sebep=ESLESME_YOK
[2026-09-12 17:37:18] Anume4613 | 200k mi veridn gidip ona | enyakin=- puan=0 sebep=ESLESME_YOK
[2026-09-12 17:37:37] M_SPOWER2204 | netherite mi var | enyakin=nether-gitme puan=1 sebep=SINYAL_ZAYIF
[2026-09-12 17:38:39] maceswap | niye kaçıyorsun | enyakin=- puan=0 sebep=ESLESME_YOK
[2026-09-12 17:40:28] technoblade | beyler elmas kaçta cikiyor genelli̇kle | enyakin=- puan=0 sebep=ESLESME_YOK
[2026-09-12 17:40:36] technoblade | BEYLER ELMAS KAÇTA CIKIYOR GENELLİKLE | enyakin=- puan=0 sebep=ESLESME_YOK
[2026-09-12 17:45:57] technoblade | beyler bi̇şey soracagim beni̇ di̇nler mi̇si̇ni̇z | enyakin=- puan=0 sebep=ESLESME_YOK
[2026-09-12 17:48:15] mert123 | niye mimimirza | enyakin=- puan=0 sebep=ESLESME_YOK
[2026-09-12 17:49:34] Mimimirza2015 | nasıl atcan | enyakin=- puan=0 sebep=ESLESME_YOK
[2026-09-12 17:50:03] technoblade | beyler acil bişey soracagım LÜTFEN BENİ DİKKATE ALIN NASIL BEN LOBİYE DÖNECEGİM | enyakin=- puan=0 sebep=ESLESME_YOK
[2026-09-12 17:51:58] MehmetMC3667 | kaç tane buldum | enyakin=- puan=0 sebep=ESLESME_YOK
[2026-09-12 17:53:01] KarincaYiyen339 | ne kadar | enyakin=- puan=0 sebep=ESLESME_YOK
[2026-09-12 17:53:08] mcfan | ne kadar toplarsın | enyakin=- puan=0 sebep=ESLESME_YOK
[2026-09-12 17:54:22] MehmetMC3667 | eşyaların nerde | enyakin=- puan=0 sebep=ESLESME_YOK
[2026-09-12 17:56:58] mert123 | ayrı ayrı elmas arayak mı | enyakin=- puan=0 sebep=ESLESME_YOK
[2026-09-12 17:59:44] mert123 | komut neydi | enyakin=menu puan=1 sebep=SINYAL_ZAYIF
[2026-09-12 18:05:52] apathyharbi | 1v1 atıcak varmı denk? | enyakin=- puan=0 sebep=ESLESME_YOK
[2026-09-12 18:06:11] Kudrateyn | oo apathy kaşınıyonmu ? :FD | enyakin=- puan=0 sebep=ESLESME_YOK
[2026-09-12 18:08:20] mert123 | nerden bilim aq | enyakin=- puan=0 sebep=ESLESME_YOK
[2026-09-12 18:10:45] KarincaYiyen339 | demir en cok hangi katmanda cıkiylr | enyakin=- puan=0 sebep=ESLESME_YOK
[2026-09-12 18:14:54] Kudrateyn | nasıl rehber oluyoz | enyakin=- puan=0 sebep=ESLESME_YOK
[2026-09-12 18:15:25] Kudrateyn | aliketuba kendi aklınca tpa kill mi çekcen | enyakin=isinlanma-istegi puan=1 sebep=SINYAL_ZAYIF
[2026-09-12 18:15:38] lonewolf | benımle ev arkadası olmak ısteyen? | enyakin=- puan=0 sebep=ESLESME_YOK
[2026-09-12 18:16:30] Orkinos_babaaaa | ne kadar lasıldım ben | enyakin=- puan=0 sebep=ESLESME_YOK
[2026-09-12 18:19:36] GORKEM2238 | nereye gitcegimi bilmiyom | enyakin=- puan=0 sebep=ESLESME_YOK
[2026-09-12 18:20:09] GORKEM2238 | nereye gitcez | enyakin=- puan=0 sebep=ESLESME_YOK
[2026-09-12 18:20:38] Orkinos_babaaaa | tamam mı | enyakin=- puan=0 sebep=ESLESME_YOK
[2026-09-12 18:21:00] GORKEM2238 | nereye gitcez beni götürürmüsün | enyakin=- puan=0 sebep=ESLESME_YOK
[2026-09-12 18:21:06] mert123 | stagedcow kanka niye tp isteği atıyon | enyakin=isinlanma-istegi puan=1 sebep=SINYAL_ZAYIF
[2026-09-12 18:23:13] mert123 | musti bunu mu yapcaz | enyakin=- puan=0 sebep=ESLESME_YOK
[2026-09-12 18:24:51] mert123 | para niye gelmiyor | enyakin=para-kazanma puan=1 sebep=SINYAL_ZAYIF
[2026-09-12 18:25:52] lonewolf | neden bize saldırdı o | enyakin=- puan=0 sebep=ESLESME_YOK
[2026-09-12 18:26:48] mert123 | musti görkem mi bize gelecek | enyakin=- puan=0 sebep=ESLESME_YOK
[2026-09-12 18:26:49] kyrosrfl | domuz iyi kazandırıyor mu | enyakin=- puan=0 sebep=ESLESME_YOK
[2026-09-12 18:26:50] GORKEM2238 | nasil gelişicez | enyakin=- puan=0 sebep=ESLESME_YOK
[2026-09-12 18:27:30] lonewolf | benım zırhım nerde | enyakin=- puan=0 sebep=ESLESME_YOK
[2026-09-12 18:28:23] Kudrateyn | bilmiyom ama tanesine kaç veririsin | enyakin=- puan=0 sebep=ESLESME_YOK
[2026-09-12 18:28:29] kyrosrfl | tanesine 40k? | enyakin=- puan=0 sebep=ESLESME_YOK
[2026-09-12 18:29:42] AlikeTuba706473 | tp nasıl atılır | enyakin=isinlanma-istegi puan=1 sebep=SINYAL_ZAYIF
[2026-09-12 18:29:48] KarincaYiyen339 | ne kadar istiyonuz | enyakin=- puan=0 sebep=ESLESME_YOK
[2026-09-12 18:29:55] mcfan | ne kadar var | enyakin=- puan=0 sebep=ESLESME_YOK
[2026-09-12 18:30:56] Anume4613 | tumor ev mi | enyakin=- puan=0 sebep=ESLESME_YOK
[2026-09-12 18:34:04] AyiBogan064 | antik kalıntı kaçtan gider? | enyakin=- puan=0 sebep=ESLESME_YOK
[2026-09-12 18:34:40] KarincaYiyen339 | ne kadar istiyon topliyim | enyakin=- puan=0 sebep=ESLESME_YOK
[2026-09-12 18:35:12] KarincaYiyen339 | ne kadar vercen | enyakin=- puan=0 sebep=ESLESME_YOK
[2026-09-12 18:35:24] Orkinos_babaaaa | parayla mı,? | enyakin=para-kazanma puan=1 sebep=SINYAL_ZAYIF
[2026-09-12 18:35:34] GORKEM2238 | nasil size isinlanicam | enyakin=rtp puan=1 sebep=SINYAL_ZAYIF
[2026-09-12 18:36:10] GORKEM2238 | nasil atcam | enyakin=- puan=0 sebep=ESLESME_YOK
[2026-09-12 18:37:50] GORKEM2238 | ben nasil sana ışınlanıcam | enyakin=rtp puan=1 sebep=SINYAL_ZAYIF
[2026-09-12 18:40:23] egemen1559 | tanesi kaç | enyakin=- puan=0 sebep=ESLESME_YOK
[2026-09-12 18:44:00] lonewolf | ya benı neden bırakıyorsunuzz | enyakin=- puan=0 sebep=ESLESME_YOK
[2026-09-12 18:44:57] GORKEM2238 | ne kadar eder | enyakin=- puan=0 sebep=ESLESME_YOK
[2026-09-12 18:45:38] technoblade | beyler lütfen cevap veri̇n lobi̇ye nasil doncem | enyakin=- puan=0 sebep=ESLESME_YOK
[2026-09-12 18:45:52] technoblade | lobi̇ye nasil doneri̇m | enyakin=- puan=0 sebep=ESLESME_YOK
[2026-09-12 18:45:55] lonewolf | dıgerı nerde | enyakin=- puan=0 sebep=ESLESME_YOK
[2026-09-12 18:46:26] technoblade | beylerrrr acil cevapppppppppp nasıl donerim lobiyeeeeeeeeee | enyakin=- puan=0 sebep=ESLESME_YOK
[2026-09-12 18:46:56] GORKEM2238 | nasil atiliyo | enyakin=- puan=0 sebep=ESLESME_YOK
[2026-09-12 18:47:30] GORKEM2238 | yaw ben nasil atcammmm | enyakin=- puan=0 sebep=ESLESME_YOK
[2026-09-12 18:50:53] mert123 | ev mi yapcaz | enyakin=- puan=0 sebep=ESLESME_YOK
[2026-09-12 18:50:58] RaconEmir | kaç stek var | enyakin=- puan=0 sebep=ESLESME_YOK
[2026-09-12 18:51:10] mert123 | musti ev mi yapcaz | enyakin=- puan=0 sebep=ESLESME_YOK
[2026-09-12 18:51:47] Orkinos_babaaaa | demirleei sen mi sldın | enyakin=- puan=0 sebep=ESLESME_YOK
[2026-09-12 18:53:33] GORKEM2238 | gel sana nasil pvp atiyom gösterim | enyakin=savas-etiketi puan=1 sebep=SINYAL_ZAYIF
[2026-09-12 18:56:16] PinkLemon8047 | ben mi istek atim | enyakin=- puan=0 sebep=ESLESME_YOK
[2026-09-12 18:57:28] cayanacar | kaç stack, | enyakin=- puan=0 sebep=ESLESME_YOK
[2026-09-12 18:57:46] GORKEM2238 | para nasil aliniyo | enyakin=para-kazanma puan=1 sebep=SINYAL_ZAYIF
[2026-09-12 18:59:30] Kudrateyn | kaç st oldu | enyakin=- puan=0 sebep=ESLESME_YOK
[2026-09-12 19:00:16] GORKEM2238 | nasil katiliyoz | enyakin=- puan=0 sebep=ESLESME_YOK
[2026-09-12 19:00:36] GORKEM2238 | nasil katilcaz | enyakin=- puan=0 sebep=ESLESME_YOK
[2026-09-12 19:03:56] GORKEM2238 | nereye gidioz | enyakin=- puan=0 sebep=ESLESME_YOK
[2026-09-12 19:05:05] Kudrateyn | 1 st kumu olan var mı | enyakin=- puan=0 sebep=ESLESME_YOK
[2026-09-12 19:05:42] Kudrateyn | 1 st kumu olan var mı 1 kvercem | enyakin=- puan=0 sebep=ESLESME_YOK
[2026-09-12 19:06:35] Kudrateyn | item lazımmı? | enyakin=- puan=0 sebep=ESLESME_YOK
[2026-09-12 19:08:09] mert123 | nerde var | enyakin=- puan=0 sebep=ESLESME_YOK
[2026-09-12 19:10:00] Orkinos_babaaaa | hangi dağı feliyon oom | enyakin=- puan=0 sebep=ESLESME_YOK
[2026-09-12 19:11:04] GORKEM2238 | nasil açıcam | enyakin=- puan=0 sebep=ESLESME_YOK
[2026-09-12 19:11:40] KarincaYiyen339 | sıfırdan niye balsiyok la | enyakin=- puan=0 sebep=ESLESME_YOK
[2026-09-12 19:11:49] StagedCow3795 | buraya nasıl gelcez | enyakin=- puan=0 sebep=ESLESME_YOK
[2026-09-12 19:13:17] GORKEM2238 | nasil açicam | enyakin=- puan=0 sebep=ESLESME_YOK
[2026-09-12 19:16:27] Orkinos_babaaaa | yay nerden buldun la | enyakin=- puan=0 sebep=ESLESME_YOK
[2026-09-12 19:17:02] KarincaYiyen339 | admin uyuyormusun? | enyakin=- puan=0 sebep=ESLESME_YOK
[2026-09-12 19:22:14] OverLord | mace neden ?? | enyakin=- puan=0 sebep=ESLESME_YOK
[2026-09-12 19:22:18] OverLord | mace neden | enyakin=- puan=0 sebep=ESLESME_YOK
[2026-09-12 19:22:31] KarincaYiyen339 | niye vuruon | enyakin=- puan=0 sebep=ESLESME_YOK
[2026-09-12 19:24:01] ghostmean | ya abi 365 gün nedir ya | enyakin=- puan=0 sebep=ESLESME_YOK
[2026-09-12 19:25:17] GORKEM2238 | admin kim hile var | enyakin=sikayet puan=1 sebep=SINYAL_ZAYIF
[2026-09-12 19:25:23] Xylos_ | abiler neden benle bukadar ilgileniyonuz | enyakin=- puan=0 sebep=ESLESME_YOK
[2026-09-12 19:25:37] KarincaYiyen339 | yaw beni niye oldurdun | enyakin=- puan=0 sebep=ESLESME_YOK
[2026-09-12 19:28:00] maceswap | neden mute yedi işte | enyakin=- puan=0 sebep=ESLESME_YOK
[2026-09-12 19:29:21] KarincaYiyen339 | overlord istifa? | enyakin=- puan=0 sebep=ESLESME_YOK
[2026-09-12 19:32:14] bosluk1 | vs gelion mu | enyakin=- puan=0 sebep=ESLESME_YOK
[2026-09-12 19:32:15] bosluk1 | vs gelion mu | enyakin=- puan=0 sebep=ESLESME_YOK
[2026-09-12 19:33:16] Kudrateyn | 10 bininie pvp gelen? | enyakin=savas-etiketi puan=1 sebep=SINYAL_ZAYIF
[2026-09-12 19:33:40] AnyPolat0101945 | ben nasıl normal dünyaya gitcem | enyakin=- puan=0 sebep=ESLESME_YOK
[2026-09-12 19:33:48] Kudrateyn | satmamı istediğiniz bir itemvarmı? | enyakin=- puan=0 sebep=ESLESME_YOK
[2026-09-12 19:36:10] OverLord | ghost neden mutelenmisti | enyakin=- puan=0 sebep=ESLESME_YOK
[2026-09-12 19:40:08] HasanMimar3131 | eylül oyuna nasıl giriliyo | enyakin=- puan=0 sebep=ESLESME_YOK
[2026-09-12 19:41:00] HasanMimar3131 | hangi su | enyakin=- puan=0 sebep=ESLESME_YOK
[2026-09-12 19:44:13] HasanMimar3131 | ayı bogan oyuna nası giriliyo | enyakin=- puan=0 sebep=ESLESME_YOK
[2026-09-12 19:48:53] GORKEM2238 | msg özel mi sadece sana mı | enyakin=- puan=0 sebep=ESLESME_YOK
[2026-09-12 19:53:44] egemen1559 | yemi. ederim chaette kaç kere gozukuyodw 70 den fazla ve attiknonlar | enyakin=- puan=0 sebep=ESLESME_YOK
[2026-09-12 19:55:13] kyrosrfl | niye allaha küfrediyon | enyakin=- puan=0 sebep=ESLESME_YOK
[2026-09-12 20:01:43] Furondi_Real | Only van ben Furondi bu sunucuda oynuyordum adımı değiştirdimde Ben Kendi hesabıma nasıl gircem | enyakin=- puan=0 sebep=ESLESME_YOK
[2026-09-12 20:02:35] GORKEM2238 | elmas kazmam nerde sende mi | enyakin=- puan=0 sebep=ESLESME_YOK
[2026-09-12 20:07:42] ahmetxd5787 | kim benimle arkadaş olabilir | enyakin=- puan=0 sebep=ESLESME_YOK
[2026-09-12 20:09:38] kyrosrfl | kime ne büyüsü lazım | enyakin=buyu-masasi puan=1 sebep=SINYAL_ZAYIF
[2026-09-12 20:09:54] egemen1559 | ben pazar aldımda şimdi pazara nasıl hidicem | enyakin=pazaryeri puan=1 sebep=SINYAL_ZAYIF
[2026-09-12 20:10:53] Anume4613 | over lord sen rehber degilmiydin? | enyakin=- puan=0 sebep=ESLESME_YOK
[2026-09-12 20:13:04] egemen1559 | ben kiraladım nası gidicem kiraladigima | enyakin=pazaryeri puan=1 sebep=SINYAL_ZAYIF
[2026-09-12 20:13:11] ahmetxd5787 | seni base var mı | enyakin=- puan=0 sebep=ESLESME_YOK
[2026-09-12 20:19:27] maceswap | kendin gelişip yaparsın olurmu ? | enyakin=- puan=0 sebep=ESLESME_YOK
[2026-09-12 20:19:53] ghostmean | ok mu abi | enyakin=- puan=0 sebep=ESLESME_YOK
[2026-09-12 20:24:27] mertrrw | bu aparalrı nasıl harcıya biliyoz | enyakin=- puan=0 sebep=ESLESME_YOK
[2026-09-12 20:31:16] RaconEmir | beyker olay ne overin rehberlik neden alındı | enyakin=- puan=0 sebep=ESLESME_YOK
[2026-09-12 20:35:24] bosluk1 | yetki gg mi kk | enyakin=- puan=0 sebep=ESLESME_YOK
[2026-09-12 20:38:06] RaconEmir | merte kim saldırdı lan | enyakin=- puan=0 sebep=ESLESME_YOK
[2026-09-12 20:42:32] ReflexBey | benım ghost niye kucucuk kaldı ya büyümüyor | enyakin=buyu-masasi puan=1 sebep=SINYAL_ZAYIF
[2026-09-12 20:44:57] RaconEmir | kaç tane eksik | enyakin=- puan=0 sebep=ESLESME_YOK
[2026-09-12 20:47:44] bosluk1 | sen box mu oynuyodun | enyakin=- puan=0 sebep=ESLESME_YOK
[2026-09-12 20:51:38] okan | şarz kaç bak bi | enyakin=- puan=0 sebep=ESLESME_YOK
[2026-09-12 20:52:06] okan | şarz kaç | enyakin=- puan=0 sebep=ESLESME_YOK
[2026-09-12 20:54:45] RaconEmir | beyler bende voıce chat var ama mıkrofon evcut degıl dıo neden | enyakin=- puan=0 sebep=ESLESME_YOK
[2026-09-12 20:55:57] kyrosrfl | nası yapcam dur | enyakin=- puan=0 sebep=ESLESME_YOK
[2026-09-12 20:57:28] ghostmean | niye kesmedin | enyakin=- puan=0 sebep=ESLESME_YOK
[2026-09-12 21:06:20] bosluk2 | olm saka mı ya | enyakin=- puan=0 sebep=ESLESME_YOK
[2026-09-12 21:06:25] kyrosrfl | bosluk1 nerde la | enyakin=- puan=0 sebep=ESLESME_YOK
[2026-09-12 21:07:31] Pixsel__Eymen | ses gelıyor mu | enyakin=- puan=0 sebep=ESLESME_YOK
[2026-09-12 21:12:16] W0ND5RKID | duyuyon mu | enyakin=- puan=0 sebep=ESLESME_YOK
[2026-09-12 21:12:20] W0ND5RKID | duyuyon mu | enyakin=- puan=0 sebep=ESLESME_YOK
[2026-09-12 21:12:55] okan | neden demiyimn | enyakin=- puan=0 sebep=ESLESME_YOK
[2026-09-12 21:15:06] OverLord | niye bırakıyon la | enyakin=- puan=0 sebep=ESLESME_YOK
[2026-09-12 21:17:25] Pixsel__Eymen | sevo_16 team olalım mı | enyakin=takim puan=1 sebep=SINYAL_ZAYIF
[2026-09-12 21:17:32] ghostmean | mr picket 1v1 ok?? | enyakin=- puan=0 sebep=ESLESME_YOK
[2026-09-12 21:17:59] Arasayan | kk servet kaç | enyakin=- puan=0 sebep=ESLESME_YOK
[2026-09-12 21:18:22] Arasayan | kaç k servet bosluk | enyakin=- puan=0 sebep=ESLESME_YOK
[2026-09-12 21:21:28] okan | kaç oldu | enyakin=- puan=0 sebep=ESLESME_YOK
[2026-09-12 21:21:46] lonewolf | odunlar nerde | enyakin=- puan=0 sebep=ESLESME_YOK
[2026-09-12 21:22:16] mertrrw | sınama anahtarını nerden açıyoz | enyakin=kasa puan=1 sebep=SINYAL_ZAYIF
[2026-09-12 21:23:22] Pixsel__Eymen | niye yapak | enyakin=- puan=0 sebep=ESLESME_YOK
[2026-09-12 21:28:32] mertrrw | nasıl açcaö tarif edermisin | enyakin=- puan=0 sebep=ESLESME_YOK
[2026-09-12 21:28:51] bosluk1 | kyros dogru yanlıs nası bilecz | enyakin=- puan=0 sebep=ESLESME_YOK
[2026-09-12 21:29:46] Oguzz | hile nası yapıyonuz zaten sunucularda hile korumaları var artık | enyakin=sikayet puan=1 sebep=SINYAL_ZAYIF
[2026-09-12 21:32:40] Ebuski | neden peki | enyakin=- puan=0 sebep=ESLESME_YOK
[2026-09-12 21:33:36] OverLord | ben rehber devam edicektim ama alındı ?? | enyakin=- puan=0 sebep=ESLESME_YOK
[2026-09-12 21:37:29] asit54kabuk7832 | nasıl elmas set olabilirim | enyakin=- puan=0 sebep=ESLESME_YOK
[2026-09-12 21:40:31] okan | kaç oldu | enyakin=- puan=0 sebep=ESLESME_YOK
[2026-09-12 21:45:45] kyrosrfl | kanka hadi gelcen mi | enyakin=- puan=0 sebep=ESLESME_YOK
[2026-09-12 21:48:04] kyrosrfl | altını kır istersen ağ var mı yok mu diye | enyakin=- puan=0 sebep=ESLESME_YOK
[2026-09-12 21:48:35] OverLord | knk nabıyon sen ?? | enyakin=- puan=0 sebep=ESLESME_YOK
[2026-09-12 21:51:51] kyrosrfl | beğendim mi oyunu bosluk1 | enyakin=- puan=0 sebep=ESLESME_YOK
[2026-09-12 22:02:14] lonewolf | inekler nerde | enyakin=- puan=0 sebep=ESLESME_YOK
[2026-09-12 22:04:06] GORKEM2238 | balta nerde | enyakin=- puan=0 sebep=ESLESME_YOK
[2026-09-12 22:05:13] okan | şarxın kaç | enyakin=- puan=0 sebep=ESLESME_YOK
[2026-09-12 22:15:20] Kyururuu | netherite yükseltmesi arayak mı? | enyakin=nether-gitme puan=1 sebep=SINYAL_ZAYIF
[2026-09-12 22:15:20] apathyharbi | oraya nasıl cıktın oaıwdjaoıwkmdawğdmağw | enyakin=- puan=0 sebep=ESLESME_YOK
[2026-09-12 22:15:56] okan | nerde arıcaz | enyakin=- puan=0 sebep=ESLESME_YOK
[2026-09-12 22:16:51] Kyururuu | kazma var mı, | enyakin=- puan=0 sebep=ESLESME_YOK
[2026-09-12 22:17:45] Kyururuu | nerden kazak | enyakin=- puan=0 sebep=ESLESME_YOK
[2026-09-12 22:18:35] ReflexBey | 2.ev yeri olarak nasıl eklyecem komutu nedir | enyakin=menu puan=1 sebep=SINYAL_ZAYIF
[2026-09-12 22:18:38] kyrosrfl | katılcan mı yine | enyakin=- puan=0 sebep=ESLESME_YOK
[2026-09-12 22:22:31] omercelebican | smp bura mi | enyakin=- puan=0 sebep=ESLESME_YOK
[2026-09-12 22:22:55] omercelebican | nasil gi̇tcez dünyaya | enyakin=- puan=0 sebep=ESLESME_YOK
[2026-09-12 22:23:14] Xylos_ | hangi ada | enyakin=gokyuzu-etkinlik puan=1 sebep=SINYAL_ZAYIF
[2026-09-12 22:24:09] Xylos_ | adaya nası gidioyzki | enyakin=- puan=0 sebep=ESLESME_YOK
[2026-09-12 22:24:58] GORKEM2238 | baseyi nasil bulcaz | enyakin=- puan=0 sebep=ESLESME_YOK
[2026-09-12 22:26:18] LazUsagi61 | kim de ses varrrr | enyakin=- puan=0 sebep=ESLESME_YOK
[2026-09-12 22:26:55] OverLord | kyros neden kesmeye calısıyom | enyakin=- puan=0 sebep=ESLESME_YOK
[2026-09-12 22:27:02] OverLord | nasıl banlıcan | enyakin=- puan=0 sebep=ESLESME_YOK
[2026-09-12 22:28:32] AyiBogan064 | köylüleri işisizken zombiden dönüştürünce indirim veriyor mu | enyakin=- puan=0 sebep=ESLESME_YOK
[2026-09-12 22:30:41] OverLord | neden ?? | enyakin=- puan=0 sebep=ESLESME_YOK
[2026-09-12 22:31:26] OverLord | seni kardesim bildim kesdin beni ??? | enyakin=- puan=0 sebep=ESLESME_YOK
[2026-09-12 22:33:10] isotusluk | beyler tp istei nasıl atılıo | enyakin=isinlanma-istegi puan=1 sebep=SINYAL_ZAYIF
[2026-09-12 22:33:19] Serkan_3793 | mace over online mi | enyakin=- puan=0 sebep=ESLESME_YOK
[2026-09-12 22:34:32] Kyururuu | 13 huni sende var mı? | enyakin=- puan=0 sebep=ESLESME_YOK
[2026-09-12 22:34:52] dijitaltotofan | sapblon satıyon mu | enyakin=- puan=0 sebep=ESLESME_YOK
[2026-09-12 22:34:56] ReflexBey | kayıs niye yapamıyoz yaw | enyakin=- puan=0 sebep=ESLESME_YOK
[2026-09-12 22:35:25] ReflexBey | neden kayıs ypamaıyorum | enyakin=- puan=0 sebep=ESLESME_YOK
[2026-09-12 22:41:44] Serkan_3793 | bu nasi rehber gorevini yapmio btw | enyakin=gunluk-gorev puan=1 sebep=SINYAL_ZAYIF
[2026-09-12 22:41:53] maceswap | Serkan_3793 sorun neydi | enyakin=- puan=0 sebep=ESLESME_YOK
[2026-09-12 22:42:36] apathyharbi | rehber kavgayı durdurt artık? | enyakin=- puan=0 sebep=ESLESME_YOK
[2026-09-12 22:44:28] maceswap | ne demek istedin ? | enyakin=- puan=0 sebep=ESLESME_YOK
[2026-09-12 22:44:41] apathyharbi | tuttugun benimki olsun dedim? ne var bunda ne fesatısınz olm | enyakin=- puan=0 sebep=ESLESME_YOK
[2026-09-12 22:46:44] Kyururuu | hadi bise olmaz ya? | enyakin=- puan=0 sebep=ESLESME_YOK
[2026-09-12 22:48:13] Ebuski | kyuru merti niye kestin adamın zaten bişeyi yoktu | enyakin=- puan=0 sebep=ESLESME_YOK
[2026-09-12 22:52:49] Skyler | 1 stek elmas nereye gitti | enyakin=- puan=0 sebep=ESLESME_YOK
[2026-09-12 22:53:52] Kyururuu | cna doldu mu | enyakin=- puan=0 sebep=ESLESME_YOK
[2026-09-12 22:54:33] mariobaba123 | kesme ok mu | enyakin=- puan=0 sebep=ESLESME_YOK
[2026-09-12 22:54:52] kyrosrfl | minigame kim oynamak ister | enyakin=- puan=0 sebep=ESLESME_YOK
[2026-09-12 22:56:10] kyrosrfl | minigame kim katılmak ister | enyakin=- puan=0 sebep=ESLESME_YOK
[2026-09-12 23:01:33] leleoluk | mace afk mı | enyakin=kristal puan=1 sebep=SINYAL_ZAYIF
[2026-09-12 23:02:23] leleoluk | sezon ne zaman yenilencek | enyakin=- puan=0 sebep=ESLESME_YOK
[2026-09-12 23:04:00] Kyururuu | gitmeyek aga sen niye gidiyon | enyakin=- puan=0 sebep=ESLESME_YOK
[2026-09-12 23:06:13] okan | nk şzrsın kaç | enyakin=- puan=0 sebep=ESLESME_YOK
[2026-09-12 23:13:04] MehmetMC3667 | yeraltında bulduğumuz elleri kırınca gelmiyor neden admiin | enyakin=- puan=0 sebep=ESLESME_YOK
[2026-09-12 23:15:23] MehmetMC3667 | hala aynı şekilde mi çalışıyor sp ler | enyakin=- puan=0 sebep=ESLESME_YOK
[2026-09-12 23:15:32] maceswap | ne şekilde | enyakin=- puan=0 sebep=ESLESME_YOK
[2026-09-12 23:15:55] MehmetMC3667 | doğadaki gibi mob doğuyor mu | enyakin=- puan=0 sebep=ESLESME_YOK
[2026-09-12 23:16:17] MehmetMC3667 | sanal nerden alıyoruz | enyakin=- puan=0 sebep=ESLESME_YOK
[2026-09-12 23:17:03] MehmetMC3667 | nerden nasıl alıyoruz | enyakin=- puan=0 sebep=ESLESME_YOK
[2026-09-12 23:20:17] SmellOfGoal | 1 st elmas alcak var mı 30 k indirim yaparım | enyakin=- puan=0 sebep=ESLESME_YOK
[2026-09-12 23:21:08] SmellOfGoal | 1 steack elmas satıyorum ilgilenen? | enyakin=esya-satma puan=1 sebep=SINYAL_ZAYIF
[2026-09-12 23:28:37] GORKEM2238 | netherite yükseltme şablonu nerden bulabilirim lazım | enyakin=nether-gitme puan=1 sebep=SINYAL_ZAYIF
[2026-09-12 23:29:12] Serkan_3793 | kac elmasa | enyakin=- puan=0 sebep=ESLESME_YOK
[2026-09-12 23:29:21] GORKEM2238 | berkay antik kalıntı tuğlasına kaç verirsin | enyakin=- puan=0 sebep=ESLESME_YOK
[2026-09-12 23:29:40] Ebuski | neden tp attın | enyakin=isinlanma-istegi puan=1 sebep=SINYAL_ZAYIF
[2026-09-12 23:31:30] MehmetMC3667 | rehber 3 oya bir oy anahtarı mı | enyakin=kasa puan=1 sebep=SINYAL_ZAYIF
[2026-09-12 23:32:33] Serkan_3793 | netherite kac elmasa verirsin 25 tne var | enyakin=nether-gitme puan=1 sebep=SINYAL_ZAYIF
[2026-09-12 23:35:47] Serkan_3793 | 1 netherite kac elmas satqn | enyakin=nether-gitme puan=1 sebep=SINYAL_ZAYIF
[2026-09-12 23:40:32] DressStone48447 | bana item verebilecek var mı | enyakin=- puan=0 sebep=ESLESME_YOK
[2026-09-12 23:52:41] Oguzz | hangisi lazım BerkayTE3134 | enyakin=- puan=0 sebep=ESLESME_YOK
[2026-09-12 23:52:58] Ebuski | kaç tane | enyakin=- puan=0 sebep=ESLESME_YOK
[2026-09-12 23:59:43] Serkan_3793 | kim yenecek 7/24 chate bakarım valla | enyakin=- puan=0 sebep=ESLESME_YOK
[2026-09-13 00:00:37] Serkan_3793 | kim yendi | enyakin=- puan=0 sebep=ESLESME_YOK
[2026-09-13 00:02:29] DressStone48447 | item verebilecek koca yürekli biri var mi | enyakin=- puan=0 sebep=ESLESME_YOK
[2026-09-13 00:03:11] lonewolf | kac olur | enyakin=- puan=0 sebep=ESLESME_YOK
[2026-09-13 00:05:31] DressStone48447 | item vercek yok mu | enyakin=- puan=0 sebep=ESLESME_YOK
[2026-09-13 00:08:45] lonewolf | mace iş varmıı??? | enyakin=- puan=0 sebep=ESLESME_YOK
[2026-09-13 00:12:16] apathyharbi | ne yasıon kanka? | enyakin=- puan=0 sebep=ESLESME_YOK
[2026-09-13 00:12:24] apathyharbi | ne yazıorumda siliosun sen? | enyakin=- puan=0 sebep=ESLESME_YOK
[2026-09-13 00:12:54] Ebuski | bura ne zaman bitiyo ya | enyakin=- puan=0 sebep=ESLESME_YOK
[2026-09-13 00:17:26] apathyharbi | nasıl unutursun ya.d | enyakin=- puan=0 sebep=ESLESME_YOK
[2026-09-13 00:20:04] Ebuski | [event cancelled]ben ban mı yedim | enyakin=ceza-itiraz puan=1 sebep=SINYAL_ZAYIF
[2026-09-13 00:21:29] lonewolf | ben nasıl iş yaparıımm çalışırımm | enyakin=- puan=0 sebep=ESLESME_YOK
[2026-09-13 00:24:28] Anume4613 | m_spower i neden mutelediniz | enyakin=- puan=0 sebep=ESLESME_YOK
[2026-09-13 00:26:15] ShadowNova9643 | beyler nerden lobiye gidebilirim | enyakin=- puan=0 sebep=ESLESME_YOK
[2026-09-13 00:27:44] Oguzz | sadece bakcan mı lonewolf | enyakin=- puan=0 sebep=ESLESME_YOK
[2026-09-13 00:36:25] ItzRealMusty | yeter kaç anahtar var sizde | enyakin=kasa puan=1 sebep=SINYAL_ZAYIF
[2026-09-13 00:40:13] ItzRealMusty | he buarada sen nerden para akladin | enyakin=para-kazanma puan=1 sebep=SINYAL_ZAYIF
[2026-09-13 00:46:38] M_SPOWER2204 | lelo ne kadar verirsin | enyakin=- puan=0 sebep=ESLESME_YOK
[2026-09-13 00:53:02] topalcoo | neden mute yedıgını ogrenmek ıcın | enyakin=- puan=0 sebep=ESLESME_YOK
[2026-09-13 00:53:22] ItzRealMusty | barut isteyen? | enyakin=- puan=0 sebep=ESLESME_YOK
[2026-09-13 00:54:45] ItzRealMusty | tamir satan? | enyakin=- puan=0 sebep=ESLESME_YOK
[2026-09-13 00:57:15] ItzRealMusty | çevik ve Sins eğilirken daha hızlı mi hareket sağlıyor | enyakin=- puan=0 sebep=ESLESME_YOK
[2026-09-13 01:02:05] topalcoo | nasıl atlıyor | enyakin=- puan=0 sebep=ESLESME_YOK
[2026-09-13 01:07:09] Anume4613 | buyuk sans burayi bulmamis olmamiz neden yerin ustune yaptiniz | enyakin=buyu-masasi puan=1 sebep=SINYAL_ZAYIF
[2026-09-13 01:07:24] leleoluk | ne zaman yatıyon sen | enyakin=- puan=0 sebep=ESLESME_YOK
[2026-09-13 01:07:50] leleoluk | 1 saat mi yarım saatmi | enyakin=- puan=0 sebep=ESLESME_YOK
[2026-09-13 01:09:26] leleoluk | farm saatlik kac kazandırıyo | enyakin=en-iyi-farm puan=1 sebep=SINYAL_ZAYIF
[2026-09-13 01:09:42] Oguzz | senin yaş kaç | enyakin=- puan=0 sebep=ESLESME_YOK
[2026-09-13 01:10:42] BatuStyle | oğuz knknsen kaç yaşındasın | enyakin=- puan=0 sebep=ESLESME_YOK
[2026-09-13 01:12:39] M_SPOWER2204 | off o neydi ya | enyakin=- puan=0 sebep=ESLESME_YOK
[2026-09-13 01:18:21] mcfan | nasıl la mace kuzeninmi | enyakin=- puan=0 sebep=ESLESME_YOK
[2026-09-13 01:22:27] Anume4613 | cocuk nereye gitti elmws vercedim | enyakin=- puan=0 sebep=ESLESME_YOK
[2026-09-13 01:23:33] M_SPOWER2204 | over isteginlemi yoksa niye | enyakin=- puan=0 sebep=ESLESME_YOK
[2026-09-13 01:25:55] OnlyVan | nasıl vip oldun sen | enyakin=vip-rutbe puan=1 sebep=SINYAL_ZAYIF
[2026-09-13 01:25:58] OnlyVan | op mi var sende?? | enyakin=- puan=0 sebep=ESLESME_YOK
[2026-09-13 01:27:11] OnlyVan | beğendiniz mi sunucuyu | enyakin=- puan=0 sebep=ESLESME_YOK
[2026-09-13 01:27:20] ShadowNova9643 | beyler biri bana kazma verebilir mi | enyakin=- puan=0 sebep=ESLESME_YOK
[2026-09-13 01:40:48] AyiBogan064 | evom uğuruz şiseyi makarasına 50k ya koymjştum niye aldin | enyakin=- puan=0 sebep=ESLESME_YOK
[2026-09-13 01:58:41] Anume4613 | elmaslqr niye bri3lsmiyo | enyakin=- puan=0 sebep=ESLESME_YOK
[2026-09-13 02:01:56] Anume4613 | kac lvsin | enyakin=- puan=0 sebep=ESLESME_YOK
[2026-09-13 02:06:52] M_SPOWER2204 | beyler sunucu sahibi kim ya | enyakin=- puan=0 sebep=ESLESME_YOK
[2026-09-13 02:07:33] M_SPOWER2204 | sunucu sahibi kim | enyakin=- puan=0 sebep=ESLESME_YOK
[2026-09-13 02:07:57] Oguzz | değil mi | enyakin=- puan=0 sebep=ESLESME_YOK
[2026-09-13 02:10:26] Anume4613 | rtpden end sehri buluyon ya nasi 300k | enyakin=end-gitme puan=1 sebep=SINYAL_ZAYIF
[2026-09-13 02:11:34] M_SPOWER2204 | bi kaç önerim var | enyakin=- puan=0 sebep=ESLESME_YOK
[2026-09-13 02:14:04] Anume4613 | tumor base mi | enyakin=- puan=0 sebep=ESLESME_YOK
[2026-09-13 02:16:19] M_SPOWER2204 | ne kadar var diye bakicaktim elim kayddi | enyakin=- puan=0 sebep=ESLESME_YOK
[2026-09-13 02:21:44] M_SPOWER2204 | suan kaç lvlin | enyakin=- puan=0 sebep=ESLESME_YOK
[2026-09-13 02:52:44] OnlyVan | sunucumuzu nereden buldunuz | enyakin=- puan=0 sebep=ESLESME_YOK
[2026-09-13 02:53:27] OnlyVan | hangi yapay zeka | enyakin=- puan=0 sebep=ESLESME_YOK
[2026-09-13 03:19:35] OnlyVan | verimlilik yükseltme görünüyor mu sende sağ tıklayınca | enyakin=- puan=0 sebep=ESLESME_YOK
[2026-09-13 03:20:11] OnlyVan | verim yükseltmeyi açmaya çalıştığınızda açmıyor değil mi | enyakin=- puan=0 sebep=ESLESME_YOK
[2026-09-13 03:24:20] topalcoo | nasıl vercen | enyakin=- puan=0 sebep=ESLESME_YOK
[2026-09-13 03:25:19] SmellOfGoal | bwn niye odunları soyamıyom | enyakin=- puan=0 sebep=ESLESME_YOK
[2026-09-13 03:46:36] M_SPOWER2204 | nasi dustun | enyakin=- puan=0 sebep=ESLESME_YOK
[2026-09-13 03:46:40] M_SPOWER2204 | nasi becerdin | enyakin=- puan=0 sebep=ESLESME_YOK
[2026-09-13 03:53:50] EmirhanGT | ev belirleme komutu neydi | enyakin=menu puan=1 sebep=SINYAL_ZAYIF
[2026-09-13 04:08:13] Anume4613 | niye bkyl3 bsisj dendin | enyakin=- puan=0 sebep=ESLESME_YOK
[2026-09-13 04:27:11] M_SPOWER2204 | nerden geldin | enyakin=- puan=0 sebep=ESLESME_YOK
[2026-09-13 04:38:33] nenehoplatan31 | ben nasil arazi alcam | enyakin=- puan=0 sebep=ESLESME_YOK
[2026-09-13 04:39:18] Anume4613 | köyde goleme ölen kim | enyakin=- puan=0 sebep=ESLESME_YOK
[2026-09-13 04:45:37] nenehoplatan31 | yav ben nasil arazi alicam yoksa alınmıyomu | enyakin=- puan=0 sebep=ESLESME_YOK
[2026-09-13 05:19:38] probabamazlum | o bu satte sunucularda aktif olur mu ya | enyakin=- puan=0 sebep=ESLESME_YOK
[2026-09-13 05:20:40] probabamazlum | sen ne zaman,dır oyniyin | enyakin=- puan=0 sebep=ESLESME_YOK
[2026-09-13 06:13:48] Gamer_Boy | herkes afk mı | enyakin=kristal puan=1 sebep=SINYAL_ZAYIF
[2026-09-13 07:47:24] KralBurak52 | ee sunucu dq nası oynicam | enyakin=- puan=0 sebep=ESLESME_YOK
[2026-09-13 07:49:41] KralBurak52 | oyunu nası oynicammmm | enyakin=- puan=0 sebep=ESLESME_YOK
[2026-09-13 07:52:09] KralBurak52 | nası oyuna gircemmmmm KURT0619 | enyakin=- puan=0 sebep=ESLESME_YOK
[2026-09-13 07:52:23] KURT0619 | nasıl yani /rtpo gibimi | enyakin=- puan=0 sebep=ESLESME_YOK
[2026-09-13 07:54:45] KralBurak52 | takım a nası katılcam yani | enyakin=takim puan=1 sebep=SINYAL_ZAYIF
[2026-09-13 07:59:07] KURT0619 | yaşın kaç | enyakin=- puan=0 sebep=ESLESME_YOK
[2026-09-13 08:06:36] KralBurak52 | para nası kazanılıyo | enyakin=para-kazanma puan=1 sebep=SINYAL_ZAYIF
[2026-09-13 08:07:58] KURT0619 | nasıl yani | enyakin=- puan=0 sebep=ESLESME_YOK
[2026-09-13 08:25:13] KralBurak52 | nereye KURT0619 | enyakin=- puan=0 sebep=ESLESME_YOK
[2026-09-13 08:29:26] KralBurak52 | elmas mı oha | enyakin=- puan=0 sebep=ESLESME_YOK
[2026-09-13 08:32:13] KralBurak52 | bu nası maden KURT0619 | enyakin=- puan=0 sebep=ESLESME_YOK
[2026-09-13 08:47:05] KralBurak52 | ev yqpasım var nereye yapim | enyakin=- puan=0 sebep=ESLESME_YOK
[2026-09-13 08:54:54] KURT0619 | eynı neden sunucuya hava atmak için giyiyom bende | enyakin=- puan=0 sebep=ESLESME_YOK
[2026-09-13 08:57:24] Swight | barlas sende hangi büyüler var | enyakin=buyu-masasi puan=1 sebep=SINYAL_ZAYIF
[2026-09-13 09:01:22] KralBurak52 | başlangış kiti nası alınıyo | enyakin=- puan=0 sebep=ESLESME_YOK
[2026-09-13 09:03:06] Swight | ne dedi nası çıktı | enyakin=- puan=0 sebep=ESLESME_YOK
[2026-09-13 09:06:47] Swight | rehberliği nası alındıki | enyakin=- puan=0 sebep=ESLESME_YOK
[2026-09-13 09:16:20] KURT0619 | köylüler nerde | enyakin=- puan=0 sebep=ESLESME_YOK
[2026-09-13 09:20:36] Barlas93 | nasıl öldüm anlataymmı | enyakin=- puan=0 sebep=ESLESME_YOK
[2026-09-13 09:20:48] Swight | oyundan mı çıktın | enyakin=- puan=0 sebep=ESLESME_YOK
[2026-09-13 09:24:03] SEGOV2 | ganimet büyüsünü felan nerde alıcam | enyakin=buyu-masasi puan=1 sebep=SINYAL_ZAYIF
[2026-09-13 09:27:25] KralBurak52 | demirleri nerden buşdun SyneRR27 | enyakin=- puan=0 sebep=ESLESME_YOK
[2026-09-13 09:28:57] SyneRR27 | kk su kovası var mı | enyakin=- puan=0 sebep=ESLESME_YOK
[2026-09-13 09:29:23] Pixsel__Eymen | ses gelıyor mu | enyakin=- puan=0 sebep=ESLESME_YOK
[2026-09-13 09:30:16] Pixsel__Eymen | sana kaç tane lazım | enyakin=- puan=0 sebep=ESLESME_YOK
[2026-09-13 09:32:23] Skyler | o nası oldu df<uoglfvyıvyı | enyakin=- puan=0 sebep=ESLESME_YOK
[2026-09-13 09:35:01] KURT0619 | kaç tane var | enyakin=- puan=0 sebep=ESLESME_YOK
[2026-09-13 09:37:01] SyneRR27 | admin kim | enyakin=- puan=0 sebep=ESLESME_YOK
[2026-09-13 09:38:44] SyneRR27 | sende kaç var | enyakin=- puan=0 sebep=ESLESME_YOK
[2026-09-13 09:39:30] SyneRR27 | 7 mi var | enyakin=- puan=0 sebep=ESLESME_YOK
[2026-09-13 09:54:34] KralBurak52 | ne kadar çıktı SyneRR27 | enyakin=- puan=0 sebep=ESLESME_YOK
[2026-09-13 09:54:48] SyneRR27 | sende ne kadar | enyakin=- puan=0 sebep=ESLESME_YOK
[2026-09-13 10:10:28] KralBurak52 | n-niye sordun | enyakin=- puan=0 sebep=ESLESME_YOK
[2026-09-13 10:12:46] mcfan | stekini ne kadardan alıyon | enyakin=- puan=0 sebep=ESLESME_YOK
[2026-09-13 10:16:44] cayanacar | reflex ne kadar verirsin | enyakin=- puan=0 sebep=ESLESME_YOK
[2026-09-13 10:17:12] Artun24102014 | 10 demir fln? | enyakin=- puan=0 sebep=ESLESME_YOK
[2026-09-13 10:17:18] MnDark | kaç dakikadır oynuyo | enyakin=- puan=0 sebep=ESLESME_YOK
[2026-09-13 10:18:56] MnDark | nasıl öldün ya | enyakin=- puan=0 sebep=ESLESME_YOK
[2026-09-13 10:21:38] ReflexBey | yemek mi vermem lazım | enyakin=- puan=0 sebep=ESLESME_YOK
[2026-09-13 10:21:59] MnDark | aldın di mi | enyakin=- puan=0 sebep=ESLESME_YOK
[2026-09-13 10:22:41] Pixsel__Eymen | base mı yapsak | enyakin=- puan=0 sebep=ESLESME_YOK
[2026-09-13 10:25:23] MnDark | normal sell yok mu | enyakin=esya-satma puan=1 sebep=SINYAL_ZAYIF
[2026-09-13 10:26:20] MnDark | oyyy ghostmean nasıl öldün ama | enyakin=oy-verme puan=1 sebep=SINYAL_ZAYIF
[2026-09-13 10:27:10] KURT0619 | netherite kaç k | enyakin=nether-gitme puan=1 sebep=SINYAL_ZAYIF
[2026-09-13 10:35:31] Swight | kaç istion | enyakin=- puan=0 sebep=ESLESME_YOK
[2026-09-13 10:35:40] Arasayan | örs satarım kaç | enyakin=- puan=0 sebep=ESLESME_YOK
[2026-09-13 10:38:02] MnDark | zırh satılmıyo mu | enyakin=- puan=0 sebep=ESLESME_YOK
[2026-09-13 10:46:10] KralBurak52 | x ray mı banlarlar omercelebican bdn de ban yemim takılmam | enyakin=ceza-itiraz puan=1 sebep=SINYAL_ZAYIF
[2026-09-13 10:46:24] isotusluk | tp istei nasıl atılıo | enyakin=isinlanma-istegi puan=1 sebep=SINYAL_ZAYIF
[2026-09-13 10:46:24] AyiBogan064 | satın alınmadı mi | enyakin=site-kredi puan=2 sebep=SINYAL_ZAYIF
[2026-09-13 10:47:12] Arasayan | örs satıyom alcak? | enyakin=- puan=0 sebep=ESLESME_YOK
[2026-09-13 10:47:34] Arasayan | kaç liraya swiaght | enyakin=- puan=0 sebep=ESLESME_YOK
[2026-09-13 10:48:31] 06erenw06 | tanesi mi 10000 k | enyakin=- puan=0 sebep=ESLESME_YOK
[2026-09-13 10:48:36] omercelebican | 4 elmas vercem kaç kitap verirsiniz | enyakin=- puan=0 sebep=ESLESME_YOK
[2026-09-13 10:49:07] Swight | kamran ??? | enyakin=- puan=0 sebep=ESLESME_YOK
[2026-09-13 10:52:05] omercelebican | net yükselmesi var mı | enyakin=- puan=0 sebep=ESLESME_YOK
[2026-09-13 10:54:30] Pixsel__Eymen | Swight nereye | enyakin=- puan=0 sebep=ESLESME_YOK
[2026-09-13 10:56:34] bosluk1 | y kaç ta kazıon | enyakin=- puan=0 sebep=ESLESME_YOK
[2026-09-13 10:57:51] SyneRR27 | ok nerden gidioz | enyakin=- puan=0 sebep=ESLESME_YOK
[2026-09-13 10:58:00] kamran2 | neden vurdun | enyakin=- puan=0 sebep=ESLESME_YOK
[2026-09-13 11:04:14] cayanacar | kaç istiyon | enyakin=- puan=0 sebep=ESLESME_YOK
[2026-09-13 11:05:28] omercelebican | net mi ver | enyakin=- puan=0 sebep=ESLESME_YOK
[2026-09-13 11:06:00] isotusluk | set nasıl cekcez | enyakin=- puan=0 sebep=ESLESME_YOK
[2026-09-13 11:10:00] SyneRR27 | konuşcanız mı bana yardım mı etceniz | enyakin=- puan=0 sebep=ESLESME_YOK
[2026-09-13 11:13:20] isotusluk | event kasası nasıl açııo | enyakin=kasa puan=1 sebep=SINYAL_ZAYIF
[2026-09-13 11:14:40] MnDark | para borc vere bilecek var mı | enyakin=para-kazanma puan=1 sebep=SINYAL_ZAYIF
[2026-09-13 11:16:13] isotusluk | nası eve gitcem | enyakin=- puan=0 sebep=ESLESME_YOK
[2026-09-13 11:22:37] Ordek_kral17 | herkes nerde | enyakin=- puan=0 sebep=ESLESME_YOK
[2026-09-13 11:24:17] kamran2 | kim yapdı basemiii | enyakin=- puan=0 sebep=ESLESME_YOK
[2026-09-13 11:25:26] Pixsel__Eymen | video mu | enyakin=- puan=0 sebep=ESLESME_YOK
[2026-09-13 11:25:42] Pixsel__Eymen | abi foto cekınelım mı | enyakin=- puan=0 sebep=ESLESME_YOK
[2026-09-13 11:26:27] kamran2 | base yapak mı | enyakin=- puan=0 sebep=ESLESME_YOK
[2026-09-13 11:27:39] kamran2 | base yapak mıııı | enyakin=- puan=0 sebep=ESLESME_YOK
[2026-09-13 11:29:02] Tenticra | dünyaya nerden gidiliyor | enyakin=- puan=0 sebep=ESLESME_YOK
[2026-09-13 11:31:09] Pixsel__Eymen | niye yalan soyledın | enyakin=- puan=0 sebep=ESLESME_YOK
[2026-09-13 11:33:24] omercelebican | bana mı dedin | enyakin=- puan=0 sebep=ESLESME_YOK
[2026-09-13 11:33:49] omercelebican | oha burada mı | enyakin=- puan=0 sebep=ESLESME_YOK
[2026-09-13 11:34:07] Tenticra | yemek var mı | enyakin=- puan=0 sebep=ESLESME_YOK
[2026-09-13 11:37:49] GORKEM2238 | demir set satıyorum kim ister | enyakin=esya-satma puan=1 sebep=SINYAL_ZAYIF
[2026-09-13 11:37:50] xLaku | beles mi | enyakin=- puan=0 sebep=ESLESME_YOK
[2026-09-13 11:39:37] GORKEM2238 | elmasa kaç verirsin | enyakin=- puan=0 sebep=ESLESME_YOK
[2026-09-13 11:39:49] KURT0619 | kaç tane | enyakin=- puan=0 sebep=ESLESME_YOK
[2026-09-13 11:43:17] GORKEM2238 | zırh koydugumuz seyin ismi neydi | enyakin=- puan=0 sebep=ESLESME_YOK
[2026-09-13 11:46:03] ReflexBey | ne kadar istiyorsan abartmaadan koy ah a | enyakin=acik-artirma puan=1 sebep=SINYAL_ZAYIF
[2026-09-13 11:48:57] GORKEM2238 | kazmanda hangi büyü var | enyakin=buyu-masasi puan=1 sebep=SINYAL_ZAYIF
[2026-09-13 11:53:40] Serhatq | takıma alabilecek var mı | enyakin=takim puan=1 sebep=SINYAL_ZAYIF
[2026-09-13 11:54:45] leleoluk | reflex ne kadar lazım | enyakin=- puan=0 sebep=ESLESME_YOK
[2026-09-13 12:00:18] MnDark | ya bunu nasıl yapak ya | enyakin=- puan=0 sebep=ESLESME_YOK
[2026-09-13 12:10:16] flyc | sadece smp mi var burda | enyakin=- puan=0 sebep=ESLESME_YOK
[2026-09-13 12:10:38] Skyler | kamran niye p attım brom | enyakin=- puan=0 sebep=ESLESME_YOK
[2026-09-13 12:13:32] Skyler | nerden buldun parayı brom | enyakin=para-kazanma puan=1 sebep=SINYAL_ZAYIF
[2026-09-13 12:16:22] MnDark | et mi xp mi | enyakin=- puan=0 sebep=ESLESME_YOK
[2026-09-13 12:16:35] MnDark | zümrüt mü | enyakin=- puan=0 sebep=ESLESME_YOK
[2026-09-13 12:17:17] MnDark | zümrüt mü istiyon o zaman | enyakin=- puan=0 sebep=ESLESME_YOK
[2026-09-13 12:20:32] Xylos_ | hesap nasıl eşlicem | enyakin=- puan=0 sebep=ESLESME_YOK
[2026-09-13 12:21:08] Xylos_ | rehber hesap nasıl eşlicem kime dm atcam | enyakin=- puan=0 sebep=ESLESME_YOK
[2026-09-13 12:21:37] Xylos_ | hesap nasıl eşlenir ? | enyakin=- puan=0 sebep=ESLESME_YOK
[2026-09-13 12:23:03] Kyururuu | nasıl koyucam aha | enyakin=- puan=0 sebep=ESLESME_YOK
[2026-09-13 12:24:28] Kyururuu | selim 52 tane dhaa var istiyon mu, | enyakin=- puan=0 sebep=ESLESME_YOK
[2026-09-13 12:24:33] Xylos_ | flood yapmak serbestmi? | enyakin=- puan=0 sebep=ESLESME_YOK
[2026-09-13 12:24:58] Xylos_ | flood serbest mı | enyakin=kurallar puan=2 sebep=SINYAL_ZAYIF
[2026-09-13 12:27:15] Nejdet8858 | niye hep geliyon | enyakin=- puan=0 sebep=ESLESME_YOK
[2026-09-13 12:29:46] itsrealme | event anahtarı nasıl kullanılıyo | enyakin=kasa puan=1 sebep=SINYAL_ZAYIF
[2026-09-13 12:34:23] ahmetxd5787 | bana demir satabilecek var mı | enyakin=- puan=0 sebep=ESLESME_YOK
[2026-09-13 12:35:03] kamran2 | bende sizinle gelebilrmiyom? | enyakin=- puan=0 sebep=ESLESME_YOK
[2026-09-13 12:35:51] apathyharbi | 3 elytrda dagıtayımı? | enyakin=- puan=0 sebep=ESLESME_YOK
[2026-09-13 12:43:39] sucuk_pvp | knk esyalarımı at nıye kesıyonuz | enyakin=- puan=0 sebep=ESLESME_YOK
[2026-09-13 12:44:46] Skyler | kaç bvar sende | enyakin=- puan=0 sebep=ESLESME_YOK
[2026-09-13 12:45:34] leleoluk | over elt nerde benim | enyakin=- puan=0 sebep=ESLESME_YOK
[2026-09-13 12:45:58] OverLord | apathy aharbi elyt nerde la | enyakin=- puan=0 sebep=ESLESME_YOK
[2026-09-13 12:48:55] OverLord | kılıcım nası | enyakin=- puan=0 sebep=ESLESME_YOK
[2026-09-13 12:50:05] isotusluk | takımdan nasıl cıkılıyo | enyakin=takim puan=1 sebep=SINYAL_ZAYIF
[2026-09-13 12:50:21] isotusluk | beyler takımdan nasıl cıkılıyo | enyakin=takim puan=1 sebep=SINYAL_ZAYIF
[2026-09-13 12:50:51] OverLord | kac kurus | enyakin=- puan=0 sebep=ESLESME_YOK
[2026-09-13 12:51:44] Comeback1202 | Aesir Mc mi Liva mc mi | enyakin=- puan=0 sebep=ESLESME_YOK
[2026-09-13 12:52:05] MiniPencil39449 | niye keseyim | enyakin=- puan=0 sebep=ESLESME_YOK
[2026-09-13 12:53:31] hamsilipuding | yardım edecek var mı nerden gircem survival a | enyakin=orman-gitme puan=1 sebep=SINYAL_ZAYIF
[2026-09-13 12:54:12] xLaku | sen neden teamda degilsin | enyakin=takim puan=1 sebep=SINYAL_ZAYIF
[2026-09-13 12:54:20] leleoluk | nasıl gelcem bebekler | enyakin=- puan=0 sebep=ESLESME_YOK
[2026-09-13 12:54:35] MnDark | yönetici mi | enyakin=- puan=0 sebep=ESLESME_YOK
[2026-09-13 12:57:12] omercelebican | numaran mu | enyakin=- puan=0 sebep=ESLESME_YOK
[2026-09-13 12:57:34] omercelebican | kaç yaşındasınuz | enyakin=- puan=0 sebep=ESLESME_YOK
[2026-09-13 12:58:27] xLaku | ama sen neden ok atıorsun | enyakin=- puan=0 sebep=ESLESME_YOK
[2026-09-13 12:58:56] KURT0619 | kaç tane kaç k | enyakin=- puan=0 sebep=ESLESME_YOK
[2026-09-13 12:59:28] KURT0619 | tanesi kaç k | enyakin=- puan=0 sebep=ESLESME_YOK
[2026-09-13 13:00:03] KURT0619 | 49 kya kaç tane gelir | enyakin=para-kazanma puan=1 sebep=SINYAL_ZAYIF
[2026-09-13 13:00:23] KURT0619 | 49 kya kaç tane gelir koruma | enyakin=para-kazanma puan=1 sebep=SINYAL_ZAYIF
[2026-09-13 13:00:45] KURT0619 | 49 kya kaç tane gelir koruma 4 | enyakin=para-kazanma puan=1 sebep=SINYAL_ZAYIF
[2026-09-13 13:04:41] omercelebican | bende gelim mi leleolık | enyakin=- puan=0 sebep=ESLESME_YOK
[2026-09-13 13:06:17] omercelebican | egemen tpa attim mi | enyakin=isinlanma-istegi puan=1 sebep=SINYAL_ZAYIF
[2026-09-13 13:07:09] ahmetxd5787 | arkadaş olan var mı | enyakin=- puan=0 sebep=ESLESME_YOK
[2026-09-13 13:11:41] ahmetinyo544 | la niye kestin PIEDXDFCİEDDXJF | enyakin=- puan=0 sebep=ESLESME_YOK
[2026-09-13 13:11:47] technoblade | beyler event kasasi nasil açiliyor | enyakin=kasa puan=1 sebep=SINYAL_ZAYIF
[2026-09-13 13:12:54] leleoluk | askımı kim dövdüü | enyakin=- puan=0 sebep=ESLESME_YOK
[2026-09-13 13:13:39] MnDark | ne kadar | enyakin=- puan=0 sebep=ESLESME_YOK
[2026-09-13 13:14:04] MnDark | ne kadar elmasın var | enyakin=- puan=0 sebep=ESLESME_YOK
[2026-09-13 13:14:14] ahmetinyo544 | mace mute atsana bazılarına ?? | enyakin=- puan=0 sebep=ESLESME_YOK
[2026-09-13 13:18:04] ahmetinyo544 | bak kim geldi | enyakin=- puan=0 sebep=ESLESME_YOK
[2026-09-13 13:19:38] MnDark | paran yetmiyo mu | enyakin=para-kazanma puan=1 sebep=SINYAL_ZAYIF
[2026-09-13 13:22:01] MehmetMC3667 | chat kapatılıyor mu | enyakin=- puan=0 sebep=ESLESME_YOK
[2026-09-13 13:23:29] Comeback1202 | kaç tane ametisr | enyakin=- puan=0 sebep=ESLESME_YOK
[2026-09-13 13:25:28] MnDark | aldımn mı mesale | enyakin=- puan=0 sebep=ESLESME_YOK
[2026-09-13 13:25:56] MnDark | nasıl yani | enyakin=- puan=0 sebep=ESLESME_YOK
[2026-09-13 13:26:48] Barlas93 | KadirHB nezaman girer oyuna 1-2 gündür ortalıkta yok | enyakin=- puan=0 sebep=ESLESME_YOK
[2026-09-13 13:27:05] Barlas93 | nasıl yani | enyakin=- puan=0 sebep=ESLESME_YOK
[2026-09-13 13:27:47] Barlas93 | kimden büyü alca, | enyakin=buyu-masasi puan=1 sebep=SINYAL_ZAYIF
[2026-09-13 13:28:44] MnDark | ikinizde mi istiyonuz | enyakin=- puan=0 sebep=ESLESME_YOK
[2026-09-13 13:28:46] MehmetMC3667 | nasıl oluyr | enyakin=- puan=0 sebep=ESLESME_YOK
[2026-09-13 13:30:19] MnDark | niye verdin | enyakin=- puan=0 sebep=ESLESME_YOK
[2026-09-13 13:35:04] Haliko | nereye gitcez | enyakin=- puan=0 sebep=ESLESME_YOK
[2026-09-13 13:37:13] Haliko | demir farmı yapak mı | enyakin=en-iyi-farm puan=1 sebep=SINYAL_ZAYIF
[2026-09-13 13:37:30] Haliko | nasıl atılıyo | enyakin=- puan=0 sebep=ESLESME_YOK
[2026-09-13 13:44:06] ahmetinyo544 | bosluk nereye gittin | enyakin=- puan=0 sebep=ESLESME_YOK
[2026-09-13 13:45:44] cayanacar | neden vurdun ki be n anlamadım | enyakin=- puan=0 sebep=ESLESME_YOK
[2026-09-13 13:45:56] maceswap | diriltici koydun ? | enyakin=- puan=0 sebep=ESLESME_YOK
[2026-09-13 13:48:45] Ahmetov2 | dünyaya nası gitecez | enyakin=- puan=0 sebep=ESLESME_YOK
[2026-09-13 13:50:29] leleoluk | o nasıl olcak | enyakin=- puan=0 sebep=ESLESME_YOK
[2026-09-13 13:53:32] kyrosrfl | niye öldürdün | enyakin=- puan=0 sebep=ESLESME_YOK
[2026-09-13 13:53:33] apathyharbi | paranı istior? | enyakin=para-kazanma puan=1 sebep=SINYAL_ZAYIF
[2026-09-13 13:54:06] kyrosrfl | apay kanka nası atıyoz para | enyakin=para-kazanma puan=1 sebep=SINYAL_ZAYIF
[2026-09-13 13:55:55] kyrosrfl | 40k ödüllü minigame kim katılmak ister not: parası olan gelsin | enyakin=para-kazanma puan=1 sebep=SINYAL_ZAYIF
[2026-09-13 13:59:18] MiniPencil39449 | ha pvp atmicazmı? | enyakin=savas-etiketi puan=1 sebep=SINYAL_ZAYIF
[2026-09-13 14:00:00] straykidd | pes etme var mı | enyakin=- puan=0 sebep=ESLESME_YOK
[2026-09-13 14:00:12] straykidd | pes etme var mı | enyakin=- puan=0 sebep=ESLESME_YOK
[2026-09-13 14:00:23] straykidd | pes etme var mi | enyakin=- puan=0 sebep=ESLESME_YOK
[2026-09-13 14:02:02] straykidd | kazandım mı | enyakin=- puan=0 sebep=ESLESME_YOK
[2026-09-13 14:02:53] straykidd | kyrosfl team olak mı | enyakin=takim puan=1 sebep=SINYAL_ZAYIF
[2026-09-13 14:03:00] MiniPencil39449 | ya pvp atmicaz mı | enyakin=savas-etiketi puan=1 sebep=SINYAL_ZAYIF
[2026-09-13 14:03:17] MiniPencil39449 | pvp atmicaz mı apathyharb | enyakin=savas-etiketi puan=1 sebep=SINYAL_ZAYIF
[2026-09-13 14:12:09] JustDoDucky | ai kasaları nasıl aççaz | enyakin=kasa puan=1 sebep=SINYAL_ZAYIF
[2026-09-13 14:12:10] leleoluk1 | sende b12 mi var ag | enyakin=- puan=0 sebep=ESLESME_YOK
[2026-09-13 14:13:48] JustDoDucky | warpdan kasayı nasıl aççaz | enyakin=spawn-warp puan=1 sebep=SINYAL_ZAYIF
[2026-09-13 14:13:54] adala7 | nasıl becerdin | enyakin=- puan=0 sebep=ESLESME_YOK
[2026-09-13 14:14:40] maceswap | elimde totem varken öldüm ? | enyakin=- puan=0 sebep=ESLESME_YOK
[2026-09-13 14:18:40] xLaku | trabine mi güveniyon düz kılıç | enyakin=- puan=0 sebep=ESLESME_YOK
[2026-09-13 14:18:54] kyrosrfl | niye kestin la apathyharbi | enyakin=- puan=0 sebep=ESLESME_YOK
[2026-09-13 14:20:22] kyrosrfl | basesini mi patlattın apathy | enyakin=- puan=0 sebep=ESLESME_YOK
[2026-09-13 14:21:08] leleoluk1 | mute nasıl yiyom | enyakin=- puan=0 sebep=ESLESME_YOK
[2026-09-13 14:24:21] xLaku | bu kılıç niye bu kadar az hasar verio | enyakin=- puan=0 sebep=ESLESME_YOK
[2026-09-13 14:24:52] leleoluk1 | over ticket nerden acılır | enyakin=- puan=0 sebep=ESLESME_YOK
[2026-09-13 14:25:16] leleoluk1 | ok ne zaman ilgilenir | enyakin=- puan=0 sebep=ESLESME_YOK
[2026-09-13 14:32:10] kyrosrfl | niye leleoluk | enyakin=- puan=0 sebep=ESLESME_YOK
[2026-09-13 14:33:15] Serkan_3793 | over bni niye kesdin | enyakin=- puan=0 sebep=ESLESME_YOK
[2026-09-13 14:33:48] topalcoo | arkadaslar neden pıston yapamıyorum | enyakin=- puan=0 sebep=ESLESME_YOK
[2026-09-13 14:34:54] topalcoo | neden pıston yapamıyorum arkadaslar | enyakin=- puan=0 sebep=ESLESME_YOK
[2026-09-13 14:35:27] Ahmetov2 | hi̇ç ende gi̇tti̇ni̇z mi̇ | enyakin=- puan=0 sebep=ESLESME_YOK
[2026-09-13 14:36:28] DressStone48447 | nether niye çok kasıyo | enyakin=nether-gitme puan=1 sebep=SINYAL_ZAYIF
[2026-09-13 14:36:34] Serkan_3793 | ok geliom wma bni niye kesion | enyakin=- puan=0 sebep=ESLESME_YOK
[2026-09-13 14:43:36] ShadowNova9643 | eşya verebilen biri var mı | enyakin=- puan=0 sebep=ESLESME_YOK
[2026-09-13 14:46:20] DressStone48447 | netherite buldum kazamıyorum neden | enyakin=nether-gitme puan=1 sebep=SINYAL_ZAYIF
[2026-09-13 14:48:53] OverLord | bunlar nerde | enyakin=- puan=0 sebep=ESLESME_YOK
[2026-09-13 14:56:41] apathyharbi | ./adaetkinlik yazarsanız adanın hangi konumda kaç dk kaldıgını görebilirsiniz | enyakin=yaris puan=1 sebep=SINYAL_ZAYIF
[2026-09-13 14:58:29] JustDoDucky | ec neden bu kadar küçk | enyakin=ender-sandik puan=1 sebep=SINYAL_ZAYIF
[2026-09-13 15:00:38] OverLord | ne kadar kesmeye calıssanızda neyse | enyakin=- puan=0 sebep=ESLESME_YOK
[2026-09-13 15:10:56] Arasayan | kurt 2v2? | enyakin=- puan=0 sebep=ESLESME_YOK
[2026-09-13 15:11:26] ShadowNova9643 | eşya verebilirmisiniz? | enyakin=- puan=0 sebep=ESLESME_YOK
[2026-09-13 15:13:39] LynoxComb | admin var mı | enyakin=- puan=0 sebep=ESLESME_YOK
[2026-09-13 15:14:07] LynoxComb | chati nasıl kapatabilirz | enyakin=- puan=0 sebep=ESLESME_YOK
[2026-09-13 15:16:15] OverLord | kyururu git artık kac kez oldun | enyakin=- puan=0 sebep=ESLESME_YOK
[2026-09-13 15:18:36] JustDoDucky | niye öldürüyon | enyakin=- puan=0 sebep=ESLESME_YOK
[2026-09-13 15:18:55] JustDoDucky | nejdet niye öldürüyonzuz | enyakin=- puan=0 sebep=ESLESME_YOK
[2026-09-13 15:21:43] LynoxComb | PVP'yi nasıl atıyoruz? | enyakin=savas-etiketi puan=1 sebep=SINYAL_ZAYIF
[2026-09-13 15:22:05] LynoxComb | pvp saldırıp var mi | enyakin=savas-etiketi puan=1 sebep=SINYAL_ZAYIF
[2026-09-13 15:23:26] SmellOfGoal | netherite sattım ah da alan olur muu | enyakin=acik-artirma puan=1 sebep=SINYAL_ZAYIF
[2026-09-13 15:25:40] adala7 | Yardım edeyim mi | enyakin=- puan=0 sebep=ESLESME_YOK
[2026-09-13 15:26:11] Barlas93 | nasıl oldu la o | enyakin=- puan=0 sebep=ESLESME_YOK
[2026-09-13 15:26:50] lonewolf | kim geldı o zmn | enyakin=- puan=0 sebep=ESLESME_YOK
[2026-09-13 15:27:14] lonewolf | o nerden buldu | enyakin=- puan=0 sebep=ESLESME_YOK
[2026-09-13 15:27:49] OverLord | bu pvple nasıl top 1 sin anlamıyorum | enyakin=- puan=0 sebep=ESLESME_YOK
[2026-09-13 15:28:08] LynoxComb | Would you like to move to the hive? | enyakin=- puan=0 sebep=ESLESME_YOK
[2026-09-13 15:28:18] cayanacar | ne bakım off mu deyim | enyakin=- puan=0 sebep=ESLESME_YOK
[2026-09-13 15:31:15] LynoxComb | Anyone want to play a vs match? | enyakin=- puan=0 sebep=ESLESME_YOK
[2026-09-13 15:40:12] Nejdet8858 | niyeeeee | enyakin=- puan=0 sebep=ESLESME_YOK
[2026-09-13 15:41:06] omercelebican | kim dedi lan onu | enyakin=- puan=0 sebep=ESLESME_YOK
[2026-09-13 15:42:19] Nejdet8858 | net yükseltme var mı maceswap | enyakin=- puan=0 sebep=ESLESME_YOK
[2026-09-13 15:43:22] Nejdet8858 | tp atayım mı maceswap veya sen at | enyakin=isinlanma-istegi puan=1 sebep=SINYAL_ZAYIF
[2026-09-13 15:43:31] lonewolf | evını ınsaa edıyorum neden oldurdun | enyakin=- puan=0 sebep=ESLESME_YOK
[2026-09-13 15:44:27] xLaku | oyuna nası başlıycam ilk defa smp oynuyom apathyharbi | enyakin=- puan=0 sebep=ESLESME_YOK
[2026-09-13 15:45:15] Nejdet8858 | niye iptal ettin | enyakin=- puan=0 sebep=ESLESME_YOK
[2026-09-13 15:46:13] dijitaltotofan | netherit yükseltme şablonu satan yok mu | enyakin=nether-gitme puan=1 sebep=SINYAL_ZAYIF
[2026-09-13 16:06:40] lonewolf | nereye gittin | enyakin=- puan=0 sebep=ESLESME_YOK
[2026-09-13 16:18:22] Nejdet8858 | sen nası boşluğu baya kesiyon karşm | enyakin=- puan=0 sebep=ESLESME_YOK
[2026-09-13 16:22:09] Kyururuu | kk takıma gelecen mi lonewolf | enyakin=takim puan=1 sebep=SINYAL_ZAYIF
[2026-09-13 16:23:47] Kyururuu | kk takım gelicen mi | enyakin=takim puan=1 sebep=SINYAL_ZAYIF
[2026-09-13 16:32:48] Swight | abi itemlerin nerde | enyakin=- puan=0 sebep=ESLESME_YOK
[2026-09-13 16:33:37] lonewolf | 1m ye nether full zırh satılırr??!!!!! | enyakin=nether-gitme puan=1 sebep=SINYAL_ZAYIF
[2026-09-13 16:37:07] maceswap | örümcek sp var ilgilenirmisin ? | enyakin=- puan=0 sebep=ESLESME_YOK
[2026-09-13 16:39:22] Burakodus | kasabaya katılcan mı | enyakin=kasa puan=1 sebep=SINYAL_ZAYIF
[2026-09-13 16:40:37] KURT0619 | kasılak mı | enyakin=- puan=0 sebep=ESLESME_YOK
[2026-09-13 16:41:19] Nejdet8858 | bu adam niye yukarı çıktı | enyakin=- puan=0 sebep=ESLESME_YOK
[2026-09-13 16:45:47] MehmetMC3667 | nasıl yok | enyakin=- puan=0 sebep=ESLESME_YOK
[2026-09-13 16:46:35] MehmetMC3667 | mg nedir | enyakin=- puan=0 sebep=ESLESME_YOK
[2026-09-13 16:49:35] Nejdet8858 | çok üzüldüm yaaaa ciddi mi | enyakin=- puan=0 sebep=ESLESME_YOK
[2026-09-13 16:55:01] OverLord | geriye 95 k kaldı kime atayım | enyakin=- puan=0 sebep=ESLESME_YOK
[2026-09-13 16:55:05] Swight | boslukla mı | enyakin=- puan=0 sebep=ESLESME_YOK
[2026-09-13 16:56:07] Arasayan | akşam kaçta? | enyakin=- puan=0 sebep=ESLESME_YOK
[2026-09-13 16:57:14] OverLord | kime geldi | enyakin=- puan=0 sebep=ESLESME_YOK
[2026-09-13 16:57:30] apathyharbi | ely kapan kim | enyakin=- puan=0 sebep=ESLESME_YOK
[2026-09-13 17:03:00] bosluk1 | o kadar cevher nerden buluon | enyakin=- puan=0 sebep=ESLESME_YOK
[2026-09-13 17:09:19] DryestCase4849 | oyun modlarina nasi gırcez arklar | enyakin=- puan=0 sebep=ESLESME_YOK
[2026-09-13 17:10:31] omercelebican | sen niye benden kaçmıyon | enyakin=- puan=0 sebep=ESLESME_YOK
[2026-09-13 17:17:40] DryestCase4849 | nasi girerim | enyakin=- puan=0 sebep=ESLESME_YOK
[2026-09-13 17:18:38] DryestCase4849 | pvp nasi gircem | enyakin=savas-etiketi puan=1 sebep=SINYAL_ZAYIF
[2026-09-13 17:19:01] BatuStyle | admin ben normlade mobileden oynuyodum pc den girdim eski hesabı nasıl alcam | enyakin=- puan=0 sebep=ESLESME_YOK
[2026-09-13 17:19:20] DryestCase4849 | pvp oyun moduna nasi grerim | enyakin=savas-etiketi puan=1 sebep=SINYAL_ZAYIF
[2026-09-13 17:22:25] DryestCase4849 | esya falan nasi alcaz kılıç kask vb | enyakin=- puan=0 sebep=ESLESME_YOK
[2026-09-13 17:23:38] DryestCase4849 | pvp için eşya nası alcaz kılıç vb | enyakin=savas-etiketi puan=1 sebep=SINYAL_ZAYIF
[2026-09-13 17:34:01] FactionOx | nasıl yok | enyakin=- puan=0 sebep=ESLESME_YOK
[2026-09-13 17:34:15] FactionOx | peki arazimi nasıl alıcam ? | enyakin=- puan=0 sebep=ESLESME_YOK
[2026-09-13 17:39:36] mertrrw | kime tp atim | enyakin=isinlanma-istegi puan=1 sebep=SINYAL_ZAYIF
[2026-09-13 17:42:52] RussHald | kanka benim girdiğimi nerden gördün | enyakin=- puan=0 sebep=ESLESME_YOK
[2026-09-13 17:43:07] RussHald | birde chat neden akmıyor herkes bot heralde | enyakin=- puan=0 sebep=ESLESME_YOK
[2026-09-13 17:44:21] Nejdet8858 | babama niye küfür yedim ben | enyakin=- puan=0 sebep=ESLESME_YOK
[2026-09-13 17:45:22] dijitaltotofan | yükseltme satıyon mu | enyakin=- puan=0 sebep=ESLESME_YOK
[2026-09-13 17:55:55] iamkyy | para atıcak? | enyakin=para-kazanma puan=1 sebep=SINYAL_ZAYIF
[2026-09-13 17:56:25] cikcikholmes | kasaları nerden açarım | enyakin=kasa puan=1 sebep=SINYAL_ZAYIF
[2026-09-13 17:57:15] Oguzz | adamın 9 milyonu nere gitti kim soydu adamı adwhawdhad | enyakin=- puan=0 sebep=ESLESME_YOK
[2026-09-13 18:02:47] iamkyy | sorun olmasa uyarmazdın? | enyakin=- puan=0 sebep=ESLESME_YOK
[2026-09-13 18:06:36] Nejdet8858 | [event cancelled]alışveriş? | enyakin=- puan=0 sebep=ESLESME_YOK
[2026-09-13 18:22:55] xLaku | ne kadar istiyo | enyakin=- puan=0 sebep=ESLESME_YOK
[2026-09-13 18:22:56] xLaku | ne kadar istiyo | enyakin=- puan=0 sebep=ESLESME_YOK
[2026-09-13 18:23:09] xLaku | ne kadar istiyo | enyakin=- puan=0 sebep=ESLESME_YOK
[2026-09-13 18:26:13] OverLord | nasıl olsa | enyakin=- puan=0 sebep=ESLESME_YOK
[2026-09-13 18:26:22] OverLord | nasıl olsa chate yazmadı | enyakin=- puan=0 sebep=ESLESME_YOK
[2026-09-13 18:27:30] maceswap | laf attığın adam da aynısını yaparsa ? | enyakin=- puan=0 sebep=ESLESME_YOK
[2026-09-13 18:30:42] erdem | abi kabul etmek istiyom ama nasıl yazcam | enyakin=- puan=0 sebep=ESLESME_YOK
[2026-09-13 18:35:17] AyiBogan064 | sıkıntı mı var | enyakin=- puan=0 sebep=ESLESME_YOK
[2026-09-13 18:35:39] BENSEN123 | e niye tp attın | enyakin=isinlanma-istegi puan=1 sebep=SINYAL_ZAYIF
[2026-09-13 18:37:56] cikcikholmes | nası olabilir | enyakin=- puan=0 sebep=ESLESME_YOK
[2026-09-13 18:43:37] bosluk1 | cikcike kac verirsiniz kesersem | enyakin=- puan=0 sebep=ESLESME_YOK
[2026-09-13 18:47:07] cayanacar | caycan kim | enyakin=- puan=0 sebep=ESLESME_YOK
[2026-09-13 18:50:23] omercelebican | niye noldu | enyakin=- puan=0 sebep=ESLESME_YOK
[2026-09-13 18:52:41] Famiros | nası oluyo sen at | enyakin=- puan=0 sebep=ESLESME_YOK
[2026-09-13 19:02:16] BENSEN123 | gormez mi sen galiba freecam ne bilmiyon | enyakin=- puan=0 sebep=ESLESME_YOK
[2026-09-13 19:03:08] M_SPOWER2204 | admin yasak demediyse yasak diyene kadar kullanin | enyakin=- puan=0 sebep=ESLESME_YOK
[2026-09-13 19:04:36] Famiros | niyyyeeeeeeeeeeee | enyakin=- puan=0 sebep=ESLESME_YOK
[2026-09-13 19:06:08] M_SPOWER2204 | mace o adami savundugumu kim söyledi? | enyakin=- puan=0 sebep=ESLESME_YOK
[2026-09-13 19:07:49] maceswap | M_SPOWER2204 sorun mu var | enyakin=- puan=0 sebep=ESLESME_YOK
[2026-09-13 19:09:26] OnlyVan | ardacursed mi | enyakin=- puan=0 sebep=ESLESME_YOK
[2026-09-13 19:09:40] maceswap | M_SPOWER2204 muteleme sebebim neydi | enyakin=- puan=0 sebep=ESLESME_YOK
[2026-09-13 19:10:32] BENSEN123 | freecam yasak mı | enyakin=kurallar puan=2 sebep=SINYAL_ZAYIF
[2026-09-13 19:11:01] Famiros | hangi ayı beni öldürdü | enyakin=- puan=0 sebep=ESLESME_YOK
[2026-09-13 19:12:57] Famiros | [event cancelled]sunucunun admini bi yanıma gelebilirmi bide nası özel yazılıyo | enyakin=- puan=0 sebep=ESLESME_YOK
[2026-09-13 19:14:24] bosluk1 | ne kadar lazım | enyakin=- puan=0 sebep=ESLESME_YOK
[2026-09-13 19:14:39] maceswap | kaç st var | enyakin=- puan=0 sebep=ESLESME_YOK
[2026-09-13 19:16:31] Anume4613 | yeni base mi yapsak | enyakin=- puan=0 sebep=ESLESME_YOK
[2026-09-13 19:17:16] Famiros | nasi geli̇ni̇yo sunucunun sahi̇bi̇ beni̇ işionlasin | enyakin=- puan=0 sebep=ESLESME_YOK
[2026-09-13 19:23:35] maceswap | M_SPOWER2204 yasak dedim ya ? | enyakin=- puan=0 sebep=ESLESME_YOK
[2026-09-13 19:24:37] Anume4613 | lunar mi yukliyim | enyakin=- puan=0 sebep=ESLESME_YOK
[2026-09-13 19:29:03] omercelebican | base mi gelsene boşluk | enyakin=- puan=0 sebep=ESLESME_YOK
[2026-09-13 19:34:00] sevo_16 | ev yapalım mı? | enyakin=- puan=0 sebep=ESLESME_YOK
[2026-09-13 19:39:29] lonewolf | niye hava atıyor ki bu şimdi | enyakin=- puan=0 sebep=ESLESME_YOK
[2026-09-13 19:40:44] Anume4613 | sunucunun java ipisi ne kim soylicek | enyakin=- puan=0 sebep=ESLESME_YOK
[2026-09-13 19:41:00] mertrrw | amatise nerden gircem | enyakin=- puan=0 sebep=ESLESME_YOK
[2026-09-13 19:46:12] KURT0619 | lan yaş kaç diom | enyakin=- puan=0 sebep=ESLESME_YOK
[2026-09-13 19:47:03] KURT0619 | mcoynamayı nerden bilion | enyakin=- puan=0 sebep=ESLESME_YOK
[2026-09-13 19:49:46] apathyharbi | kim dostum kanıt varmı | enyakin=- puan=0 sebep=ESLESME_YOK
[2026-09-13 19:50:20] M_SPOWER2204 | gördün mü | enyakin=- puan=0 sebep=ESLESME_YOK
[2026-09-13 19:50:31] M_SPOWER2204 | yaw nasi gozukmuo | enyakin=- puan=0 sebep=ESLESME_YOK
[2026-09-13 19:51:33] dijitaltotofan | rehber ah a nası eşya koyuyoduk unuttum | enyakin=acik-artirma puan=1 sebep=SINYAL_ZAYIF
[2026-09-13 19:56:46] ghostmean | kk bana zirh vercekti̇n?? | enyakin=- puan=0 sebep=ESLESME_YOK
[2026-09-13 20:05:01] apathyharbi | parantez seklinde kullandınmı? | enyakin=para-kazanma puan=1 sebep=SINYAL_ZAYIF
[2026-09-13 20:05:45] Barlas93 | apaytharbi verimlilik 5? lazım | enyakin=- puan=0 sebep=ESLESME_YOK
[2026-09-13 20:12:43] Aganinyo45 | nasıl Oguzz abi | enyakin=- puan=0 sebep=ESLESME_YOK
[2026-09-13 20:15:49] YTSROX | rehber nasıl beraber oyniyacaz | enyakin=- puan=0 sebep=ESLESME_YOK
[2026-09-13 20:16:18] Swight | pelerini nası aldın | enyakin=- puan=0 sebep=ESLESME_YOK
[2026-09-13 20:17:26] Aganinyo45 | neden OverLord abi | enyakin=- puan=0 sebep=ESLESME_YOK
[2026-09-13 20:19:26] OverLord | olm kim admins 31 para yolluyo | enyakin=para-kazanma puan=1 sebep=SINYAL_ZAYIF
[2026-09-13 20:20:59] AyiBogan064 | noldu sen niye tpa at dekdn | enyakin=isinlanma-istegi puan=1 sebep=SINYAL_ZAYIF
[2026-09-13 20:21:03] adala7 | bazı odunları sen mi teslim ettin | enyakin=site-paket puan=1 sebep=SINYAL_ZAYIF
[2026-09-13 20:21:11] mertrrw | büyü kitabı nasıl alıyoz | enyakin=buyu-masasi puan=1 sebep=SINYAL_ZAYIF
[2026-09-13 20:22:14] adala7 | ne oldu? | enyakin=- puan=0 sebep=ESLESME_YOK
[2026-09-13 20:23:24] adala7 | duruyor mu | enyakin=- puan=0 sebep=ESLESME_YOK
[2026-09-13 20:24:02] adala7 | başka oyuncular mı buldu yoksa sana tpa mı attı | enyakin=isinlanma-istegi puan=1 sebep=SINYAL_ZAYIF
[2026-09-13 20:24:28] ReflexBey | bu ghost şimdi nasıl bincem | enyakin=- puan=0 sebep=ESLESME_YOK
[2026-09-13 20:24:47] AyiBogan064 | sen gördün mu | enyakin=- puan=0 sebep=ESLESME_YOK
[2026-09-13 20:25:31] adala7 | yağmala yan oyuncu nerde | enyakin=- puan=0 sebep=ESLESME_YOK
[2026-09-13 20:26:13] Skyler | kaç vuruo sole | enyakin=- puan=0 sebep=ESLESME_YOK
[2026-09-13 20:26:32] Changed_one | takımdan birini nasıl cıakrtıyoruz telefondayım sag tık olmuyo | enyakin=takim puan=1 sebep=SINYAL_ZAYIF
[2026-09-13 20:28:05] BatuStyle | niye stim | enyakin=- puan=0 sebep=ESLESME_YOK
[2026-09-13 20:29:27] YTSROX | nasıl yapacaz | enyakin=- puan=0 sebep=ESLESME_YOK
[2026-09-13 20:30:20] YTSROX | nasıl yapacaz laaa | enyakin=- puan=0 sebep=ESLESME_YOK
[2026-09-13 20:30:55] YusufStyle | rehber neden haraket edemiyorum | enyakin=- puan=0 sebep=ESLESME_YOK
[2026-09-13 20:32:49] xLaku | sahit bey neden afksınız | enyakin=- puan=0 sebep=ESLESME_YOK
[2026-09-13 20:38:52] Swight | bende büyüsüz net set artı 100k ok mi | enyakin=buyu-masasi puan=1 sebep=SINYAL_ZAYIF
[2026-09-13 20:40:31] mertrrw | 1k parayla nasıl netırat se çektin la batu | enyakin=para-kazanma puan=1 sebep=SINYAL_ZAYIF
[2026-09-13 20:42:15] Swight | tm mi batustyle | enyakin=- puan=0 sebep=ESLESME_YOK
[2026-09-13 20:43:55] Swight | batu ??????? | enyakin=- puan=0 sebep=ESLESME_YOK
[2026-09-13 20:44:46] YTSROX | bana nasıl girecemizi ogretin oyniyak pls | enyakin=- puan=0 sebep=ESLESME_YOK
[2026-09-13 20:46:04] YTSROX | rehber kanka ben nasıl arkadaşlaela oynicam | enyakin=- puan=0 sebep=ESLESME_YOK
[2026-09-13 20:50:19] egemen1559 | net kııç nasıl yapcam | enyakin=- puan=0 sebep=ESLESME_YOK
[2026-09-13 20:54:39] YTSROX | nereye gitn kankaa | enyakin=- puan=0 sebep=ESLESME_YOK
[2026-09-13 20:56:46] sevo_16 | ne oldu ki? | enyakin=- puan=0 sebep=ESLESME_YOK
[2026-09-13 21:00:04] yekoo | niye herkes tpa atıyo | enyakin=isinlanma-istegi puan=1 sebep=SINYAL_ZAYIF
[2026-09-13 21:00:48] RaconEmir | hacı yumurtayı nerden buldun | enyakin=- puan=0 sebep=ESLESME_YOK
[2026-09-13 21:03:13] Swight | bende var mı | enyakin=- puan=0 sebep=ESLESME_YOK
[2026-09-13 21:06:58] powerplayer3315 | nasıl kasılcaz peki | enyakin=- puan=0 sebep=ESLESME_YOK
[2026-09-13 21:10:11] sevo_16 | ya biri bsna takım daveti at mıştı savaştaydım da kabul edemedim bidaha atabilir mi? | enyakin=takim puan=1 sebep=SINYAL_ZAYIF
[2026-09-13 21:12:00] sevo_16 | neden ben? | enyakin=- puan=0 sebep=ESLESME_YOK
[2026-09-13 21:12:05] sevo_16 | takım için? | enyakin=takim puan=1 sebep=SINYAL_ZAYIF
[2026-09-13 21:12:50] powerplayer3315 | h vent kasası nerde | enyakin=kasa puan=1 sebep=SINYAL_ZAYIF
[2026-09-13 21:12:58] mert123 | sen niye hasar yemiyorsun bu hile değil mi aq | enyakin=sikayet puan=1 sebep=SINYAL_ZAYIF
[2026-09-13 21:13:10] OnlyVan | hasar mı yemem gerekiyor :D | enyakin=- puan=0 sebep=ESLESME_YOK
[2026-09-13 21:13:39] sevo_16 | takım olduum kişi msg den yazabilir mi hiç bakmadım çünkü | enyakin=takim puan=1 sebep=SINYAL_ZAYIF
[2026-09-13 21:14:27] Orkinos_babaaaa | yöneticiler adamlara tp atar milletle pvp atar hu nasıl yönetici | enyakin=savas-etiketi puan=1 sebep=SINYAL_ZAYIF
[2026-09-13 21:15:54] Dark | apaty nasıl katılcaz çekilişe | enyakin=- puan=0 sebep=ESLESME_YOK
[2026-09-13 21:19:06] Ordek_kral17 | kim oynuyo | enyakin=- puan=0 sebep=ESLESME_YOK
[2026-09-13 21:20:29] sevo_16 | çete ne yazdı ki? | enyakin=- puan=0 sebep=ESLESME_YOK
[2026-09-13 21:24:42] SmellOfGoal | elmas alcan mı | enyakin=- puan=0 sebep=ESLESME_YOK
[2026-09-13 21:34:27] SmellOfGoal | kötü kehanet 4 istiyon mu overlord | enyakin=- puan=0 sebep=ESLESME_YOK
[2026-09-13 21:36:27] yetmparcalayan | chat dunyaya nasil geliyim | enyakin=- puan=0 sebep=ESLESME_YOK
[2026-09-13 21:36:50] yekoo | srox yaş kaç | enyakin=- puan=0 sebep=ESLESME_YOK
[2026-09-13 21:37:29] Jeqqer | insanlar benım yerimi patlatabiliyor doğru mu anladım | enyakin=- puan=0 sebep=ESLESME_YOK
[2026-09-13 21:37:51] Jeqqer | insanlar benım yerimi patlatabiliyor doğru mu anladım?? | enyakin=- puan=0 sebep=ESLESME_YOK
[2026-09-13 21:42:15] Aganinyo45 | nasıllllllll | enyakin=- puan=0 sebep=ESLESME_YOK
[2026-09-13 21:43:39] yetmparcalayan | abi kim yardim ede bilir ama guvene bileyim tpa aticam cunki | enyakin=isinlanma-istegi puan=1 sebep=SINYAL_ZAYIF
[2026-09-13 21:44:22] OverLord | aganinyo neden ?? | enyakin=- puan=0 sebep=ESLESME_YOK
[2026-09-13 21:45:33] mertrrw | hangi ada | enyakin=gokyuzu-etkinlik puan=1 sebep=SINYAL_ZAYIF
[2026-09-13 21:53:45] YTSROX | ne zaman yanına gelim | enyakin=isinlanma-istegi puan=2 sebep=SINYAL_ZAYIF
[2026-09-13 21:55:16] YTSROX | yeko kankam ne zaman yanına gelim | enyakin=isinlanma-istegi puan=2 sebep=SINYAL_ZAYIF
[2026-09-13 22:01:34] Swight | kaç istersen | enyakin=- puan=0 sebep=ESLESME_YOK
[2026-09-13 22:01:48] Swight | kaç tane var 4 tane lazımw | enyakin=- puan=0 sebep=ESLESME_YOK
[2026-09-13 22:02:12] Swight | macewap abi kaç tane var | enyakin=- puan=0 sebep=ESLESME_YOK
[2026-09-13 22:02:19] mertrrw | kaç istiyon | enyakin=- puan=0 sebep=ESLESME_YOK
[2026-09-13 22:02:23] maceswap | kaç tane lazım | enyakin=- puan=0 sebep=ESLESME_YOK
[2026-09-13 22:03:52] Swight | macewap abi kaç tane var | enyakin=- puan=0 sebep=ESLESME_YOK
[2026-09-13 22:11:56] Aganinyo45 | nasıl vercez | enyakin=- puan=0 sebep=ESLESME_YOK
[2026-09-13 22:12:00] Aganinyo45 | nasıl vercez | enyakin=- puan=0 sebep=ESLESME_YOK
[2026-09-13 22:12:23] Aganinyo45 | kaç istion okadar veremem | enyakin=- puan=0 sebep=ESLESME_YOK
[2026-09-13 22:14:01] ReflexBey | bilmem anlatabildik mi birilerine :d | enyakin=- puan=0 sebep=ESLESME_YOK
[2026-09-13 22:17:35] Swight | abi ben büyüyü yanlış şeye bastım nası alcam büyüyü | enyakin=buyu-masasi puan=1 sebep=SINYAL_ZAYIF
[2026-09-13 22:18:28] ReflexBey | ne kadar güzel olmus :d | enyakin=- puan=0 sebep=ESLESME_YOK
[2026-09-13 22:18:52] Swight | macewap abi nası büyüyü alcam gerii | enyakin=buyu-masasi puan=1 sebep=SINYAL_ZAYIF
[2026-09-13 22:19:55] Swight | macewap aloo yanlış şeye bastım nası büyüyü alcam | enyakin=buyu-masasi puan=1 sebep=SINYAL_ZAYIF
[2026-09-13 22:20:00] mertrrw | rehber bey v yi kazandınız diyelei itemleri geri atıyonuz mu | enyakin=- puan=0 sebep=ESLESME_YOK
[2026-09-13 22:21:06] Swight | macewap abi??? | enyakin=- puan=0 sebep=ESLESME_YOK
[2026-09-13 22:23:55] ugur | ne oldu? | enyakin=- puan=0 sebep=ESLESME_YOK
[2026-09-13 22:27:26] ReflexBey | elinde mi degildi | enyakin=- puan=0 sebep=ESLESME_YOK
[2026-09-13 22:51:50] Aganinyo45 | ya apathyharbi oylesinee yaptımda sen telefonu acarken kotu bşi dion ozmn bu nası mantık | enyakin=- puan=0 sebep=ESLESME_YOK
[2026-09-13 22:52:36] RaconEmir | sen babana birsey dedıgnde baban cevap vermeyınce alooo baba kıme dıyorum gtavrındamı konusuyorsun | enyakin=- puan=0 sebep=ESLESME_YOK
[2026-09-13 22:53:07] erdem | nasıl ulaşcam abi | enyakin=- puan=0 sebep=ESLESME_YOK
[2026-09-13 22:59:00] xLaku | kim kulandı, | enyakin=- puan=0 sebep=ESLESME_YOK
[2026-09-13 22:59:02] Aganinyo45 | ne dedim? | enyakin=- puan=0 sebep=ESLESME_YOK
[2026-09-13 23:03:48] RaconEmir | kim kavga edıokı | enyakin=- puan=0 sebep=ESLESME_YOK
[2026-09-13 23:06:42] BerkayTE3134 | beyler bir elmas göğüs lüğe kaç kitap verirsiniz | enyakin=- puan=0 sebep=ESLESME_YOK
[2026-09-13 23:08:39] BerkayTE3134 | beyler bir netherite külçesi ne kaç tane kitap verirsiniz | enyakin=nether-gitme puan=1 sebep=SINYAL_ZAYIF
[2026-09-13 23:08:48] mert123 | beyler bu kitleri nasıl alıyoruz | enyakin=- puan=0 sebep=ESLESME_YOK
[2026-09-13 23:09:26] mert123 | kitleri nasıl alıyorz | enyakin=- puan=0 sebep=ESLESME_YOK
[2026-09-13 23:09:43] mert123 | orda yazmyıyor nasıl alıncağı | enyakin=- puan=0 sebep=ESLESME_YOK
[2026-09-13 23:10:26] mert123 | bu kitleri nasıl alıyoruz | enyakin=- puan=0 sebep=ESLESME_YOK
[2026-09-13 23:19:13] babapro | abi nasıl acam onları nereye teslim etcem öğretir msini | enyakin=site-paket puan=1 sebep=SINYAL_ZAYIF
[2026-09-13 23:19:41] babapro | sana verim mi abi | enyakin=- puan=0 sebep=ESLESME_YOK
[2026-09-13 23:22:07] babapro | ondan olabir mi acaba | enyakin=- puan=0 sebep=ESLESME_YOK
[2026-09-13 23:23:07] babapro | nasıl alcam | enyakin=- puan=0 sebep=ESLESME_YOK
[2026-09-13 23:28:54] bosluk1 | kim aktif | enyakin=- puan=0 sebep=ESLESME_YOK
[2026-09-13 23:35:52] Oguzz | beyler böyle güzel smp sunucusunda oynuyoz bi kurucuya teşekkür ettik mi emekleri için | enyakin=- puan=0 sebep=ESLESME_YOK
[2026-09-13 23:44:16] Kyururuu | netherite yükseltmesi olan var mı? | enyakin=nether-gitme puan=1 sebep=SINYAL_ZAYIF
[2026-09-14 00:02:57] Kyururuu | berkay kitabın var mı normal ? | enyakin=- puan=0 sebep=ESLESME_YOK
[2026-09-14 00:03:30] Kyururuu | kitabı olan var mı? | enyakin=- puan=0 sebep=ESLESME_YOK
[2026-09-14 00:07:02] Kyururuu | kitap var mı normal | enyakin=- puan=0 sebep=ESLESME_YOK
[2026-09-14 00:09:24] LazUsagi61 | besa var gös teriyim mi çal ma eşya | enyakin=- puan=0 sebep=ESLESME_YOK
[2026-09-14 00:28:25] Anume4613 | bende iyiyim elhamdilillah da m_spower basede ölu bulundu bune tum itemleri yerdeydi sunucuya girdigimde nasi öldu bu bilgin varmi | enyakin=- puan=0 sebep=ESLESME_YOK
[2026-09-14 00:30:21] Smyrl | oyunda rank sistemi varmi ? | enyakin=vip-rutbe puan=1 sebep=SINYAL_ZAYIF
[2026-09-14 00:31:01] ZattiriZortZort | oyuna nasıl başlicam | enyakin=- puan=0 sebep=ESLESME_YOK
[2026-09-14 00:31:48] SmellOfGoal | naber bayanlar ve baylar nasılsınız iyimisiniz? | enyakin=- puan=0 sebep=ESLESME_YOK
[2026-09-14 00:33:20] Kyururuu | kitabı olan avr mı? | enyakin=- puan=0 sebep=ESLESME_YOK
[2026-09-14 00:35:34] YesiraWT2_52448 | ahta hiç kazma yok bu nasıl sistem | enyakin=- puan=0 sebep=ESLESME_YOK
[2026-09-14 00:40:38] YesiraWT2_52448 | sp kırar mı | enyakin=- puan=0 sebep=ESLESME_YOK
[2026-09-14 00:42:47] SmellOfGoal | günlük ödül var mı beyler | enyakin=- puan=0 sebep=ESLESME_YOK
[2026-09-14 00:52:39] Aganinyo45 | aaa neden | enyakin=- puan=0 sebep=ESLESME_YOK
[2026-09-14 00:52:44] Aganinyo45 | aa neden | enyakin=- puan=0 sebep=ESLESME_YOK
[2026-09-14 00:52:54] YesiraWT2_52448 | sabah aktiflik kaç sunucu | enyakin=- puan=0 sebep=ESLESME_YOK
[2026-09-14 00:53:35] YesiraWT2_52448 | akşamları 30 buluyor mu | enyakin=- puan=0 sebep=ESLESME_YOK
[2026-09-14 00:55:54] SmellOfGoal | x ray mi var nası görüyon? | enyakin=- puan=0 sebep=ESLESME_YOK
[2026-09-14 00:56:44] Oguzz | senin yaş kaç reis Aganinyo45 | enyakin=- puan=0 sebep=ESLESME_YOK
[2026-09-14 00:58:54] SmellOfGoal | bişey dicem elmas kırınca niye 1 puan geliyo 8 geliyodu | enyakin=seviye puan=1 sebep=SINYAL_ZAYIF
[2026-09-14 01:00:17] Aganinyo45 | ya bu gorevler neden bu kadar mistik olm | enyakin=gunluk-gorev puan=1 sebep=SINYAL_ZAYIF
[2026-09-14 01:02:38] Kyururuu | yıldırım yönlendirmesi neye basılıyor? | enyakin=- puan=0 sebep=ESLESME_YOK
[2026-09-14 01:03:06] Anume4613 | oguz agam fişek mi vardi sende 2 shulker | enyakin=- puan=0 sebep=ESLESME_YOK
[2026-09-14 01:03:59] Anume4613 | niye aga | enyakin=- puan=0 sebep=ESLESME_YOK
[2026-09-14 01:06:46] SmellOfGoal | manifestin hangi üyesisiniz | enyakin=- puan=0 sebep=ESLESME_YOK
[2026-09-14 01:12:18] babapiro01 | ben de geliyim mi | enyakin=- puan=0 sebep=ESLESME_YOK
[2026-09-14 01:16:59] Oguzz | güzel elitra buldun mu tamam | enyakin=- puan=0 sebep=ESLESME_YOK
[2026-09-14 01:19:53] babapiro01 | anatar nasıl alıyoz | enyakin=- puan=0 sebep=ESLESME_YOK
[2026-09-14 01:21:57] babapiro01 | eritrayı nasıl aldın lan | enyakin=- puan=0 sebep=ESLESME_YOK
[2026-09-14 01:22:58] Oguzz | adamı niye hemen ispiyonluyon adwawdhawd | enyakin=- puan=0 sebep=ESLESME_YOK
[2026-09-14 01:23:45] babapiro01 | beyler oyuna hangi yazıyla giriyorduk | enyakin=- puan=0 sebep=ESLESME_YOK
[2026-09-14 01:27:53] M_SPOWER2204 | nasi oldum la | enyakin=- puan=0 sebep=ESLESME_YOK
[2026-09-14 01:28:01] OnlyVan | ./back yazdın mı | enyakin=- puan=0 sebep=ESLESME_YOK
[2026-09-14 01:28:04] Anume4613 | ben sana vurdum ciktim s3md3 mi ciktin | enyakin=- puan=0 sebep=ESLESME_YOK
[2026-09-14 01:42:26] M_SPOWER2204 | nasi gidicen | enyakin=- puan=0 sebep=ESLESME_YOK
[2026-09-14 02:08:06] M_SPOWER2204 | nerde evin | enyakin=- puan=0 sebep=ESLESME_YOK
[2026-09-14 02:17:00] Anume4613 | biz bu evi nasi tasicaz | enyakin=- puan=0 sebep=ESLESME_YOK
[2026-09-14 02:19:16] Anume4613 | crp3r nerde | enyakin=- puan=0 sebep=ESLESME_YOK
[2026-09-14 02:37:59] yusufcap1 | tp atim mi | enyakin=isinlanma-istegi puan=1 sebep=SINYAL_ZAYIF
[2026-09-14 02:42:15] yusufcap1 | olur yaş kaç bu arada | enyakin=- puan=0 sebep=ESLESME_YOK
[2026-09-14 05:04:09] muhamedmikar | ark olakmı? | enyakin=- puan=0 sebep=ESLESME_YOK
[2026-09-14 05:07:18] muhamedmikar | nasıl gitti la | enyakin=- puan=0 sebep=ESLESME_YOK
[2026-09-14 06:30:37] Oguzz | sende mi yoksa gitti mi | enyakin=- puan=0 sebep=ESLESME_YOK
[2026-09-14 06:45:51] muhamedmikar | oguz nasıl öldün aga | enyakin=- puan=0 sebep=ESLESME_YOK
[2026-09-14 07:16:06] adala7 | sabahın erken saatinde niye oynıyorsunuz | enyakin=- puan=0 sebep=ESLESME_YOK
[2026-09-14 07:59:25] KPD | admin burada mı | enyakin=- puan=0 sebep=ESLESME_YOK
[2026-09-14 09:07:24] YUSUFTE | itemleri vercen mi | enyakin=- puan=0 sebep=ESLESME_YOK
[2026-09-14 09:13:28] YUSUFTE | diğer itemler nerde | enyakin=- puan=0 sebep=ESLESME_YOK
[2026-09-14 09:14:07] YUSUFTE | ark olm mı | enyakin=- puan=0 sebep=ESLESME_YOK
[2026-09-14 09:15:54] Bela377 | azcık para verebilicek biri var mı ihtiyacım var | enyakin=para-kazanma puan=1 sebep=SINYAL_ZAYIF
[2026-09-14 09:21:25] Bela377 | knk sen nasıl bu kadar zenginsin | enyakin=para-kazanma puan=1 sebep=SINYAL_ZAYIF
[2026-09-14 09:21:43] muhamedmikar | bela bende sizinle takılayım mı | enyakin=- puan=0 sebep=ESLESME_YOK
[2026-09-14 09:25:02] muhamedmikar | sen o parayı nasıl kastın la | enyakin=para-kazanma puan=1 sebep=SINYAL_ZAYIF
[2026-09-14 09:26:05] Bela377 | ingilizce klavye yada apple dan mı oynuyon | enyakin=- puan=0 sebep=ESLESME_YOK
[2026-09-14 09:29:05] Bela377 | o zaman bende ende gelirim bir sana bir bana buluruz ok mu | enyakin=para-kazanma puan=1 sebep=SINYAL_ZAYIF
[2026-09-14 09:35:57] kamran2 | nereye gittin | enyakin=- puan=0 sebep=ESLESME_YOK
[2026-09-14 09:38:59] kamran2 | neden kesiyon | enyakin=- puan=0 sebep=ESLESME_YOK
[2026-09-14 09:42:42] Bela377 | netherite set?? | enyakin=nether-gitme puan=1 sebep=SINYAL_ZAYIF
[2026-09-14 09:47:56] muhamedmikar | atalım mı rehbetlr | enyakin=- puan=0 sebep=ESLESME_YOK
[2026-09-14 09:53:35] Bela377 | afk yeri nerede | enyakin=kristal puan=1 sebep=SINYAL_ZAYIF
[2026-09-14 10:04:29] MnDark | kim benimle manhunt yapmak ister | enyakin=- puan=0 sebep=ESLESME_YOK
[2026-09-14 10:07:29] MnDark | manhunt yapak mı | enyakin=- puan=0 sebep=ESLESME_YOK
[2026-09-14 10:07:35] muhamedmikar | manhunt? | enyakin=- puan=0 sebep=ESLESME_YOK
[2026-09-14 10:09:19] MnDark | manhunt mı | enyakin=- puan=0 sebep=ESLESME_YOK
[2026-09-14 10:09:31] Serkan_3793 | lan nasıl rehber oldun sen | enyakin=- puan=0 sebep=ESLESME_YOK
[2026-09-14 10:13:21] muhamedmikar | seni öldürmeye mi çalışacam | enyakin=- puan=0 sebep=ESLESME_YOK
[2026-09-14 10:17:12] MnDark | manhunt yapan var mı | enyakin=- puan=0 sebep=ESLESME_YOK
[2026-09-14 10:19:58] MnDark | siz oynuyonuz mu | enyakin=- puan=0 sebep=ESLESME_YOK
[2026-09-14 10:20:12] MnDark | bende geleyim mi | enyakin=- puan=0 sebep=ESLESME_YOK
[2026-09-14 10:22:16] MnDark | başlıyoz mu | enyakin=- puan=0 sebep=ESLESME_YOK
[2026-09-14 10:22:22] MnDark | sadece iki mi 3 mü | enyakin=- puan=0 sebep=ESLESME_YOK
[2026-09-14 10:25:27] MnDark | sen mi kovalıon ben mi | enyakin=- puan=0 sebep=ESLESME_YOK
[2026-09-14 10:26:02] kamran2 | ejderha kesmeye gidekmii? | enyakin=end-gitme puan=1 sebep=SINYAL_ZAYIF
[2026-09-14 10:28:07] kamran2 | kesmiyiceksin haaa ok? | enyakin=- puan=0 sebep=ESLESME_YOK
[2026-09-14 10:30:59] MnDark | manhunt oynayan var mı | enyakin=- puan=0 sebep=ESLESME_YOK
[2026-09-14 10:31:17] muhamedmikar | ne kadar | enyakin=- puan=0 sebep=ESLESME_YOK
[2026-09-14 10:31:20] muhamedmikar | ne kadar | enyakin=- puan=0 sebep=ESLESME_YOK
[2026-09-14 10:32:20] MnDark | vurummu vurmuyum mu | enyakin=- puan=0 sebep=ESLESME_YOK
[2026-09-14 10:36:07] MnDark | beni arıyon mu | enyakin=- puan=0 sebep=ESLESME_YOK
[2026-09-14 10:38:35] kamran2 | pvp nasıl bende | enyakin=savas-etiketi puan=1 sebep=SINYAL_ZAYIF
[2026-09-14 10:42:33] MnDark | ne vs pvp mi | enyakin=savas-etiketi puan=1 sebep=SINYAL_ZAYIF
[2026-09-14 10:44:32] kamran2 | pvpim nasıl | enyakin=- puan=0 sebep=ESLESME_YOK
[2026-09-14 10:47:36] kamran2 | nasıl pvp | enyakin=savas-etiketi puan=1 sebep=SINYAL_ZAYIF
[2026-09-14 10:50:47] MnDark | odun avr mı | enyakin=- puan=0 sebep=ESLESME_YOK
[2026-09-14 10:51:37] Serkan_3793 | kim yener :D 2 mizide boga | enyakin=- puan=0 sebep=ESLESME_YOK
[2026-09-14 10:52:11] MnDark | savasan var mı benle | enyakin=- puan=0 sebep=ESLESME_YOK
[2026-09-14 10:53:42] MnDark | savasıon mu | enyakin=- puan=0 sebep=ESLESME_YOK
[2026-09-14 10:54:05] MnDark | deneme vurusu ok? | enyakin=- puan=0 sebep=ESLESME_YOK
[2026-09-14 10:54:23] MnDark | kaç can gitdo | enyakin=- puan=0 sebep=ESLESME_YOK
[2026-09-14 10:54:33] MnDark | savasak mı | enyakin=- puan=0 sebep=ESLESME_YOK
[2026-09-14 10:57:25] MnDark | yay var mıüü | enyakin=- puan=0 sebep=ESLESME_YOK
[2026-09-14 10:59:24] MnDark | dogru dürüst savasan var mı | enyakin=- puan=0 sebep=ESLESME_YOK
[2026-09-14 11:01:35] MnDark | savasak mı | enyakin=- puan=0 sebep=ESLESME_YOK
[2026-09-14 11:03:34] MnDark | napion aldın mı cezanı | enyakin=ceza-itiraz puan=1 sebep=SINYAL_ZAYIF
[2026-09-14 11:04:03] MnDark | savasak mı | enyakin=- puan=0 sebep=ESLESME_YOK
[2026-09-14 11:08:30] MnDark | basladık mı | enyakin=- puan=0 sebep=ESLESME_YOK
[2026-09-14 11:10:40] MnDark | nasıl ya | enyakin=- puan=0 sebep=ESLESME_YOK
[2026-09-14 11:11:10] MnDark | kalkan nerede | enyakin=- puan=0 sebep=ESLESME_YOK
[2026-09-14 11:14:37] MnDark | zırh var mı | enyakin=- puan=0 sebep=ESLESME_YOK
[2026-09-14 11:16:38] kamran2 | parasını atayım? | enyakin=para-kazanma puan=1 sebep=SINYAL_ZAYIF
[2026-09-14 11:23:17] MnDark | hadi ne zaman baslioz | enyakin=- puan=0 sebep=ESLESME_YOK
[2026-09-14 11:24:06] MnDark | gördün mü | enyakin=- puan=0 sebep=ESLESME_YOK
[2026-09-14 11:28:07] MnDark | esyalarımı aldın mı | enyakin=- puan=0 sebep=ESLESME_YOK
[2026-09-14 11:49:09] Anume4613 | sunucuda 1 kisi var cogul niye konusuyon | enyakin=- puan=0 sebep=ESLESME_YOK
[2026-09-14 11:50:49] Anume4613 | kac yillik oyuncusun iyi bir ozeligin varmi | enyakin=- puan=0 sebep=ESLESME_YOK
[2026-09-14 12:06:47] Cemre642298 | neden cevap vermiyorsun apathyharbi | enyakin=- puan=0 sebep=ESLESME_YOK
[2026-09-14 12:15:42] kamran2 | ejderha keselimi? | enyakin=end-gitme puan=1 sebep=SINYAL_ZAYIF
[2026-09-14 12:16:58] kamran2 | neden sunucu sakit | enyakin=- puan=0 sebep=ESLESME_YOK
[2026-09-14 12:29:00] muhamedmikar | aga benim ende gitmem için niye 10 seviye olmam lazm | enyakin=end-gitme puan=4 sebep=FARK_YETERSIZ
[2026-09-14 12:29:27] muhamedmikar | kk çok zor nasıl kolay | enyakin=- puan=0 sebep=ESLESME_YOK
[2026-09-14 12:32:27] OnlyVan | orman görevini yapmayan var mı | enyakin=orman-gitme puan=1 sebep=SINYAL_ZAYIF
[2026-09-14 12:33:01] MnDark | sen esyalarımı vercen mi | enyakin=- puan=0 sebep=ESLESME_YOK
[2026-09-14 12:33:30] MnDark | koruma kaç zırhsın | enyakin=- puan=0 sebep=ESLESME_YOK
[2026-09-14 12:33:33] muhamedmikar | kömür falan da satayım mı | enyakin=- puan=0 sebep=ESLESME_YOK
[2026-09-14 12:33:41] muhamedmikar | yoksa sadece zümrüt ve Elmas mı | enyakin=- puan=0 sebep=ESLESME_YOK
[2026-09-14 12:35:14] MnDark | kaçtın mı | enyakin=- puan=0 sebep=ESLESME_YOK
[2026-09-14 12:42:02] MnDark | kim özel üretim pirzola ister | enyakin=- puan=0 sebep=ESLESME_YOK
[2026-09-14 12:42:32] MnDark | 1 steck mi olsun | enyakin=- puan=0 sebep=ESLESME_YOK
[2026-09-14 12:44:24] kamran2 | mert ejder keselimi? | enyakin=- puan=0 sebep=ESLESME_YOK
[2026-09-14 12:46:40] MnDark | ücretsiz mi hayır ucuz dicektim | enyakin=- puan=0 sebep=ESLESME_YOK
[2026-09-14 12:58:22] MnDark | kimin menim? | enyakin=- puan=0 sebep=ESLESME_YOK
[2026-09-14 13:10:48] MnDark | beni kestin üstüne bir de para mı istiyon | enyakin=para-kazanma puan=1 sebep=SINYAL_ZAYIF
[2026-09-14 13:16:01] muhamedmikar | Mustafa nerde | enyakin=- puan=0 sebep=ESLESME_YOK
[2026-09-14 13:16:24] Anume4613 | niye soyle iletiyim | enyakin=- puan=0 sebep=ESLESME_YOK
[2026-09-14 13:17:29] muhamedmikar | tp atayım mı sana anume | enyakin=isinlanma-istegi puan=1 sebep=SINYAL_ZAYIF
[2026-09-14 13:19:01] muhamedmikar | anume tp atayım mı | enyakin=isinlanma-istegi puan=1 sebep=SINYAL_ZAYIF
[2026-09-14 13:25:22] Axtmm | burada pv1 gibi depolar varmı ? | enyakin=- puan=0 sebep=ESLESME_YOK
[2026-09-14 13:31:00] Anume4613 | delimiyim niye c3kim | enyakin=- puan=0 sebep=ESLESME_YOK
[2026-09-14 13:35:04] muhamedmikar | atim mi tp | enyakin=isinlanma-istegi puan=1 sebep=SINYAL_ZAYIF
[2026-09-14 13:39:05] muhamedmikar | anume ben atim mi fp | enyakin=- puan=0 sebep=ESLESME_YOK
[2026-09-14 13:44:05] muhamedmikar | takıma almayı bilmiyonmu niye aga | enyakin=takim puan=1 sebep=SINYAL_ZAYIF
[2026-09-14 13:48:16] muhamedmikar | baseyi patlatmaktan mı korkuyon | enyakin=- puan=0 sebep=ESLESME_YOK
[2026-09-14 13:50:03] kamran2 | basen varmı? | enyakin=- puan=0 sebep=ESLESME_YOK
[2026-09-14 13:53:17] Anume4613 | nerden göruyon | enyakin=- puan=0 sebep=ESLESME_YOK
[2026-09-14 14:03:42] kamran2 | nasıl patlatmaq oluyo | enyakin=- puan=0 sebep=ESLESME_YOK
[2026-09-14 14:31:00] MnDark | demir mi | enyakin=- puan=0 sebep=ESLESME_YOK
[2026-09-14 14:31:15] kamran2 | ne kadar | enyakin=- puan=0 sebep=ESLESME_YOK
[2026-09-14 14:33:02] MnDark | demir vercen mu | enyakin=- puan=0 sebep=ESLESME_YOK
[2026-09-14 14:33:34] MnDark | crafting var mı | enyakin=- puan=0 sebep=ESLESME_YOK
[2026-09-14 14:34:15] MnDark | crafting var mı | enyakin=- puan=0 sebep=ESLESME_YOK
[2026-09-14 14:34:26] MnDark | çalışma masası var mı | enyakin=- puan=0 sebep=ESLESME_YOK
[2026-09-14 14:41:38] MnDark | creeper okadar mı güclü | enyakin=- puan=0 sebep=ESLESME_YOK
[2026-09-14 15:10:19] JakeMonkey5749 | hayrına elmas kim ister | enyakin=- puan=0 sebep=ESLESME_YOK
[2026-09-14 15:39:53] iamjuba71 | nasıl end kilitli la | enyakin=end-gitme puan=1 sebep=SINYAL_ZAYIF
[2026-09-14 15:42:19] SungBeatle3744 | ne kadar | enyakin=- puan=0 sebep=ESLESME_YOK
[2026-09-14 15:42:52] Bela377 | onu nasıl becerdin | enyakin=- puan=0 sebep=ESLESME_YOK
[2026-09-14 15:49:47] Bela377 | almican mı kazmayı | enyakin=- puan=0 sebep=ESLESME_YOK
[2026-09-14 15:50:59] Bela377 | eşyan var mı | enyakin=- puan=0 sebep=ESLESME_YOK
[2026-09-14 15:51:07] SungBeatle3744 | nasil para atilio | enyakin=para-kazanma puan=1 sebep=SINYAL_ZAYIF
[2026-09-14 15:59:09] Bela377 | kes kaç ve neyde | enyakin=- puan=0 sebep=ESLESME_YOK
[2026-09-14 15:59:28] KURT0619 | arkın kim | enyakin=- puan=0 sebep=ESLESME_YOK
[2026-09-14 16:01:23] Bela377 | o kim knk | enyakin=- puan=0 sebep=ESLESME_YOK
[2026-09-14 16:02:29] Bela377 | bana demir kılıç niye veriyonuz | enyakin=- puan=0 sebep=ESLESME_YOK
[2026-09-14 16:13:26] KURT0619 | tanesi 500 kaç tane alırsın | enyakin=- puan=0 sebep=ESLESME_YOK
[2026-09-14 16:15:30] adala7 | girem mi diye | enyakin=- puan=0 sebep=ESLESME_YOK
[2026-09-14 16:18:09] adala7 | iyimiş kaç. saat oynarın | enyakin=- puan=0 sebep=ESLESME_YOK
[2026-09-14 16:21:51] xLaku | neden herkes benden kaçıyo ya | enyakin=- puan=0 sebep=ESLESME_YOK
[2026-09-14 16:22:18] AyiBogan064 | adam beni nerden biliyoki | enyakin=- puan=0 sebep=ESLESME_YOK
[2026-09-14 16:24:40] AyiBogan064 | kurt sen o paraylan nasıl netherit set kastın? | enyakin=para-kazanma puan=1 sebep=SINYAL_ZAYIF
[2026-09-14 16:26:49] xLaku | nası trailde barıncan setin yoksa | enyakin=- puan=0 sebep=ESLESME_YOK
[2026-09-14 16:29:38] Thandry | egemen setlerim nerede | enyakin=- puan=0 sebep=ESLESME_YOK
[2026-09-14 16:33:00] zAAtares | nasıl tp atılıyo | enyakin=isinlanma-istegi puan=1 sebep=SINYAL_ZAYIF
[2026-09-14 16:36:08] bozkurt0618 | Kesim I? | enyakin=- puan=0 sebep=ESLESME_YOK
[2026-09-14 16:37:45] OnlyVan | okullar kaçta bitiyor gün içerisinde | enyakin=- puan=0 sebep=ESLESME_YOK
[2026-09-14 16:38:21] KURT0619 | o seti nerden buldun | enyakin=- puan=0 sebep=ESLESME_YOK
[2026-09-14 16:39:07] KURT0619 | am mı ama mı | enyakin=- puan=0 sebep=ESLESME_YOK
[2026-09-14 16:43:22] JakeMonkey5749 | admin yanıma gelebilir.mi | enyakin=- puan=0 sebep=ESLESME_YOK
[2026-09-14 16:45:33] adala7 | ilerde olur mu | enyakin=- puan=0 sebep=ESLESME_YOK
[2026-09-14 16:49:21] Anume4613 | ya elitra niye oto calisiyo zjpliyamiyom | enyakin=- puan=0 sebep=ESLESME_YOK
[2026-09-14 16:50:52] Anume4613 | Ya ec ne zaman geldi onlyvan oncw zaman sıkıntı cektim bilmiyodum | enyakin=ender-sandik puan=1 sebep=SINYAL_ZAYIF
[2026-09-14 16:54:27] Thandry | bana 1 yükseltme verecek olan var mı ona elmasla çoğaltıp 2 yükseltme vereceğim | enyakin=- puan=0 sebep=ESLESME_YOK
[2026-09-14 16:56:49] KURT0619 | niye indirimli | enyakin=- puan=0 sebep=ESLESME_YOK
[2026-09-14 16:57:44] MiniPencil39449 | ramazan elmas vereyim mi | enyakin=- puan=0 sebep=ESLESME_YOK
[2026-09-14 17:01:32] bosluk1 | kac canın gittiğini söyle olurmu | enyakin=- puan=0 sebep=ESLESME_YOK
[2026-09-14 17:02:10] MiniPencil39449 | bosluk senle pvp atak mı | enyakin=savas-etiketi puan=1 sebep=SINYAL_ZAYIF
[2026-09-14 17:03:22] bosluk1 | la nası öldün | enyakin=- puan=0 sebep=ESLESME_YOK
[2026-09-14 17:04:29] Thandry | zümrüt desenli netherite göğüslüğe kaç verirsiniz | enyakin=nether-gitme puan=1 sebep=SINYAL_ZAYIF
[2026-09-14 17:04:29] Ramazan6414 | sunucuda niye böyle lag var | enyakin=- puan=0 sebep=ESLESME_YOK
[2026-09-14 17:04:47] MiniPencil39449 | bosluk senle pvp atak mı | enyakin=savas-etiketi puan=1 sebep=SINYAL_ZAYIF
[2026-09-14 17:06:15] Thandry | paran ne kadar | enyakin=para-kazanma puan=1 sebep=SINYAL_ZAYIF
[2026-09-14 17:07:17] Ramazan6414 | kim alıyor onu | enyakin=- puan=0 sebep=ESLESME_YOK
[2026-09-14 17:07:17] megaboss | yönetici kim | enyakin=- puan=0 sebep=ESLESME_YOK
[2026-09-14 17:10:31] Ramazan6414 | bunları shulkere koyup satsam ne kadar eder | enyakin=- puan=0 sebep=ESLESME_YOK
[2026-09-14 17:11:06] Flushxdns | kasa nerden acılıyo bilginiz varmı | enyakin=kasa puan=1 sebep=SINYAL_ZAYIF
[2026-09-14 17:13:10] AyiBogan064 | ok uzak mi | enyakin=- puan=0 sebep=ESLESME_YOK
[2026-09-14 17:15:07] Ramazan6414 | laa apathyharbi medya mı oldu hayırlı olsun | enyakin=- puan=0 sebep=ESLESME_YOK
[2026-09-14 17:16:53] Ramazan6414 | doruk yeteneklerin neler? | enyakin=- puan=0 sebep=ESLESME_YOK
[2026-09-14 17:17:08] adala7 | köylüleri nasıl îşînlıyoz | enyakin=- puan=0 sebep=ESLESME_YOK
[2026-09-14 17:18:19] mdoruk | kim hile | enyakin=sikayet puan=1 sebep=SINYAL_ZAYIF
[2026-09-14 17:19:11] AyiBogan064 | end çugubu ister mi | enyakin=end-gitme puan=1 sebep=SINYAL_ZAYIF
[2026-09-14 17:24:04] KURT0619 | noldu niye sordun Ramazan6414 | enyakin=- puan=0 sebep=ESLESME_YOK
[2026-09-14 17:25:15] LazUsagi61 | ses te biri mi varrr | enyakin=- puan=0 sebep=ESLESME_YOK
[2026-09-14 17:31:34] Anume4613 | daha yeni afk iken b3ni bulan kim y3minle kalpten gidiyodum | enyakin=kristal puan=1 sebep=SINYAL_ZAYIF
[2026-09-14 17:33:25] megaboss | anume kim | enyakin=- puan=0 sebep=ESLESME_YOK
[2026-09-14 17:34:14] JakeMonkey5749 | 1 netherite kim alır | enyakin=nether-gitme puan=1 sebep=SINYAL_ZAYIF
[2026-09-14 17:34:49] JakeMonkey5749 | kim 1 netherite alır 30 bine satarım | enyakin=nether-gitme puan=1 sebep=SINYAL_ZAYIF
[2026-09-14 17:37:13] Anume4613 | mega bos bana neden lan dedin onu anlamadim | enyakin=- puan=0 sebep=ESLESME_YOK
[2026-09-14 17:41:00] apathyharbi | sorun nedir dostum söyle ben yardımcı olayım | enyakin=- puan=0 sebep=ESLESME_YOK
[2026-09-14 17:48:08] GamerSX222970 | bana yardım edə bilirmisiniz? | enyakin=- puan=0 sebep=ESLESME_YOK
[2026-09-14 17:54:16] Swight | nv nezaman gelcek | enyakin=- puan=0 sebep=ESLESME_YOK
[2026-09-14 17:57:27] omercelebican | yeniden canlanmaya nasıl ışnlanıypz | enyakin=- puan=0 sebep=ESLESME_YOK
[2026-09-14 18:04:50] omercelebican | bana büyülazım 17 elmasa her hangi bir büyü | enyakin=buyu-masasi puan=1 sebep=SINYAL_ZAYIF
[2026-09-14 18:04:55] KURT0619 | kaç koruma | enyakin=- puan=0 sebep=ESLESME_YOK
[2026-09-14 18:05:42] omercelebican | fatih elmas istiyon mu | enyakin=- puan=0 sebep=ESLESME_YOK
[2026-09-14 18:09:05] xLaku | neden attın | enyakin=- puan=0 sebep=ESLESME_YOK
[2026-09-14 18:11:01] apathyharbi | GamerSX222970 buyur hangi konuda yardımcı olayım | enyakin=buyu-masasi puan=1 sebep=SINYAL_ZAYIF
[2026-09-14 18:29:55] mertrrw | knk buranın ismi neydi | enyakin=- puan=0 sebep=ESLESME_YOK
[2026-09-14 18:42:49] LazUsagi61 | basemi kimmmmmmm patttlatttııııııııııı | enyakin=- puan=0 sebep=ESLESME_YOK
[2026-09-14 18:46:51] mertrrw | tipim nasıl | enyakin=- puan=0 sebep=ESLESME_YOK
[2026-09-14 18:50:15] bosluk1 | nasıl yani | enyakin=- puan=0 sebep=ESLESME_YOK
[2026-09-14 18:58:07] Ramazan6414 | team olak mı | enyakin=takim puan=1 sebep=SINYAL_ZAYIF
[2026-09-14 19:03:53] Swight | ramazan seninki nası | enyakin=- puan=0 sebep=ESLESME_YOK
[2026-09-14 19:12:25] GOJOx1905 | knk nasıl stıyoz | enyakin=- puan=0 sebep=ESLESME_YOK
[2026-09-14 19:14:51] bosluk1 | birbucuk stek etkinlik kasasını kactan alıon | enyakin=kasa puan=1 sebep=SINYAL_ZAYIF
[2026-09-14 19:22:20] Ramazan6414 | siz o pelerini nasıl aldınız | enyakin=- puan=0 sebep=ESLESME_YOK
[2026-09-14 19:22:44] Ramazan6414 | nası alınıyor | enyakin=- puan=0 sebep=ESLESME_YOK
[2026-09-14 19:23:19] KURT0619 | kaç tane var mace | enyakin=- puan=0 sebep=ESLESME_YOK
[2026-09-14 19:23:36] KURT0619 | kaç tane var mace Swight | enyakin=- puan=0 sebep=ESLESME_YOK
[2026-09-14 19:28:41] topalcoo | ne kadar ıstıyon | enyakin=- puan=0 sebep=ESLESME_YOK
[2026-09-14 19:30:36] bosluk1 | ganimet kasası nerden aldın kk | enyakin=kasa puan=1 sebep=SINYAL_ZAYIF
[2026-09-14 19:33:48] Ramazan6414 | sizce en kolay nasıl sevie kasılır | enyakin=- puan=0 sebep=ESLESME_YOK
[2026-09-14 19:38:30] OnlyVan | geldi mi | enyakin=- puan=0 sebep=ESLESME_YOK
[2026-09-14 19:39:49] MnDark | kelime oyununa ne kadar var | enyakin=- puan=0 sebep=ESLESME_YOK
[2026-09-14 19:41:47] Ramazan6414 | lazusagi sen hangi dünyada yasıyon | enyakin=- puan=0 sebep=ESLESME_YOK
[2026-09-14 19:43:32] MnDark | 1k mesale mi | enyakin=- puan=0 sebep=ESLESME_YOK
[2026-09-14 19:43:46] MnDark | tmm ne kadar paray | enyakin=para-kazanma puan=1 sebep=SINYAL_ZAYIF
[2026-09-14 19:45:12] MnDark | mesale kim sitemisti | enyakin=site-kredi puan=1 sebep=SINYAL_ZAYIF
[2026-09-14 19:45:30] Ramazan6414 | ejderi 2. kez kesince gine mi basarım veriyordu | enyakin=- puan=0 sebep=ESLESME_YOK
[2026-09-14 19:46:15] MustafaasafTR | abi nasıl gorev yapılır | enyakin=gunluk-gorev puan=1 sebep=SINYAL_ZAYIF
[2026-09-14 19:46:51] Ramazan6414 | dark servet 3 kazma mı satcan | enyakin=- puan=0 sebep=ESLESME_YOK
[2026-09-14 19:47:19] Ramazan6414 | ben ipeksi mi istedim | enyakin=- puan=0 sebep=ESLESME_YOK
[2026-09-14 19:48:56] Swight | bende denizin kalbi var kim alcak | enyakin=- puan=0 sebep=ESLESME_YOK
[2026-09-14 19:49:01] bosluk1 | set nerde | enyakin=- puan=0 sebep=ESLESME_YOK
[2026-09-14 19:51:14] MnDark | büyül büyüsüz mü set | enyakin=buyu-masasi puan=1 sebep=SINYAL_ZAYIF
[2026-09-14 19:51:55] MnDark | mesale istedin di mi | enyakin=- puan=0 sebep=ESLESME_YOK
[2026-09-14 19:52:37] MnDark | ne kadar aldın | enyakin=- puan=0 sebep=ESLESME_YOK
[2026-09-14 19:55:38] HoppidiHopHop | bu oyun nasıl oynanıyor | enyakin=- puan=0 sebep=ESLESME_YOK
[2026-09-14 19:56:29] HoppidiHopHop | oyunu nasıl oynayacam | enyakin=- puan=0 sebep=ESLESME_YOK
[2026-09-14 19:57:01] HoppidiHopHop | nasıl giderim | enyakin=- puan=0 sebep=ESLESME_YOK
[2026-09-14 19:58:00] xLaku | aldığımız üyelikler kaç günlük oluyor? | enyakin=- puan=0 sebep=ESLESME_YOK
[2026-09-14 20:01:08] mertrrw | nasıl bakıuyoz | enyakin=- puan=0 sebep=ESLESME_YOK
[2026-09-14 20:07:08] MnDark | ipeksi dokunus kazma isteyn var mıə | enyakin=- puan=0 sebep=ESLESME_YOK
[2026-09-14 20:08:12] mertrrw | örs nerde var | enyakin=- puan=0 sebep=ESLESME_YOK
[2026-09-14 20:09:09] BerkayTE3134 | ben zümrüt istiom mu demedimki | enyakin=- puan=0 sebep=ESLESME_YOK
[2026-09-14 20:16:02] MnDark | kelime oyunu ne zaman | enyakin=- puan=0 sebep=ESLESME_YOK
[2026-09-14 20:17:36] BerkayTE3134 | nerden aşkın oluyom | enyakin=- puan=0 sebep=ESLESME_YOK
[2026-09-14 20:19:33] BerkayTE3134 | laxu pcden mi oynuyon | enyakin=- puan=0 sebep=ESLESME_YOK
[2026-09-14 20:20:55] adala7 | nasıl kazma | enyakin=- puan=0 sebep=ESLESME_YOK
[2026-09-14 20:26:01] BerkayTE3134 | nası bi balta | enyakin=- puan=0 sebep=ESLESME_YOK
[2026-09-14 20:31:19] Ramazan6414 | adala sence o demir kazmaya ihtiyacım mı var | enyakin=- puan=0 sebep=ESLESME_YOK
[2026-09-14 20:36:33] CagriBey35 | yetkili başvuruları açık mı şuanda ? | enyakin=- puan=0 sebep=ESLESME_YOK
[2026-09-14 20:45:12] yekoo | kırılamazlık satan? | enyakin=- puan=0 sebep=ESLESME_YOK
[2026-09-14 20:48:37] Cemre642298 | ne kadar verirsin | enyakin=- puan=0 sebep=ESLESME_YOK
[2026-09-14 20:50:20] Cemre642298 | ne kadar vercen | enyakin=- puan=0 sebep=ESLESME_YOK
[2026-09-14 20:51:08] beratbaba6546 | 10 k paraya ne kadar elmas veirrisnzi | enyakin=para-kazanma puan=1 sebep=SINYAL_ZAYIF
[2026-09-14 20:53:49] enestahaayan1 | event kasasi nasil açiliyo | enyakin=kasa puan=1 sebep=SINYAL_ZAYIF
[2026-09-14 20:55:42] Kyururuu | 2 kitabı olan var mı? | enyakin=- puan=0 sebep=ESLESME_YOK
[2026-09-14 20:56:59] Kyururuu | 2 kitabı olan avr mı? | enyakin=- puan=0 sebep=ESLESME_YOK
[2026-09-14 21:06:12] Haliko | köylü var mı | enyakin=- puan=0 sebep=ESLESME_YOK
[2026-09-14 21:13:14] Swight | nası kasılıyo | enyakin=- puan=0 sebep=ESLESME_YOK
[2026-09-14 21:14:09] yekoo | overlord 15k mı dünya limiti | enyakin=- puan=0 sebep=ESLESME_YOK
[2026-09-14 21:17:05] Swight | hiranur ?? | enyakin=- puan=0 sebep=ESLESME_YOK
[2026-09-14 21:23:44] bosluk1 | totemin varsa nasıl öldün yekoo | enyakin=- puan=0 sebep=ESLESME_YOK
[2026-09-14 21:24:50] beratbaba6546 | kaç dakikalik | enyakin=- puan=0 sebep=ESLESME_YOK
[2026-09-14 21:25:58] lonewolf | yaşın kaç senin | enyakin=- puan=0 sebep=ESLESME_YOK
[2026-09-14 21:29:37] Ramazan6414 | 8 elmas kırcam kac tane cıkar sizce | enyakin=- puan=0 sebep=ESLESME_YOK
[2026-09-14 21:30:05] lonewolf | rehber bey arkadaşım evinizi yıkmış doğrumu? | enyakin=- puan=0 sebep=ESLESME_YOK
[2026-09-14 21:30:31] bosluk1 | lone arkın kim cano | enyakin=- puan=0 sebep=ESLESME_YOK
[2026-09-14 21:31:39] Ramazan6414 | nasıl bana geldin sen? | enyakin=- puan=0 sebep=ESLESME_YOK
[2026-09-14 21:32:33] xLaku | kaşar diye mi | enyakin=kasa puan=1 sebep=SINYAL_ZAYIF
[2026-09-14 21:33:52] Kyururuu | 2 kitabı olan bvbar mı? | enyakin=- puan=0 sebep=ESLESME_YOK
[2026-09-14 21:35:44] Ramazan6414 | Allah'ın unuttugu kordinattayım beni nasıl buldun o zaman | enyakin=- puan=0 sebep=ESLESME_YOK
[2026-09-14 21:42:13] Oguzz | 1v1 gelcek var mı | enyakin=- puan=0 sebep=ESLESME_YOK
[2026-09-14 21:44:56] lonewolf | kanka başkası neden vurdu bana | enyakin=- puan=0 sebep=ESLESME_YOK
[2026-09-14 21:50:25] bosluk1 | yas kac lone | enyakin=- puan=0 sebep=ESLESME_YOK
[2026-09-14 21:52:37] 06erenw06 | hangisinden | enyakin=- puan=0 sebep=ESLESME_YOK
[2026-09-14 22:13:05] Thandry | 1 antik kalıntının piyasa değeri ne kadar | enyakin=- puan=0 sebep=ESLESME_YOK
[2026-09-14 22:14:33] Oguzz | 1v1 gelcek var mı | enyakin=- puan=0 sebep=ESLESME_YOK
[2026-09-14 22:20:03] Thandry | vahşi bölge neresi | enyakin=- puan=0 sebep=ESLESME_YOK
[2026-09-14 22:23:22] megaboss | Ben nerdeyim rehber | enyakin=- puan=0 sebep=ESLESME_YOK
[2026-09-14 22:23:36] apathyharbi | 1v1 geliormusunuz gene? 2v1? | enyakin=- puan=0 sebep=ESLESME_YOK
[2026-09-14 22:26:54] megaboss | admin kim | enyakin=- puan=0 sebep=ESLESME_YOK
[2026-09-14 22:29:30] megaboss | admin kim rehber | enyakin=- puan=0 sebep=ESLESME_YOK
[2026-09-14 22:29:53] megaboss | admin kim | enyakin=- puan=0 sebep=ESLESME_YOK
[2026-09-14 22:31:42] megaboss | rehber admin kim | enyakin=- puan=0 sebep=ESLESME_YOK
[2026-09-14 22:35:11] alioyunmc | burada herkes mobil mi | enyakin=- puan=0 sebep=ESLESME_YOK
[2026-09-14 22:35:20] mfa | ben degilim? | enyakin=- puan=0 sebep=ESLESME_YOK
[2026-09-14 22:35:28] alioyunmc | Arkadaş olalım mı | enyakin=- puan=0 sebep=ESLESME_YOK
[2026-09-14 22:35:57] alioyunmc | Berkay Arkadaş olalım mı | enyakin=- puan=0 sebep=ESLESME_YOK
[2026-09-14 22:37:52] Oguzz | tamam ama nerede | enyakin=- puan=0 sebep=ESLESME_YOK
[2026-09-14 22:39:23] umitbiryan61 | ne zaman açıldı bu sunucu | enyakin=- puan=0 sebep=ESLESME_YOK
[2026-09-14 22:40:09] umitbiryan61 | kim ışınladı beni yqv | enyakin=- puan=0 sebep=ESLESME_YOK
[2026-09-14 22:40:25] HeraAndZeus | güzel mi sunucu | enyakin=- puan=0 sebep=ESLESME_YOK
[2026-09-14 22:40:39] umitbiryan61 | sky yok mu yqv | enyakin=- puan=0 sebep=ESLESME_YOK
[2026-09-14 22:41:20] umitbiryan61 | kim ben mi | enyakin=- puan=0 sebep=ESLESME_YOK
[2026-09-14 22:43:50] Thecanzy8030 | lobbye nasıl dönebilirm | enyakin=- puan=0 sebep=ESLESME_YOK
[2026-09-14 22:47:07] bosluk1 | yas kac cano | enyakin=- puan=0 sebep=ESLESME_YOK
[2026-09-14 22:48:17] Thandry | zıeh şablonu alacak var mı | enyakin=- puan=0 sebep=ESLESME_YOK
[2026-09-14 22:48:39] Thandry | kaç verirsiniz | enyakin=- puan=0 sebep=ESLESME_YOK
[2026-09-14 22:49:02] Thandry | 100bin mi | enyakin=- puan=0 sebep=ESLESME_YOK
[2026-09-14 23:14:08] Thecanzy8030 | nasıl zirh alabilirm? | enyakin=- puan=0 sebep=ESLESME_YOK
[2026-09-14 23:26:03] Anume4613 | kim var sunucda | enyakin=- puan=0 sebep=ESLESME_YOK
[2026-09-14 23:30:14] ReflexBey | sevabın alip bedava mı dagıtsam napsam | enyakin=- puan=0 sebep=ESLESME_YOK
[2026-09-14 23:36:29] Kyururuu | netherite yükseltmesi olan var mı? | enyakin=nether-gitme puan=1 sebep=SINYAL_ZAYIF
[2026-09-14 23:37:32] Anume4613 | nasil sp | enyakin=- puan=0 sebep=ESLESME_YOK
[2026-09-14 23:37:52] Kyururuu | netherite yukseltmesi olan var mı? | enyakin=nether-gitme puan=1 sebep=SINYAL_ZAYIF
[2026-09-14 23:39:14] Kyururuu | netherite yukseltmesi olan avr mı? | enyakin=nether-gitme puan=1 sebep=SINYAL_ZAYIF
[2026-09-14 23:40:16] dweziyGG | kac haftadır gırmıyorum oyuna | enyakin=- puan=0 sebep=ESLESME_YOK
[2026-09-14 23:45:13] Kyururuu | netherite yuksetlmesi olan var mı? | enyakin=nether-gitme puan=1 sebep=SINYAL_ZAYIF
[2026-09-14 23:45:51] apathyharbi | M_SPOWER2204 sorun nedir | enyakin=- puan=0 sebep=ESLESME_YOK
[2026-09-14 23:46:22] ReflexBey | kesecen mı M_SPOWER2204 | enyakin=- puan=0 sebep=ESLESME_YOK
[2026-09-14 23:48:38] ReflexBey | m_spower2204 ? | enyakin=- puan=0 sebep=ESLESME_YOK
[2026-09-14 23:56:11] M_SPOWER2204 | nerde küfür | enyakin=- puan=0 sebep=ESLESME_YOK
[2026-09-15 00:19:26] ReflexBey | köy baskını niye olmadı | enyakin=claim-koruma puan=1 sebep=SINYAL_ZAYIF
[2026-09-15 00:19:29] ReflexBey | kapalı mı | enyakin=- puan=0 sebep=ESLESME_YOK
[2026-09-15 00:52:01] ReflexBey | sunucu bakmak kolay mı | enyakin=- puan=0 sebep=ESLESME_YOK
[2026-09-15 00:52:14] Anume4613 | 5nsaat nasi uykunu aliyon ben 5 saat uydum okulda baygin gibiydim | enyakin=- puan=0 sebep=ESLESME_YOK
[2026-09-15 00:53:25] Anume4613 | ne zaman eklenie | enyakin=- puan=0 sebep=ESLESME_YOK
[2026-09-15 00:55:37] Anume4613 | rehberlik nasil aliniyo sartlar ne | enyakin=- puan=0 sebep=ESLESME_YOK
[2026-09-15 01:21:22] M_SPOWER2204 | kac dk gelir | enyakin=para-kazanma puan=1 sebep=SINYAL_ZAYIF
[2026-09-15 01:21:26] M_SPOWER2204 | kac dk gelir | enyakin=para-kazanma puan=1 sebep=SINYAL_ZAYIF
[2026-09-15 01:24:59] ReflexBey | ismini niye degistirdin | enyakin=- puan=0 sebep=ESLESME_YOK
[2026-09-15 01:30:15] Oguzz | base mi arıyonuz | enyakin=- puan=0 sebep=ESLESME_YOK
[2026-09-15 01:30:46] Oguzz | ben nasıl hesapladım biliyo musun | enyakin=- puan=0 sebep=ESLESME_YOK
[2026-09-15 01:33:30] apathyharbi | ne dedimki? | enyakin=- puan=0 sebep=ESLESME_YOK
[2026-09-15 01:34:36] Anume4613 | kararin nedir | enyakin=- puan=0 sebep=ESLESME_YOK
[2026-09-15 01:39:45] Oguzz | netherin üstüne mi çıksam end'e mi yapsam bilemedim | enyakin=nether-gitme puan=1 sebep=SINYAL_ZAYIF
[2026-09-15 01:40:32] Oguzz | toplam kaç base patlattınız | enyakin=- puan=0 sebep=ESLESME_YOK
[2026-09-15 01:41:30] Oguzz | ben kaç gündür kadiri bekliyom ondan büyü alcam | enyakin=buyu-masasi puan=1 sebep=SINYAL_ZAYIF
[2026-09-15 01:42:13] Oguzz | sizin mi | enyakin=- puan=0 sebep=ESLESME_YOK
[2026-09-15 01:42:30] Oguzz | sizin base mi | enyakin=- puan=0 sebep=ESLESME_YOK
[2026-09-15 01:43:43] Oguzz | build kim yaptı | enyakin=- puan=0 sebep=ESLESME_YOK
[2026-09-15 01:44:31] Oguzz | burayı tek bşaına mı yaptıb | enyakin=- puan=0 sebep=ESLESME_YOK
[2026-09-15 01:50:26] Oguzz | nereye koyim | enyakin=- puan=0 sebep=ESLESME_YOK
[2026-09-15 03:03:04] M_SPOWER2204 | ne kadar lazim | enyakin=- puan=0 sebep=ESLESME_YOK
[2026-09-15 03:03:57] M_SPOWER2204 | olm ne kadar alcaktin | enyakin=- puan=0 sebep=ESLESME_YOK
[2026-09-15 03:19:19] Oguzz | uykunuz yok mu sizin | enyakin=- puan=0 sebep=ESLESME_YOK
[2026-09-15 03:19:56] Oguzz | sınıf falan arkadaşlar nasıl | enyakin=- puan=0 sebep=ESLESME_YOK
[2026-09-15 03:22:18] Oguzz | iyi başka oynadığınız var mı | enyakin=- puan=0 sebep=ESLESME_YOK
[2026-09-15 03:23:10] Oguzz | telefondan mı oynuyon | enyakin=- puan=0 sebep=ESLESME_YOK
[2026-09-15 03:24:14] Oguzz | valo oynamıyonuz mu | enyakin=- puan=0 sebep=ESLESME_YOK
[2026-09-15 03:24:51] Oguzz | re mi seviyosun | enyakin=- puan=0 sebep=ESLESME_YOK
[2026-09-15 03:26:46] M_SPOWER2204 | bannerlord nasi bisi | enyakin=- puan=0 sebep=ESLESME_YOK
[2026-09-15 03:29:06] Oguzz | oyun içeriği mi | enyakin=- puan=0 sebep=ESLESME_YOK
[2026-09-15 03:30:03] Oguzz | linç hiç takmican kim ne derse desin | enyakin=- puan=0 sebep=ESLESME_YOK
[2026-09-15 03:30:15] M_SPOWER2204 | sen kaçıncı yildasin unide | enyakin=- puan=0 sebep=ESLESME_YOK
[2026-09-15 04:05:19] Potasyum | uyuyonuz mu | enyakin=- puan=0 sebep=ESLESME_YOK
[2026-09-15 07:48:31] AyiBogan064 | sunucu dağïldï mı 13 kişi var dünde azdı | enyakin=- puan=0 sebep=ESLESME_YOK
[2026-09-15 11:47:56] eraydev | smp mi burası | enyakin=- puan=0 sebep=ESLESME_YOK
[2026-09-15 11:50:14] eraydev | Harita kaç x kaç | enyakin=- puan=0 sebep=ESLESME_YOK
[2026-09-15 12:15:39] ModalOrca846801 | takım olak mı | enyakin=takim puan=1 sebep=SINYAL_ZAYIF
[2026-09-15 12:19:59] ModalOrca846801 | yani nasıl inek farmı koyun farmı kurarım | enyakin=en-iyi-farm puan=1 sebep=SINYAL_ZAYIF
[2026-09-15 12:32:45] OnlyVan | nereye götürüyordunuz | enyakin=- puan=0 sebep=ESLESME_YOK
[2026-09-15 12:36:18] OnlyVan | bunu neden sanal yapmamışsın | enyakin=- puan=0 sebep=ESLESME_YOK
[2026-09-15 12:46:48] M_SPOWER2204 | kaç redstone | enyakin=- puan=0 sebep=ESLESME_YOK
[2026-09-15 12:48:05] OnlyVan | basen yok mu | enyakin=- puan=0 sebep=ESLESME_YOK
[2026-09-15 12:56:06] M_SPOWER2204 | niye iptal ettin | enyakin=- puan=0 sebep=ESLESME_YOK
[2026-09-15 12:57:13] ugur | beyler 30 tane demir verebilen varmı? | enyakin=- puan=0 sebep=ESLESME_YOK
[2026-09-15 13:04:22] Arron1 | yardım amaçlı veriyorum verecek misin cidden? | enyakin=- puan=0 sebep=ESLESME_YOK
[2026-09-15 13:04:36] Arron1 | yardım amaçlı veriyorum verecek misin cidden? | enyakin=- puan=0 sebep=ESLESME_YOK
[2026-09-15 13:05:17] Arron1 | M_SPOWER2204 verdi mi sana | enyakin=- puan=0 sebep=ESLESME_YOK
[2026-09-15 13:06:16] Arron1 | verdi mi | enyakin=- puan=0 sebep=ESLESME_YOK
[2026-09-15 13:15:50] Valentina186684 | hmm 931 lerde mi | enyakin=- puan=0 sebep=ESLESME_YOK
[2026-09-15 13:19:57] M_SPOWER2204 | bilmiom ki kaç eder | enyakin=- puan=0 sebep=ESLESME_YOK
[2026-09-15 13:22:51] Valentina186684 | bende antik enmaz var nasi nethir külçesinolur | enyakin=- puan=0 sebep=ESLESME_YOK
[2026-09-15 13:26:24] M_SPOWER2204 | netherite mi Arıcaz | enyakin=nether-gitme puan=1 sebep=SINYAL_ZAYIF
[2026-09-15 13:26:53] lonewolf | yonetıcı baseme bakarmısın nasıl olmus | enyakin=- puan=0 sebep=ESLESME_YOK
[2026-09-15 13:35:00] Puro_baba5209 | kim KralBurak52 tnaıyor | enyakin=- puan=0 sebep=ESLESME_YOK
[2026-09-15 13:39:47] kamran2 | nereden buldun | enyakin=- puan=0 sebep=ESLESME_YOK
[2026-09-15 13:48:30] M_SPOWER2204 | orkinos ne kadar | enyakin=- puan=0 sebep=ESLESME_YOK
[2026-09-15 13:48:43] kamran2 | ne kadar lazım | enyakin=- puan=0 sebep=ESLESME_YOK
[2026-09-15 13:53:14] kamran2 | adaya nasıl isınlanalım | enyakin=rtp puan=1 sebep=SINYAL_ZAYIF
[2026-09-15 14:04:48] kamran2 | nerede o | enyakin=- puan=0 sebep=ESLESME_YOK
[2026-09-15 14:11:49] kamran2 | vereyimi? | enyakin=- puan=0 sebep=ESLESME_YOK
[2026-09-15 14:15:29] mertrrw | orkinos kim yaptı | enyakin=- puan=0 sebep=ESLESME_YOK
[2026-09-15 14:36:35] 0HiIamJokeR0 | team olcak? | enyakin=takim puan=1 sebep=SINYAL_ZAYIF
[2026-09-15 14:40:15] Orkinos_babaaaa | niye kestin la | enyakin=- puan=0 sebep=ESLESME_YOK
[2026-09-15 14:42:19] mertrrw | orkinos nasıl ışılandım | enyakin=- puan=0 sebep=ESLESME_YOK
[2026-09-15 14:42:58] OnlyVan | kim yaptı :D | enyakin=- puan=0 sebep=ESLESME_YOK
[2026-09-15 14:43:05] Orkinos_babaaaa | canser mi ney. | enyakin=- puan=0 sebep=ESLESME_YOK
[2026-09-15 14:46:29] mertrrw | orkinos kim küfür etti bize, | enyakin=- puan=0 sebep=ESLESME_YOK
[2026-09-15 14:48:43] mertrrw | kamran nerde öldün | enyakin=- puan=0 sebep=ESLESME_YOK
[2026-09-15 14:49:47] JakeMonkey5749 | kaç tane | enyakin=- puan=0 sebep=ESLESME_YOK
[2026-09-15 14:50:01] Orkinos_babaaaa | özelden nasıl yazcazz | enyakin=- puan=0 sebep=ESLESME_YOK
[2026-09-15 14:51:11] Orkinos_babaaaa | tamam mı | enyakin=- puan=0 sebep=ESLESME_YOK
[2026-09-15 14:51:55] OnlyVan | birine tpa atmak için mi | enyakin=isinlanma-istegi puan=1 sebep=SINYAL_ZAYIF
[2026-09-15 14:55:23] kamran2 | bu kadar mı? | enyakin=- puan=0 sebep=ESLESME_YOK
[2026-09-15 14:59:44] kamran2 | instagramı? | enyakin=- puan=0 sebep=ESLESME_YOK
[2026-09-15 15:07:07] Varnix | sen nasi geldin | enyakin=- puan=0 sebep=ESLESME_YOK
[2026-09-15 15:10:05] mertrrw | ismi neydi o adamın | enyakin=- puan=0 sebep=ESLESME_YOK
[2026-09-15 15:12:42] mertrrw | kim ölmüştü | enyakin=- puan=0 sebep=ESLESME_YOK
[2026-09-15 15:14:01] Orkinos_babaaaa | ne kadara | enyakin=- puan=0 sebep=ESLESME_YOK
[2026-09-15 15:19:02] Orkinos_babaaaa | yapıyon mu daha | enyakin=- puan=0 sebep=ESLESME_YOK
[2026-09-15 15:24:08] Orkinos_babaaaa | kac lere kesti beni | enyakin=- puan=0 sebep=ESLESME_YOK
[2026-09-15 15:25:29] Orkinos_babaaaa | oum onla nasıl arkadaş olursun ssn | enyakin=- puan=0 sebep=ESLESME_YOK
[2026-09-15 15:25:38] Ramazan6414 | orkinos takım mı kurdun sen | enyakin=takim puan=1 sebep=SINYAL_ZAYIF
[2026-09-15 15:25:48] Valentina186684 | derken ??? | enyakin=- puan=0 sebep=ESLESME_YOK
[2026-09-15 15:38:36] Ramazan6414 | kurt takım swightin mi | enyakin=takim puan=1 sebep=SINYAL_ZAYIF
[2026-09-15 15:38:53] Thecanzy8030 | nasıl set alabilirmi | enyakin=- puan=0 sebep=ESLESME_YOK
[2026-09-15 15:38:54] Ramazan6414 | takımın kurucusu kim | enyakin=takim puan=1 sebep=SINYAL_ZAYIF
[2026-09-15 15:40:27] Thecanzy8030 | kit niye alamiyoz | enyakin=kit puan=1 sebep=SINYAL_ZAYIF
[2026-09-15 15:43:58] Ramazan6414 | niye kurmuyorsunuź | enyakin=- puan=0 sebep=ESLESME_YOK
[2026-09-15 15:58:24] kamran2 | item istermiin? | enyakin=- puan=0 sebep=ESLESME_YOK
[2026-09-15 15:58:30] Thecanzy8030 | beni takima alacak varmi???? | enyakin=takim puan=1 sebep=SINYAL_ZAYIF
[2026-09-15 15:59:09] kamran2 | nereden ald;n nedr set | enyakin=- puan=0 sebep=ESLESME_YOK
[2026-09-15 16:00:53] kamran2 | istermisin? | enyakin=- puan=0 sebep=ESLESME_YOK
[2026-09-15 16:01:17] kamran2 | istermisinnn? | enyakin=- puan=0 sebep=ESLESME_YOK
[2026-09-15 16:02:36] kamran2 | neden yazm;yon | enyakin=- puan=0 sebep=ESLESME_YOK
[2026-09-15 16:14:21] kamran2 | kaç yasın var | enyakin=- puan=0 sebep=ESLESME_YOK
[2026-09-15 16:14:58] HirayaAsigim | abla mı( | enyakin=- puan=0 sebep=ESLESME_YOK
[2026-09-15 16:15:13] Am2terdam | olm siz kaç yaşındasınız | enyakin=- puan=0 sebep=ESLESME_YOK
[2026-09-15 16:17:47] AyiBogan064 | warden tuzaği yapam mi kolay | enyakin=- puan=0 sebep=ESLESME_YOK
[2026-09-15 16:18:07] KralBurak52 | Puro_baba5209 sen zekimisin ona mı harcadın elmasları | enyakin=- puan=0 sebep=ESLESME_YOK
[2026-09-15 16:22:36] AyiBogan064 | balkaği var mi | enyakin=- puan=0 sebep=ESLESME_YOK
[2026-09-15 16:27:03] AyiBogan064 | güvende mi | enyakin=- puan=0 sebep=ESLESME_YOK
[2026-09-15 16:33:03] AyiBogan064 | siker mi bunu | enyakin=- puan=0 sebep=ESLESME_YOK
[2026-09-15 16:36:47] KURT0619 | okda hangi oyun | enyakin=- puan=0 sebep=ESLESME_YOK
[2026-09-15 16:37:09] KURT0619 | knk o degil pillars mı | enyakin=- puan=0 sebep=ESLESME_YOK
[2026-09-15 16:39:33] AyiBogan064 | sen niye geliyon aq | enyakin=- puan=0 sebep=ESLESME_YOK
[2026-09-15 16:41:16] AyiBogan064 | nasıl oldun | enyakin=- puan=0 sebep=ESLESME_YOK
[2026-09-15 16:42:46] AyiBogan064 | satarimda nasıl götürcen aq | enyakin=- puan=0 sebep=ESLESME_YOK
[2026-09-15 16:43:24] AyiBogan064 | bura mi base yapcan | enyakin=- puan=0 sebep=ESLESME_YOK
[2026-09-15 16:50:47] Ramazan6414 | youtubedeki livamc hesabının admini kim? | enyakin=- puan=0 sebep=ESLESME_YOK
[2026-09-15 16:59:29] Puro_baba5209 | kim bana zır tatar | enyakin=- puan=0 sebep=ESLESME_YOK
[2026-09-15 16:59:38] Puro_baba5209 | kim bana zır satar | enyakin=- puan=0 sebep=ESLESME_YOK
[2026-09-15 17:02:29] Thandry | musabasdan elmas kazmaya kaç verirsin | enyakin=- puan=0 sebep=ESLESME_YOK
[2026-09-15 17:10:20] Ramazan6414 | sana sır vereyim mi | enyakin=- puan=0 sebep=ESLESME_YOK
[2026-09-15 17:11:59] Thandry | normalde totem 5000 ama ben 4500 e satıyorum alacak var mı | enyakin=esya-satma puan=1 sebep=SINYAL_ZAYIF
[2026-09-15 17:13:30] Soloking | ada neden yok olucak | enyakin=gokyuzu-etkinlik puan=1 sebep=SINYAL_ZAYIF
[2026-09-15 17:13:35] xLaku | la adaetkinlik mi vardı | enyakin=yaris puan=1 sebep=SINYAL_ZAYIF
[2026-09-15 17:13:55] Thandry | chunklaır nasıl tekrar yükselirz | enyakin=- puan=0 sebep=ESLESME_YOK
[2026-09-15 17:17:07] MUSABASDAN1 | xray mı ??? | enyakin=- puan=0 sebep=ESLESME_YOK
[2026-09-15 17:18:01] Puro_baba5209 | kim verdi abno komutu | enyakin=menu puan=1 sebep=SINYAL_ZAYIF
[2026-09-15 17:21:50] bosluk1 | olm bu adam nası para kasıo | enyakin=para-kazanma puan=1 sebep=SINYAL_ZAYIF
[2026-09-15 17:25:19] M_SPOWER2204 | ne zaman verirsin laku | enyakin=- puan=0 sebep=ESLESME_YOK
[2026-09-15 17:25:45] Ramazan6414 | gelmiyeyim mi | enyakin=- puan=0 sebep=ESLESME_YOK
[2026-09-15 17:29:30] Ramazan6414 | sen kime emir veryorsun | enyakin=- puan=0 sebep=ESLESME_YOK
[2026-09-15 17:32:33] bosluk1 | apat sana verdiğim set nerde la :D | enyakin=- puan=0 sebep=ESLESME_YOK
[2026-09-15 17:37:50] Anume4613 | valantina nerde | enyakin=- puan=0 sebep=ESLESME_YOK
[2026-09-15 17:43:46] M_SPOWER2204 | hangi base laz usagi | enyakin=- puan=0 sebep=ESLESME_YOK
[2026-09-15 17:45:39] Ramazan6414 | niye ismin puro baba | enyakin=- puan=0 sebep=ESLESME_YOK
[2026-09-15 17:53:20] maceswap | m_spower2204 ? | enyakin=- puan=0 sebep=ESLESME_YOK
[2026-09-15 18:07:40] ulasbjk44 | nereye gelicem | enyakin=- puan=0 sebep=ESLESME_YOK
[2026-09-15 18:10:36] Ramazan6414 | alma neden alacan | enyakin=- puan=0 sebep=ESLESME_YOK
[2026-09-15 18:10:45] TrabzonluSalah61 | nightbision yok mu | enyakin=- puan=0 sebep=ESLESME_YOK
[2026-09-15 18:12:14] ulasbjk44 | nası yicem hemen | enyakin=- puan=0 sebep=ESLESME_YOK
[2026-09-15 18:15:07] bosluk1 | mace para nası kastın | enyakin=para-kazanma puan=1 sebep=SINYAL_ZAYIF
[2026-09-15 18:26:40] normalensarte | beni tanımdaın mı | enyakin=- puan=0 sebep=ESLESME_YOK
[2026-09-15 18:26:48] Puro_baba5209 | kim tanışma ister istyen kördinta versi | enyakin=- puan=0 sebep=ESLESME_YOK
[2026-09-15 18:29:08] Ramazan6414 | sence neden sencneden sence neden | enyakin=- puan=0 sebep=ESLESME_YOK
[2026-09-15 18:35:40] Ramazan6414 | ne kadar cok elmas cıkıyor he | enyakin=- puan=0 sebep=ESLESME_YOK
[2026-09-15 18:42:17] Ramazan6414 | ben niye bugün ballıyım bukadar | enyakin=- puan=0 sebep=ESLESME_YOK
[2026-09-15 18:44:46] Am2terdam | knk en hızlı nasıl lvl kasarım | enyakin=kasa puan=1 sebep=SINYAL_ZAYIF
[2026-09-15 18:48:33] Ramazan6414 | canın niye gitmiyor senin | enyakin=- puan=0 sebep=ESLESME_YOK
[2026-09-15 18:52:34] Ramazan6414 | neden herkese yalvarıyorsun | enyakin=- puan=0 sebep=ESLESME_YOK
[2026-09-15 18:54:39] M_SPOWER2204 | basei niye patlattin | enyakin=- puan=0 sebep=ESLESME_YOK
[2026-09-15 18:58:14] Puro_baba5209 | Kurt tel aban mı gücün yeter | enyakin=- puan=0 sebep=ESLESME_YOK
[2026-09-15 18:58:55] M_SPOWER2204 | kardesim smp demiyorum sorun adamlık mi | enyakin=- puan=0 sebep=ESLESME_YOK
[2026-09-15 18:59:00] Puro_baba5209 | kim Ramazan6414 arkadaşıydı | enyakin=- puan=0 sebep=ESLESME_YOK
[2026-09-15 18:59:17] M_SPOWER2204 | adamlık mı deilmi | enyakin=- puan=0 sebep=ESLESME_YOK
[2026-09-15 19:01:22] maceswap | takımdan kimseyi kaybetmedim ? | enyakin=takim puan=1 sebep=SINYAL_ZAYIF
[2026-09-15 19:01:44] maceswap | tehdit mi ediyorsun beni | enyakin=- puan=0 sebep=ESLESME_YOK
[2026-09-15 19:03:57] M_SPOWER2204 | ilk okul falanmisim düşünmek mi istemiyorsun oyun | enyakin=- puan=0 sebep=ESLESME_YOK
[2026-09-15 19:08:45] KURT0619 | Puro_baba5209 okadar paran mı var .) | enyakin=para-kazanma puan=1 sebep=SINYAL_ZAYIF
[2026-09-15 19:09:31] Skyler | bu sunucuda neden tpahere yok | enyakin=- puan=0 sebep=ESLESME_YOK
[2026-09-15 19:09:46] babapiro01 | ismin oyun mu | enyakin=- puan=0 sebep=ESLESME_YOK
[2026-09-15 19:13:26] KURT0619 | hangi set onları ben almadım | enyakin=- puan=0 sebep=ESLESME_YOK
[2026-09-15 19:18:13] MehmetMC3667 | en fazla kaç | enyakin=- puan=0 sebep=ESLESME_YOK
[2026-09-15 19:26:22] MehmetMC3667 | afk kalarken neden hersek | enyakin=kristal puan=1 sebep=SINYAL_ZAYIF
[2026-09-15 19:29:07] bosluk1 | kurt vs ? | enyakin=- puan=0 sebep=ESLESME_YOK
[2026-09-15 19:31:29] Skyler | kim msg den ayz | enyakin=- puan=0 sebep=ESLESME_YOK
[2026-09-15 19:35:08] Skyler | tm nasıl istersen | enyakin=- puan=0 sebep=ESLESME_YOK
[2026-09-15 19:37:20] Oyun | kemik var mı | enyakin=- puan=0 sebep=ESLESME_YOK
[2026-09-15 19:37:21] KURT0619 | niye iptal ettin | enyakin=- puan=0 sebep=ESLESME_YOK
[2026-09-15 19:38:05] Skyler | bakim nası oynuon | enyakin=- puan=0 sebep=ESLESME_YOK
[2026-09-15 19:38:20] Skyler | nası ooyunon ona gore | enyakin=- puan=0 sebep=ESLESME_YOK
[2026-09-15 19:40:58] testuser | öyle mi vur dedik | enyakin=- puan=0 sebep=ESLESME_YOK
[2026-09-15 19:42:20] Oyun | eylulllll kuzenin nerde | enyakin=- puan=0 sebep=ESLESME_YOK
[2026-09-15 19:42:22] Skyler | itenlerimi alıp kaçmak? | enyakin=- puan=0 sebep=ESLESME_YOK
[2026-09-15 19:46:26] apathyharbi | başına para nasıl koysunlar | enyakin=para-kazanma puan=1 sebep=SINYAL_ZAYIF
[2026-09-15 19:46:50] apathyharbi | totem vereyimmi? | enyakin=- puan=0 sebep=ESLESME_YOK
[2026-09-15 19:52:12] xLaku | back ceksen oraya mı gider peki | enyakin=- puan=0 sebep=ESLESME_YOK
[2026-09-15 19:54:03] scallydima | can i dump the server? | enyakin=- puan=0 sebep=ESLESME_YOK
[2026-09-15 19:54:07] scallydima | rm -rf mb? | enyakin=- puan=0 sebep=ESLESME_YOK
[2026-09-15 19:56:57] Haliko | boşluk knkn nasıl öylê | enyakin=- puan=0 sebep=ESLESME_YOK
[2026-09-15 19:59:51] xLaku | kaybolma die biri yok la hayalete mi öldün | enyakin=- puan=0 sebep=ESLESME_YOK
[2026-09-15 20:02:55] Skyler | neden kaçtın ıa zamn | enyakin=- puan=0 sebep=ESLESME_YOK
[2026-09-15 20:05:34] Skyler | olmz hem kim dedi skyler dan ogren die berkaymı | enyakin=- puan=0 sebep=ESLESME_YOK
[2026-09-15 20:05:46] Orkinos_babaaaa | o nası mızrak | enyakin=- puan=0 sebep=ESLESME_YOK
[2026-09-15 20:05:58] Skyler | halşko kaç tane istion | enyakin=- puan=0 sebep=ESLESME_YOK
[2026-09-15 20:06:41] Haliko | kaç kagıtın var | enyakin=- puan=0 sebep=ESLESME_YOK
[2026-09-15 20:10:32] bosluk1 | vs atakmı ? | enyakin=- puan=0 sebep=ESLESME_YOK
[2026-09-15 20:12:52] Skyler | benimki neth ama dia seitm yok nası savaşcaz | enyakin=- puan=0 sebep=ESLESME_YOK
[2026-09-15 20:13:12] FATE | devamı nerde bunlar çöp | enyakin=- puan=0 sebep=ESLESME_YOK
[2026-09-15 20:19:00] Orkinos_babaaaa | oyunda mı olmak gerek | enyakin=- puan=0 sebep=ESLESME_YOK
[2026-09-15 20:19:17] rodixben | ark olcak var mi | enyakin=- puan=0 sebep=ESLESME_YOK
[2026-09-15 20:34:36] Puro_baba5209 | kim in takım vsr | enyakin=takim puan=1 sebep=SINYAL_ZAYIF
[2026-09-15 20:38:16] KURT0619 | yav kaç milyon kişiyi taktın peşime olum | enyakin=olunce-esya puan=1 sebep=SINYAL_ZAYIF
[2026-09-15 20:43:06] bosluk1 | ödül mü var svde la | enyakin=- puan=0 sebep=ESLESME_YOK
[2026-09-15 21:08:22] Ramazan6414 | neden inanıyım | enyakin=- puan=0 sebep=ESLESME_YOK
[2026-09-15 21:11:55] Arron1 | kesmen için mi | enyakin=- puan=0 sebep=ESLESME_YOK
[2026-09-15 21:19:04] Ramazan6414 | ne kadar verirsin | enyakin=- puan=0 sebep=ESLESME_YOK
[2026-09-15 21:22:54] Clawwolf | şey ben mod alımı sorcam varmı işinize yararımda? | enyakin=- puan=0 sebep=ESLESME_YOK
[2026-09-15 21:24:18] Clawwolf | istersen sor? ama o kadar değil | enyakin=- puan=0 sebep=ESLESME_YOK
[2026-09-15 21:24:56] Thecanzy8030 | Ben sunucudan gidiom parami ve esyalrimi kime birakim | enyakin=para-kazanma puan=1 sebep=SINYAL_ZAYIF
[2026-09-15 21:28:25] Thecanzy8030 | parayi kime birakim | enyakin=para-kazanma puan=1 sebep=SINYAL_ZAYIF
[2026-09-15 21:30:06] Clawwolf | ne kadar kral bi adminler var:) | enyakin=- puan=0 sebep=ESLESME_YOK
[2026-09-15 21:31:02] OverLord | apathy nerde | enyakin=- puan=0 sebep=ESLESME_YOK
[2026-09-15 21:31:53] mertrrw | shalker nasıl alıyoruz | enyakin=- puan=0 sebep=ESLESME_YOK
[2026-09-15 21:34:07] Clawwolf | spawnda neden gezegen yok edici var?:D | enyakin=spawn-warp puan=1 sebep=SINYAL_ZAYIF
[2026-09-15 21:35:57] Kaganninja | orkinoss baba trap mi yapıyon | enyakin=- puan=0 sebep=ESLESME_YOK
[2026-09-15 21:41:45] Orkinos_babaaaa | tamam mı | enyakin=- puan=0 sebep=ESLESME_YOK
[2026-09-15 21:50:41] mertrrw | nasıl para atıyorduk | enyakin=para-kazanma puan=1 sebep=SINYAL_ZAYIF
[2026-09-15 21:52:25] Clawwolf | base gezmek varmı sahibi izin verirse? | enyakin=- puan=0 sebep=ESLESME_YOK
[2026-09-15 21:53:43] AyiBogan064 | adı nedir | enyakin=- puan=0 sebep=ESLESME_YOK
[2026-09-15 21:53:49] AyiBogan064 | soyu kimden gelir | enyakin=para-kazanma puan=1 sebep=SINYAL_ZAYIF
[2026-09-15 21:54:01] Clawwolf | neden home aliyim? | enyakin=ev-home puan=1 sebep=SINYAL_ZAYIF
[2026-09-15 21:54:27] bosluk1 | home alırsan ne zaman istersen gelebilirsin | enyakin=ev-home puan=1 sebep=SINYAL_ZAYIF
[2026-09-15 21:55:30] AyiBogan064 | aldın mı istek atani | enyakin=- puan=0 sebep=ESLESME_YOK
[2026-09-15 21:55:53] AyiBogan064 | bide istek edeni aldın mi | enyakin=- puan=0 sebep=ESLESME_YOK
[2026-09-15 21:56:58] maceswap | Orkinos_babaaaa neden tpa attın ? | enyakin=isinlanma-istegi puan=1 sebep=SINYAL_ZAYIF
[2026-09-15 21:57:50] bosluk1 | kac donum tarlan :D | enyakin=- puan=0 sebep=ESLESME_YOK
[2026-09-15 22:00:48] maceswap | Orkinos_babaaaa vurma ? | enyakin=- puan=0 sebep=ESLESME_YOK
[2026-09-15 22:03:13] Kaganninja | takım daveti nası atıyoz acama | enyakin=takim puan=1 sebep=SINYAL_ZAYIF
[2026-09-15 22:08:30] Clawwolf | bbase grieflemek serbest mi | enyakin=kurallar puan=2 sebep=SINYAL_ZAYIF
[2026-09-15 22:15:54] Clawwolf | arkadaş olacak varmı? | enyakin=- puan=0 sebep=ESLESME_YOK
[2026-09-15 22:16:14] Clawwolf | neden sordun ki | enyakin=- puan=0 sebep=ESLESME_YOK
[2026-09-15 22:17:48] Thandry | 7 antik kalıntım var kaç verirsiniz | enyakin=- puan=0 sebep=ESLESME_YOK
[2026-09-15 22:18:38] Clawwolf | demir göğüslüğe ihtiyacı olan??? | enyakin=- puan=0 sebep=ESLESME_YOK
[2026-09-15 22:19:58] Thandry | bosluk nasıl setin yok 6M paran var | enyakin=para-kazanma puan=1 sebep=SINYAL_ZAYIF
[2026-09-15 22:20:55] Swight | sunucu sıfırlanıyomu ? | enyakin=- puan=0 sebep=ESLESME_YOK
[2026-09-15 22:21:44] KeremQA_22 | team olcak var mı | enyakin=takim puan=1 sebep=SINYAL_ZAYIF
[2026-09-15 22:23:36] mertrrw | orkinos eşyaların nerde | enyakin=- puan=0 sebep=ESLESME_YOK
[2026-09-15 22:25:17] Thandry | zaten -/sell de 20 kalıntı 20K niye zarar edeyim | enyakin=esya-satma puan=1 sebep=SINYAL_ZAYIF
[2026-09-15 22:25:55] mertrrw | kim aldı | enyakin=- puan=0 sebep=ESLESME_YOK
[2026-09-15 22:26:28] Clawwolf | şey umm basen varsa gezebilirmiyim izin verirsen? | enyakin=- puan=0 sebep=ESLESME_YOK
[2026-09-15 22:28:31] MAZIFIR | nethiret satan? | enyakin=- puan=0 sebep=ESLESME_YOK
[2026-09-15 22:33:53] yekoo | niye daliyon | enyakin=- puan=0 sebep=ESLESME_YOK
[2026-09-15 22:41:14] Thandry | iyide niye | enyakin=- puan=0 sebep=ESLESME_YOK
[2026-09-15 22:46:40] adala7 | kaç elmas buldun ben 5 | enyakin=- puan=0 sebep=ESLESME_YOK
[2026-09-15 22:51:33] mertrrw | eşyaların nerde | enyakin=- puan=0 sebep=ESLESME_YOK
[2026-09-15 22:52:09] mertrrw | yoksa swight mi | enyakin=- puan=0 sebep=ESLESME_YOK
[2026-09-15 23:08:59] BramonYTB | liderimiz olim mi | enyakin=- puan=0 sebep=ESLESME_YOK
[2026-09-15 23:11:37] BramonYTB | senin nasıl bu kadar paran var | enyakin=para-kazanma puan=1 sebep=SINYAL_ZAYIF
[2026-09-15 23:13:51] BramonYTB | nasıl lan | enyakin=- puan=0 sebep=ESLESME_YOK
[2026-09-15 23:18:06] Oguzz | niye etcen olum oyunun amacı bu | enyakin=olunce-esya puan=1 sebep=SINYAL_ZAYIF
[2026-09-15 23:18:17] apathyharbi | nasıl bulduk biz üstte köylüleri alıcaktık | enyakin=- puan=0 sebep=ESLESME_YOK
[2026-09-15 23:22:01] BramonYTB | envanteri nereye bosaltim | enyakin=envanter-koruma puan=1 sebep=SINYAL_ZAYIF
[2026-09-15 23:27:14] Orkinos_babaaaa | sizin takıma gelim mi | enyakin=takim puan=1 sebep=SINYAL_ZAYIF
[2026-09-15 23:27:42] Orkinos_babaaaa | bakimmi? | enyakin=- puan=0 sebep=ESLESME_YOK
[2026-09-15 23:31:26] Orkinos_babaaaa | kim yaptı bunu | enyakin=- puan=0 sebep=ESLESME_YOK
[2026-09-15 23:33:24] M_SPOWER2204 | apat sistem nasi oto esya sandiklama | enyakin=- puan=0 sebep=ESLESME_YOK
[2026-09-15 23:33:45] BramonYTB | yav niye su koyuyon | enyakin=- puan=0 sebep=ESLESME_YOK
[2026-09-15 23:41:47] M_SPOWER2204 | oguz nerde | enyakin=- puan=0 sebep=ESLESME_YOK
[2026-09-15 23:53:36] OnlyVan | tek tek yazmak mı | enyakin=- puan=0 sebep=ESLESME_YOK
[2026-09-15 23:54:12] OnlyVan | netherin mi | enyakin=nether-gitme puan=1 sebep=SINYAL_ZAYIF
[2026-09-15 23:54:16] HeraAndZeus | dünyanın tepesine su koymaktan kastın nedir | enyakin=- puan=0 sebep=ESLESME_YOK
[2026-09-16 02:47:27] lebelc3 | çalışma masası acilmiyor niye | enyakin=- puan=0 sebep=ESLESME_YOK
[2026-09-16 02:49:29] lebelc3 | çalışma masası sende açılıyor mu | enyakin=- puan=0 sebep=ESLESME_YOK
[2026-09-16 08:36:21] asdlan | smp mi bura | enyakin=- puan=0 sebep=ESLESME_YOK
[2026-09-16 08:43:45] asdlan | aktif yok muuuu | enyakin=- puan=0 sebep=ESLESME_YOK
[2026-09-16 11:31:55] OnlyVan | ./sell ile ilk satışını yaptın mı | enyakin=esya-satma puan=1 sebep=SINYAL_ZAYIF
[2026-09-16 13:05:43] Orkinos_babaaaa | bizim baeyi kim patlattı | enyakin=- puan=0 sebep=ESLESME_YOK
[2026-09-16 13:09:53] mertrrw | erlitrayı nerden buldun | enyakin=- puan=0 sebep=ESLESME_YOK
[2026-09-16 13:26:06] apathyharbi | gencler altınızda trail var mace cıkaralım? | enyakin=- puan=0 sebep=ESLESME_YOK
[2026-09-16 13:38:39] Orkinos_babaaaa | nerden aldın la | enyakin=- puan=0 sebep=ESLESME_YOK
[2026-09-16 13:42:04] apathyharbi | Orkinos_babaaaa kaç tane lazım | enyakin=- puan=0 sebep=ESLESME_YOK
[2026-09-16 13:42:29] Orkinos_babaaaa | ne kadar istion | enyakin=- puan=0 sebep=ESLESME_YOK
[2026-09-16 13:48:13] mertrrw | onley van ? | enyakin=- puan=0 sebep=ESLESME_YOK
[2026-09-16 13:48:36] Orkinos_babaaaa | büyü kitabı satan köylü neydi | enyakin=buyu-masasi puan=1 sebep=SINYAL_ZAYIF
[2026-09-16 13:50:55] Orkinos_babaaaa | ben neden koydum bunu | enyakin=- puan=0 sebep=ESLESME_YOK
[2026-09-16 13:51:18] kamran2 | patlamıs yer nerede | enyakin=- puan=0 sebep=ESLESME_YOK
[2026-09-16 13:53:48] Orkinos_babaaaa | reis ben hayali zar nerden bulacam | enyakin=- puan=0 sebep=ESLESME_YOK
[2026-09-16 13:56:30] Orkinos_babaaaa | onu nasil becerdin | enyakin=- puan=0 sebep=ESLESME_YOK
[2026-09-16 14:03:58] kamran2 | kim benle takılırr | enyakin=- puan=0 sebep=ESLESME_YOK
[2026-09-16 14:07:15] kamran2 | kesmersin dimi? | enyakin=- puan=0 sebep=ESLESME_YOK
[2026-09-16 14:07:21] Orkinos_babaaaa | niye kesimki | enyakin=- puan=0 sebep=ESLESME_YOK
[2026-09-16 14:15:57] kamran2 | eltra nereden aldın? | enyakin=- puan=0 sebep=ESLESME_YOK
[2026-09-16 14:17:02] kamran2 | banada verirmi? | enyakin=- puan=0 sebep=ESLESME_YOK
[2026-09-16 14:18:34] kamran2 | ne kadar | enyakin=- puan=0 sebep=ESLESME_YOK
[2026-09-16 14:36:56] Orkinos_babaaaa | nasıl ky verecem | enyakin=- puan=0 sebep=ESLESME_YOK
[2026-09-16 14:39:02] kamran2 | ne kadar | enyakin=- puan=0 sebep=ESLESME_YOK
[2026-09-16 14:49:30] Orkinos_babaaaa | lava mı düştün | enyakin=- puan=0 sebep=ESLESME_YOK
[2026-09-16 14:59:03] mertrrw | kim vurdu | enyakin=- puan=0 sebep=ESLESME_YOK
[2026-09-16 15:05:52] kamran2 | buyulu varmı? | enyakin=buyu-masasi puan=1 sebep=SINYAL_ZAYIF
[2026-09-16 15:08:44] kamran2 | bana nedr sent yapakmı? | enyakin=- puan=0 sebep=ESLESME_YOK
[2026-09-16 15:09:39] apathyharbi | link geldimi? | enyakin=- puan=0 sebep=ESLESME_YOK
[2026-09-16 15:19:51] Orkinos_babaaaa | apat bide ben hayalı zar nasıl kasacam | enyakin=kasa puan=1 sebep=SINYAL_ZAYIF
[2026-09-16 15:19:51] KiwixMC | beraber mi ayrimi kasilcaz | enyakin=- puan=0 sebep=ESLESME_YOK
[2026-09-16 15:20:04] apathyharbi | hayali zar dediğin nedir tam olarak | enyakin=- puan=0 sebep=ESLESME_YOK
[2026-09-16 15:20:07] KiwixMC | tmm nerde | enyakin=- puan=0 sebep=ESLESME_YOK
[2026-09-16 15:20:36] apathyharbi | phantom kseerek? | enyakin=- puan=0 sebep=ESLESME_YOK
[2026-09-16 15:20:42] JakeMonkey5749 | web sitesine nası giriliyor | enyakin=site-kredi puan=1 sebep=SINYAL_ZAYIF
[2026-09-16 15:21:43] JakeMonkey5749 | kim 1 netherite alir | enyakin=nether-gitme puan=1 sebep=SINYAL_ZAYIF
[2026-09-16 15:21:58] apathyharbi | Orkinos_babaaaa yapabiliceğim birşey yok başka sorun varmı? | enyakin=- puan=0 sebep=ESLESME_YOK
[2026-09-16 15:22:19] KiwixMC | netherite ne kadar jakemonkey5749 | enyakin=nether-gitme puan=1 sebep=SINYAL_ZAYIF
[2026-09-16 15:26:38] mertrrw | nereye koydun la | enyakin=- puan=0 sebep=ESLESME_YOK
[2026-09-16 15:27:18] KiwixMC | lan yine nereye gittin | enyakin=- puan=0 sebep=ESLESME_YOK
[2026-09-16 15:28:04] mertrrw | jake nereye koydun | enyakin=- puan=0 sebep=ESLESME_YOK
[2026-09-16 15:28:06] Arron1 | 30.999 olmaz mı | enyakin=- puan=0 sebep=ESLESME_YOK
[2026-09-16 15:28:15] KiwixMC | niye indirim olur | enyakin=- puan=0 sebep=ESLESME_YOK
[2026-09-16 15:28:30] mertrrw | nereye koydunnnnnnnnn | enyakin=- puan=0 sebep=ESLESME_YOK
[2026-09-16 15:31:17] JoinedCave7476 | neden cicek topluyoz | enyakin=- puan=0 sebep=ESLESME_YOK
[2026-09-16 15:32:21] mertrrw | bizim eve nasıl gidiyoz4 | enyakin=- puan=0 sebep=ESLESME_YOK
[2026-09-16 15:33:10] kamran2 | kim benmi? | enyakin=- puan=0 sebep=ESLESME_YOK
[2026-09-16 15:33:22] BerkayTE3134 | beyler afk yerine nası gidioz | enyakin=kristal puan=1 sebep=SINYAL_ZAYIF
[2026-09-16 15:34:55] JakeMonkey5749 | beyler bir kişiye para nasıl atiliyor | enyakin=para-kazanma puan=1 sebep=SINYAL_ZAYIF
[2026-09-16 15:36:12] kamran2 | ne kadar | enyakin=- puan=0 sebep=ESLESME_YOK
[2026-09-16 15:36:21] JakeMonkey5749 | ne kadar veriyosan | enyakin=- puan=0 sebep=ESLESME_YOK
[2026-09-16 15:39:14] Skyler | nereyeee | enyakin=- puan=0 sebep=ESLESME_YOK
[2026-09-16 15:45:52] kamran2 | nerede tuzak | enyakin=- puan=0 sebep=ESLESME_YOK
[2026-09-16 15:52:40] KiwixMC | kac elmas verdi | enyakin=- puan=0 sebep=ESLESME_YOK
[2026-09-16 15:53:42] KiwixMC | knk sende kac elmas var | enyakin=- puan=0 sebep=ESLESME_YOK
[2026-09-16 15:55:24] KiwixMC | knk iki demirin var mi | enyakin=- puan=0 sebep=ESLESME_YOK
[2026-09-16 15:55:50] kamran2 | nereye gitiin | enyakin=- puan=0 sebep=ESLESME_YOK
[2026-09-16 15:57:04] KiwixMC | knk base yi nereye yapcaz | enyakin=- puan=0 sebep=ESLESME_YOK
[2026-09-16 15:57:31] KiwixMC | hayir yani burdan kazalim mi | enyakin=- puan=0 sebep=ESLESME_YOK
[2026-09-16 15:58:50] kamran2 | azerimisin? | enyakin=- puan=0 sebep=ESLESME_YOK
[2026-09-16 16:00:40] kamran2 | mahmut bana tpa at ok? | enyakin=isinlanma-istegi puan=1 sebep=SINYAL_ZAYIF
[2026-09-16 16:02:23] JoinedCave7476 | niye niye | enyakin=- puan=0 sebep=ESLESME_YOK
[2026-09-16 16:06:58] Am2terdam | neden la | enyakin=- puan=0 sebep=ESLESME_YOK
[2026-09-16 16:18:18] KiwixMC | vira simdi bunu iyilestiricez tamam mi | enyakin=- puan=0 sebep=ESLESME_YOK
[2026-09-16 16:21:04] KiwixMC | bise yapmayin olur mu | enyakin=- puan=0 sebep=ESLESME_YOK
[2026-09-16 16:21:48] Skyler | biri tuzak yaptı ama kim hatırlamıom | enyakin=- puan=0 sebep=ESLESME_YOK
[2026-09-16 16:22:04] KiwixMC | bu zombinin ilesmesi ne kadar surer | enyakin=- puan=0 sebep=ESLESME_YOK
[2026-09-16 16:23:13] Nihad4206 | yeni basemi yapalim? 5stok odunum var | enyakin=- puan=0 sebep=ESLESME_YOK
[2026-09-16 16:28:30] KiwixMC | nihad yatak var mi | enyakin=- puan=0 sebep=ESLESME_YOK
[2026-09-16 16:30:44] JakeMonkey5749 | beyler bı kişiye nasıl para atiyoduk | enyakin=para-kazanma puan=1 sebep=SINYAL_ZAYIF
[2026-09-16 16:36:33] JakeMonkey5749 | 3 altın elmaya kaç lira verirsiniz | enyakin=- puan=0 sebep=ESLESME_YOK
[2026-09-16 16:36:43] KiwixMC | ya niye cikardin koyluyu | enyakin=- puan=0 sebep=ESLESME_YOK
[2026-09-16 16:38:14] KiwixMC | yav vurma koyluye kac kez soliyim daha | enyakin=- puan=0 sebep=ESLESME_YOK
[2026-09-16 16:39:35] JakeMonkey5749 | kim demir kılıç ve demir gögusluk ister | enyakin=- puan=0 sebep=ESLESME_YOK
[2026-09-16 16:39:56] MUSABASDAN1 | elmas set komudu neydi | enyakin=- puan=0 sebep=ESLESME_YOK
[2026-09-16 16:46:33] Kaganninja | oy nası veriyoz | enyakin=oy-verme puan=1 sebep=SINYAL_ZAYIF
[2026-09-16 16:46:38] Am2terdam | apathy olm nasıl buldunla | enyakin=- puan=0 sebep=ESLESME_YOK
[2026-09-16 16:47:46] apathyharbi | link geldimi? | enyakin=- puan=0 sebep=ESLESME_YOK
[2026-09-16 16:47:50] apathyharbi | gelmesi lazım chatte link? | enyakin=- puan=0 sebep=ESLESME_YOK
[2026-09-16 16:50:27] KiwixMC | ya orayi kirma anlamiyon mu | enyakin=- puan=0 sebep=ESLESME_YOK
[2026-09-16 16:50:54] JoinedCave7476 | iyi afk bisey diyene kadar | enyakin=kristal puan=1 sebep=SINYAL_ZAYIF
[2026-09-16 16:52:13] KiwixMC | dort odunun var mi | enyakin=- puan=0 sebep=ESLESME_YOK
[2026-09-16 16:52:48] KiwixMC | dort tane odunun var mi | enyakin=- puan=0 sebep=ESLESME_YOK
[2026-09-16 16:53:43] KiwixMC | la kazmami niye caldin | enyakin=- puan=0 sebep=ESLESME_YOK
[2026-09-16 16:58:42] apathyharbi | svde lag var mı gencler? | enyakin=- puan=0 sebep=ESLESME_YOK
[2026-09-16 17:02:26] KiwixMC | knk tavuk avlayak mi biraz | enyakin=- puan=0 sebep=ESLESME_YOK
[2026-09-16 17:09:02] Swight | ne kadar | enyakin=- puan=0 sebep=ESLESME_YOK
[2026-09-16 17:09:49] Swight | kaç tane var musabasdan | enyakin=- puan=0 sebep=ESLESME_YOK
[2026-09-16 17:20:24] JakeMonkey5749 | taş mı kaldi | enyakin=- puan=0 sebep=ESLESME_YOK
[2026-09-16 17:21:23] KiwixMC | cektin mi | enyakin=- puan=0 sebep=ESLESME_YOK
[2026-09-16 17:21:42] KiwixMC | alo cektin mi | enyakin=- puan=0 sebep=ESLESME_YOK
[2026-09-16 17:25:35] KiwixMC | ya niye beni dusunmuyon | enyakin=- puan=0 sebep=ESLESME_YOK
[2026-09-16 17:27:25] KiwixMC | var mi kazma | enyakin=- puan=0 sebep=ESLESME_YOK
[2026-09-16 17:33:54] apathyharbi | ShinyDart7444 sorun nedir | enyakin=- puan=0 sebep=ESLESME_YOK
[2026-09-16 17:38:39] ShinyDart7444 | herkeste mi var | enyakin=- puan=0 sebep=ESLESME_YOK
[2026-09-16 17:38:56] 34KRAL2525 | event kasası nasıl açılıyo | enyakin=kasa puan=1 sebep=SINYAL_ZAYIF
[2026-09-16 17:39:51] Baldur_in_here | niye loki is here yqpmadin | enyakin=- puan=0 sebep=ESLESME_YOK
[2026-09-16 17:43:04] 34KRAL2525 | oyuna nasıl gircem | enyakin=- puan=0 sebep=ESLESME_YOK
[2026-09-16 17:43:08] 34KRAL2525 | oyuna nasıl gircem | enyakin=- puan=0 sebep=ESLESME_YOK
[2026-09-16 17:44:19] ClowzV1 | Benle kim arkadas olur | enyakin=- puan=0 sebep=ESLESME_YOK
[2026-09-16 17:51:20] ClowzV1 | Knk Bunları nasil dusundun | enyakin=- puan=0 sebep=ESLESME_YOK
[2026-09-16 17:52:51] S19B150 | abi kasba var mı sunucuda vfaya nası açcaz | enyakin=- puan=0 sebep=ESLESME_YOK
[2026-09-16 17:56:58] JakeMonkey5749 | nasi yapcaz | enyakin=- puan=0 sebep=ESLESME_YOK
[2026-09-16 17:57:23] JakeMonkey5749 | bu nasi yonetici aq bişey diyoz cevap vermiyor | enyakin=- puan=0 sebep=ESLESME_YOK
[2026-09-16 18:01:51] dijitaltotofan | hangi sunucunun böyle devaloperi var be | enyakin=- puan=0 sebep=ESLESME_YOK
[2026-09-16 18:02:58] 34KRAL2525 | yağmusu kim kapadı | enyakin=- puan=0 sebep=ESLESME_YOK
[2026-09-16 18:03:04] 34KRAL2525 | yağmuru kim kapadı | enyakin=- puan=0 sebep=ESLESME_YOK
[2026-09-16 18:03:06] 34KRAL2525 | yağmuru kim kapadı | enyakin=- puan=0 sebep=ESLESME_YOK
[2026-09-16 18:03:07] 34KRAL2525 | yağmuru kim kapadı | enyakin=- puan=0 sebep=ESLESME_YOK
[2026-09-16 18:03:07] 34KRAL2525 | yağmuru kim kapadı | enyakin=- puan=0 sebep=ESLESME_YOK
[2026-09-16 18:03:07] 34KRAL2525 | yağmuru kim kapadıt | enyakin=- puan=0 sebep=ESLESME_YOK
[2026-09-16 18:03:08] 34KRAL2525 | yağmuru kim kapadıt | enyakin=- puan=0 sebep=ESLESME_YOK
[2026-09-16 18:03:09] 34KRAL2525 | yağmuru kim kapadıtt | enyakin=- puan=0 sebep=ESLESME_YOK
[2026-09-16 18:03:09] 34KRAL2525 | yağmuru kim kapadıtt | enyakin=- puan=0 sebep=ESLESME_YOK
[2026-09-16 18:03:10] 34KRAL2525 | yağmuru kim kapadıtt | enyakin=- puan=0 sebep=ESLESME_YOK
[2026-09-16 18:08:51] FATIH_POLAT_187 | nasıl gelecem | enyakin=- puan=0 sebep=ESLESME_YOK
[2026-09-16 18:09:42] FATIH_POLAT_187 | nasıl gelecem oraya | enyakin=- puan=0 sebep=ESLESME_YOK
[2026-09-16 18:14:04] S19B150 | sen niye her şeyi yapıyon knjk | enyakin=- puan=0 sebep=ESLESME_YOK
[2026-09-16 18:15:10] ClowzV1 | yami dalga mi gecipn gercekmi | enyakin=- puan=0 sebep=ESLESME_YOK
[2026-09-16 18:15:29] babaanne | 2 mı edıyop sence | enyakin=- puan=0 sebep=ESLESME_YOK
[2026-09-16 18:29:56] FATIH_POLAT_187 | yanınıza nasıl gelecem | enyakin=- puan=0 sebep=ESLESME_YOK
[2026-09-16 18:30:45] S19B150 | para isteye var mı ama ark olmaamız lazım | enyakin=para-kazanma puan=1 sebep=SINYAL_ZAYIF
[2026-09-16 18:34:25] Swight | nerde örs | enyakin=- puan=0 sebep=ESLESME_YOK
[2026-09-16 18:36:18] Ramazan6414 | niye ne kıracan | enyakin=- puan=0 sebep=ESLESME_YOK
[2026-09-16 18:39:02] KURT0619 | sizebi ödülüm var kim kralıınz | enyakin=- puan=0 sebep=ESLESME_YOK
[2026-09-16 18:40:03] topalcoo | ramazan nıye vermedın | enyakin=- puan=0 sebep=ESLESME_YOK
[2026-09-16 18:45:16] mertrrw | pantolonun nerde | enyakin=- puan=0 sebep=ESLESME_YOK
[2026-09-16 18:46:37] Ramazan6414 | ipeksiyi mi | enyakin=- puan=0 sebep=ESLESME_YOK
[2026-09-16 19:02:40] Syrox9945 | ve bana buranın nasıl olsunu söyle misin | enyakin=- puan=0 sebep=ESLESME_YOK
[2026-09-16 19:02:42] SungBeatle3744 | demir set mi yapcan | enyakin=- puan=0 sebep=ESLESME_YOK
[2026-09-16 19:03:43] Menemen_bambam | ark olcak varmı? | enyakin=- puan=0 sebep=ESLESME_YOK
[2026-09-16 19:06:46] Menemen_bambam | ark olcanmı? | enyakin=- puan=0 sebep=ESLESME_YOK
[2026-09-16 19:08:04] Menemen_bambam | yemek verebilcek varmı? | enyakin=- puan=0 sebep=ESLESME_YOK
[2026-09-16 19:12:33] Civcivmadafakir | kasayı nasıl acicam | enyakin=kasa puan=1 sebep=SINYAL_ZAYIF
[2026-09-16 19:13:44] maceswap | st başı ne kadar | enyakin=- puan=0 sebep=ESLESME_YOK
[2026-09-16 19:16:14] maceswap | yoğunluk ne kadar | enyakin=- puan=0 sebep=ESLESME_YOK
[2026-09-16 19:18:00] mertrrw | rehber team den nasıl çıkarım | enyakin=takim puan=1 sebep=SINYAL_ZAYIF
[2026-09-16 19:18:13] ClowzV1 | nasil gelcem | enyakin=- puan=0 sebep=ESLESME_YOK
[2026-09-16 19:20:15] mertrrw | team den nasıl ççıkcam söylermisin rehber | enyakin=takim puan=1 sebep=SINYAL_ZAYIF
[2026-09-16 19:21:28] Syrox9945 | nasıl lobie gidilir | enyakin=- puan=0 sebep=ESLESME_YOK
[2026-09-16 19:24:07] 06erenw06 | arkadasalr ben nerden köylu bulcam | enyakin=- puan=0 sebep=ESLESME_YOK
[2026-09-16 19:25:08] Kaganninja | kazmanda hangi büyüler var | enyakin=buyu-masasi puan=1 sebep=SINYAL_ZAYIF
[2026-09-16 19:25:48] JustDoDucky | ai en yakın köy nerede | enyakin=- puan=0 sebep=ESLESME_YOK
[2026-09-16 19:26:17] xLaku | hayatında ilk defa mı online sunucu oynuyorsun | enyakin=- puan=0 sebep=ESLESME_YOK
[2026-09-16 19:29:47] sevo_16 | yemek vercek var mı? | enyakin=- puan=0 sebep=ESLESME_YOK
[2026-09-16 19:30:27] Kaganninja | mu hahah mu hhaa | enyakin=- puan=0 sebep=ESLESME_YOK
[2026-09-16 19:32:01] S19B150 | eşya vereck var mı | enyakin=- puan=0 sebep=ESLESME_YOK
[2026-09-16 19:32:32] sevo_16 | ney olk? | enyakin=- puan=0 sebep=ESLESME_YOK
[2026-09-16 19:34:44] S19B150 | ark olcak var mı yemin kesmeyem ama sizde beni kesmiyi tpa trap sddeyilim | enyakin=isinlanma-istegi puan=1 sebep=SINYAL_ZAYIF
[2026-09-16 19:35:24] sevo_16 | ama önceden söyliim pvp kötü? | enyakin=savas-etiketi puan=1 sebep=SINYAL_ZAYIF
[2026-09-16 19:37:21] mamilokkovol2 | nasıl elmas kit alcam | enyakin=kit puan=1 sebep=SINYAL_ZAYIF
[2026-09-16 19:37:23] mamilokkovol2 | nasıl elmas kit alcam | enyakin=kit puan=1 sebep=SINYAL_ZAYIF
[2026-09-16 19:37:29] mamilokkovol2 | nasıl elmas kit alcam rehber bey | enyakin=kit puan=1 sebep=SINYAL_ZAYIF
[2026-09-16 19:37:49] S19B150 | eşya vercek var mı bir o ç beni kesdide | enyakin=- puan=0 sebep=ESLESME_YOK
[2026-09-16 19:38:14] mamilokkovol2 | nasıl kit alcam | enyakin=kit puan=1 sebep=SINYAL_ZAYIF
[2026-09-16 19:39:21] JustDoDucky | şişkebabı nasıl adlın | enyakin=- puan=0 sebep=ESLESME_YOK
[2026-09-16 19:39:49] Ramazan6414 | sevo ark olak mı | enyakin=- puan=0 sebep=ESLESME_YOK
[2026-09-16 19:41:54] HeraAndZeus | sunucumuzu nereden buldun jebsXD | enyakin=- puan=0 sebep=ESLESME_YOK
[2026-09-16 19:44:11] 34KRAL2525 | niye öldürdün | enyakin=- puan=0 sebep=ESLESME_YOK
[2026-09-16 19:44:37] jebsXD | nasıl yani | enyakin=- puan=0 sebep=ESLESME_YOK
[2026-09-16 19:45:21] jebsXD | ipeksi kazmasi olan var mi | enyakin=- puan=0 sebep=ESLESME_YOK
[2026-09-16 19:45:25] jebsXD | ipeksi kazmasi olan var mi beyler | enyakin=- puan=0 sebep=ESLESME_YOK
[2026-09-16 19:46:06] jebsXD | ipeksi kazmasi olan var mi | enyakin=- puan=0 sebep=ESLESME_YOK
[2026-09-16 19:51:47] Ramazan6414 | beni mi keseceksiniz botlar | enyakin=- puan=0 sebep=ESLESME_YOK
[2026-09-16 19:56:41] Ramazan6414 | bende 16 kill var ama baya kişiybircok kez kestim kaç farklı kişii kere mişim gözuküyormu rehbeŕyda adöin | enyakin=- puan=0 sebep=ESLESME_YOK
[2026-09-16 20:06:32] sevo_16 | ark olmcn mı? | enyakin=- puan=0 sebep=ESLESME_YOK
[2026-09-16 20:06:42] mamilokkovol2 | ben nasıl shulker yapcam | enyakin=- puan=0 sebep=ESLESME_YOK
[2026-09-16 20:07:01] RubyMango4940 | Rehber Bey nasıl spawnna dönücem yeniyim | enyakin=spawn-warp puan=1 sebep=SINYAL_ZAYIF
[2026-09-16 20:10:02] mamilokkovol2 | kim bana para verdi | enyakin=para-kazanma puan=1 sebep=SINYAL_ZAYIF
[2026-09-16 20:12:43] ilkerbaba | niye aldın | enyakin=- puan=0 sebep=ESLESME_YOK
[2026-09-16 20:36:26] grandbabapito | nasıl alcaaam | enyakin=- puan=0 sebep=ESLESME_YOK
[2026-09-16 20:39:39] Syrox9945 | !sa pvp atcak vsr mı | enyakin=savas-etiketi puan=1 sebep=SINYAL_ZAYIF
[2026-09-16 20:40:01] SOYKAN5441 | antik kalıntı isteyen? | enyakin=- puan=0 sebep=ESLESME_YOK
[2026-09-16 20:40:35] sevo_16 | ndn beyaz? | enyakin=- puan=0 sebep=ESLESME_YOK
[2026-09-16 20:42:50] sevo_16 | taşın vr mı? | enyakin=- puan=0 sebep=ESLESME_YOK
[2026-09-16 20:44:05] grandbabapito | nasıl vercem | enyakin=- puan=0 sebep=ESLESME_YOK
[2026-09-16 20:48:20] Doruk02 | nasıl kitap alabilirim | enyakin=- puan=0 sebep=ESLESME_YOK
[2026-09-16 20:48:44] grandbabapito | para nasil atcaaam | enyakin=para-kazanma puan=1 sebep=SINYAL_ZAYIF
[2026-09-16 20:51:08] ugur | nekadar? | enyakin=- puan=0 sebep=ESLESME_YOK
[2026-09-16 20:51:37] grandbabapito | nasıl vercem | enyakin=- puan=0 sebep=ESLESME_YOK
[2026-09-16 20:51:58] grandbabapito | nasıl atcam | enyakin=- puan=0 sebep=ESLESME_YOK
[2026-09-16 20:55:46] ugur | beyler aşma 3-4 büyüsü olan varmı? | enyakin=buyu-masasi puan=1 sebep=SINYAL_ZAYIF
[2026-09-16 21:00:09] Haliko | kim beyaz. odun istiyodul | enyakin=- puan=0 sebep=ESLESME_YOK
[2026-09-16 21:02:30] kadoxpro35 | heyyy nasil takima giriliyo | enyakin=takim puan=1 sebep=SINYAL_ZAYIF
[2026-09-16 21:04:43] egemen1559 | neden gel base yapak | enyakin=- puan=0 sebep=ESLESME_YOK
[2026-09-16 21:04:44] Haliko | knk olak mı | enyakin=- puan=0 sebep=ESLESME_YOK
[2026-09-16 21:05:11] Syrox9945 | lobiye nasıl dönüşür | enyakin=- puan=0 sebep=ESLESME_YOK
[2026-09-16 21:05:20] Haliko | Egemen knk olak mı | enyakin=- puan=0 sebep=ESLESME_YOK
[2026-09-16 21:05:52] Syrox9945 | !lobiye nasıl dönülür | enyakin=- puan=0 sebep=ESLESME_YOK
[2026-09-16 21:05:52] ilkerbaba | sen o eşyaları nerden buldun | enyakin=- puan=0 sebep=ESLESME_YOK
[2026-09-16 21:07:04] ilkerbaba | bana yok mu | enyakin=- puan=0 sebep=ESLESME_YOK
[2026-09-16 21:07:33] kadoxpro35 | hey takima alim yok mu | enyakin=takim puan=1 sebep=SINYAL_ZAYIF
[2026-09-16 21:09:32] Haliko | kime geldi | enyakin=- puan=0 sebep=ESLESME_YOK
[2026-09-16 21:14:47] sevo_16 | bidaha kabul etsene? | enyakin=- puan=0 sebep=ESLESME_YOK
[2026-09-16 21:16:30] kadoxpro35 | burda odul kazanabilecegim parkur gibi yerler var mi | enyakin=- puan=0 sebep=ESLESME_YOK
[2026-09-16 21:17:02] kadoxpro35 | parkur fln yok mu | enyakin=- puan=0 sebep=ESLESME_YOK
[2026-09-16 21:21:22] Haliko | nasıl atcamm | enyakin=- puan=0 sebep=ESLESME_YOK
[2026-09-16 21:23:45] apathyharbi | anlayamadım? sorun nedir? | enyakin=- puan=0 sebep=ESLESME_YOK
[2026-09-16 21:34:41] ClowzV1 | neden dogal sp kirilmioki | enyakin=- puan=0 sebep=ESLESME_YOK
[2026-09-16 21:35:33] SaTaha | mdorukun arkı kim | enyakin=- puan=0 sebep=ESLESME_YOK
[2026-09-16 21:37:01] kadoxpro35 | hey trail chambersin dgier odalarina nasil gitcem | enyakin=- puan=0 sebep=ESLESME_YOK
[2026-09-16 21:39:22] kadoxpro35 | yav nasil kabul etcem | enyakin=- puan=0 sebep=ESLESME_YOK
[2026-09-16 21:40:53] kadoxpro35 | oda nerde | enyakin=- puan=0 sebep=ESLESME_YOK
[2026-09-16 21:44:01] Mert4646TR | Ne farmı yapabilirim ? ama başlangıç olarak. | enyakin=en-iyi-farm puan=1 sebep=SINYAL_ZAYIF
[2026-09-16 21:47:32] Furondi_Real | nasıl ilan sunacam | enyakin=acik-artirma puan=1 sebep=SINYAL_ZAYIF
[2026-09-16 21:50:09] kadoxpro35 | mace mi buldun | enyakin=- puan=0 sebep=ESLESME_YOK
[2026-09-16 22:02:47] ahmet | beyler elmas kit komut neydi | enyakin=menu puan=1 sebep=SINYAL_ZAYIF
[2026-09-16 22:02:52] Dlight | nası yani | enyakin=- puan=0 sebep=ESLESME_YOK
[2026-09-16 22:05:36] Omeraras1739 | elmas set nasıl aldı | enyakin=- puan=0 sebep=ESLESME_YOK
[2026-09-16 22:11:41] kadoxpro35 | s0awner lar ne kadar pahalai | enyakin=- puan=0 sebep=ESLESME_YOK
[2026-09-16 22:12:23] Dlight | kim yaptı | enyakin=- puan=0 sebep=ESLESME_YOK
[2026-09-16 22:13:09] kadoxpro35 | rehber yok mu | enyakin=- puan=0 sebep=ESLESME_YOK
[2026-09-16 22:16:40] kadoxpro35 | domuz sp degerli mi | enyakin=- puan=0 sebep=ESLESME_YOK
[2026-09-16 22:17:18] kadoxpro35 | domuz sp degerli mi | enyakin=- puan=0 sebep=ESLESME_YOK
[2026-09-16 22:17:25] kadoxpro35 | domuzz sp degerli mi | enyakin=- puan=0 sebep=ESLESME_YOK
[2026-09-16 22:22:31] Omeraras1739 | kabul etsene bi diye bişey mi var | enyakin=- puan=0 sebep=ESLESME_YOK
[2026-09-16 22:22:59] kadoxpro35 | bana sunucuyu tanitabilecek var mi | enyakin=- puan=0 sebep=ESLESME_YOK
[2026-09-16 22:24:15] kadoxpro35 | gelim mi | enyakin=- puan=0 sebep=ESLESME_YOK
[2026-09-16 22:36:42] Dlight | baska odul var mı ahmet | enyakin=- puan=0 sebep=ESLESME_YOK
[2026-09-16 22:37:14] Dlight | vs mi atcanız | enyakin=- puan=0 sebep=ESLESME_YOK
[2026-09-16 22:42:12] Dlight | bana yardım etcek var mı | enyakin=- puan=0 sebep=ESLESME_YOK
[2026-09-16 22:51:37] Dlight | yardim edi̇yi̇m mi̇ | enyakin=- puan=0 sebep=ESLESME_YOK
[2026-09-16 22:51:58] Dlight | 2 3 yemöek veri̇r mi̇si̇n | enyakin=- puan=0 sebep=ESLESME_YOK
[2026-09-16 22:54:00] Omeraras1739 | yardım edeyim mi | enyakin=- puan=0 sebep=ESLESME_YOK
[2026-09-16 22:59:35] topalcoo | neden lan ben servetı sordum | enyakin=- puan=0 sebep=ESLESME_YOK
[2026-09-16 23:00:29] topalcoo | eren knk servet ne kadar | enyakin=- puan=0 sebep=ESLESME_YOK
[2026-09-16 23:04:26] kadoxpro35 | kac veriyon | enyakin=- puan=0 sebep=ESLESME_YOK
[2026-09-16 23:06:36] bosluk1 | o spyi kim aldı | enyakin=- puan=0 sebep=ESLESME_YOK
[2026-09-16 23:07:02] bosluk1 | kim de vardı domuz sp | enyakin=- puan=0 sebep=ESLESME_YOK
[2026-09-16 23:08:15] topalcoo | neden olum | enyakin=olunce-esya puan=1 sebep=SINYAL_ZAYIF
[2026-09-16 23:19:35] Dlight | yemek var mı | enyakin=- puan=0 sebep=ESLESME_YOK
[2026-09-16 23:20:22] Ruzgarin432 | nerden bakcam4 | enyakin=- puan=0 sebep=ESLESME_YOK
[2026-09-16 23:21:44] Ruzgarin432 | niye . yazdı | enyakin=- puan=0 sebep=ESLESME_YOK
[2026-09-16 23:27:54] OnlyVan | ./ardiy yazdınız mı ödül veriyor | enyakin=- puan=0 sebep=ESLESME_YOK
[2026-09-16 23:35:25] ImHypuin | nası sw canlı mı | enyakin=- puan=0 sebep=ESLESME_YOK
[2026-09-16 23:35:49] Dlight | maden niye buluynmuyo burda | enyakin=- puan=0 sebep=ESLESME_YOK
[2026-09-16 23:37:48] Love4omlet | bu görevleri tam anlamadım nasıl oluyo tamamlama | enyakin=gunluk-gorev puan=1 sebep=SINYAL_ZAYIF
[2026-09-16 23:38:34] ImHypuin | kapanmıyo mu | enyakin=- puan=0 sebep=ESLESME_YOK
[2026-09-16 23:38:35] ImHypuin | kapanmıyo mu | enyakin=- puan=0 sebep=ESLESME_YOK
[2026-09-16 23:38:36] ImHypuin | kapanmıyo mu | enyakin=- puan=0 sebep=ESLESME_YOK
[2026-09-16 23:38:40] Love4omlet | dediklerini mi t oplamam lazım, bambu vs diyor | enyakin=- puan=0 sebep=ESLESME_YOK
[2026-09-16 23:39:04] ImHypuin | çocuk oyunu mu bu | enyakin=- puan=0 sebep=ESLESME_YOK
[2026-09-16 23:40:57] kadoxpro35 | macein var mi | enyakin=- puan=0 sebep=ESLESME_YOK
[2026-09-16 23:41:21] kadoxpro35 | mace i olan yok mu | enyakin=- puan=0 sebep=ESLESME_YOK
[2026-09-16 23:42:01] Ruzgarin432 | olum niye en dibe geldik ki | enyakin=olunce-esya puan=1 sebep=SINYAL_ZAYIF
[2026-09-16 23:46:25] Dlight | mesale vasr mi | enyakin=- puan=0 sebep=ESLESME_YOK
[2026-09-16 23:48:08] kadoxpro35 | mace satiyon mu | enyakin=- puan=0 sebep=ESLESME_YOK
[2026-09-16 23:55:30] Ruzgarin432 | wardenla fıght mı atsak | enyakin=- puan=0 sebep=ESLESME_YOK
[2026-09-16 23:56:41] Ruzgarin432 | aga gun ısıgına mı cıksak | enyakin=- puan=0 sebep=ESLESME_YOK
[2026-09-17 00:00:13] Ruzgarin432 | cıksam mı yaaa | enyakin=- puan=0 sebep=ESLESME_YOK
[2026-09-17 00:11:28] Dlight | bana parkur hazırla geccersem hediye ver olur mu | enyakin=- puan=0 sebep=ESLESME_YOK
[2026-09-17 00:19:55] Dlight | cok i̇yi̇mi̇ssi̇n | enyakin=- puan=0 sebep=ESLESME_YOK
[2026-09-17 00:20:25] Dlight | bunlarla nasi kesi̇yi̇m | enyakin=- puan=0 sebep=ESLESME_YOK
[2026-09-17 00:24:24] Dlight | ben nası spawna gelcem | enyakin=spawn-warp puan=1 sebep=SINYAL_ZAYIF
[2026-09-17 00:26:10] Dlight | para nasıl atılıyo birisine | enyakin=para-kazanma puan=1 sebep=SINYAL_ZAYIF
[2026-09-17 00:26:24] Ruzgarin432 | olm ben yeniyim nerden biliyim | enyakin=oyuna-baslama puan=1 sebep=SINYAL_ZAYIF
[2026-09-17 00:27:37] Tenzy01 | hoca bura cpvp mi | enyakin=- puan=0 sebep=ESLESME_YOK
[2026-09-17 00:29:15] Ruzgarin432 | arkadan mı oldurdu | enyakin=- puan=0 sebep=ESLESME_YOK
[2026-09-17 01:05:09] OnlyVan | farklı biom a ışınlayayım mı seni | enyakin=- puan=0 sebep=ESLESME_YOK
[2026-09-17 01:12:22] OnlyVan | seni sıradaki göreve alayım mı | enyakin=gunluk-gorev puan=1 sebep=SINYAL_ZAYIF
[2026-09-17 01:52:57] Love4omlet | nasıl olmuş yerleşke | enyakin=- puan=0 sebep=ESLESME_YOK
[2026-09-17 01:53:51] Love4omlet | köpeğim nasıl:D | enyakin=- puan=0 sebep=ESLESME_YOK
[2026-09-17 07:11:10] thjomas | kasa nası açaroö | enyakin=kasa puan=1 sebep=SINYAL_ZAYIF
[2026-09-17 07:16:58] SEGOV2 | sen neden oraya besa gibi bişi yapıyon | enyakin=- puan=0 sebep=ESLESME_YOK
[2026-09-17 07:18:09] thjomas | xray mi var lan | enyakin=- puan=0 sebep=ESLESME_YOK
[2026-09-17 07:21:59] thjomas | aga xray mi var | enyakin=- puan=0 sebep=ESLESME_YOK
[2026-09-17 07:36:12] cinaryazicioglu | koruma nasi kaldircam | enyakin=- puan=0 sebep=ESLESME_YOK
[2026-09-17 07:37:19] cinaryazicioglu | koruma nasi kapatiliyoo | enyakin=- puan=0 sebep=ESLESME_YOK
[2026-09-17 07:38:11] cinaryazicioglu | ya olm koruma nasi kapaniyo | enyakin=- puan=0 sebep=ESLESME_YOK
[2026-09-17 07:39:23] ClowzV1 | nasi aldin | enyakin=- puan=0 sebep=ESLESME_YOK
[2026-09-17 07:40:31] cinaryazicioglu | ya nasi kalkiyo koruma | enyakin=- puan=0 sebep=ESLESME_YOK
[2026-09-17 07:40:41] ClowzV1 | ustte korumada kac dk yazio | enyakin=- puan=0 sebep=ESLESME_YOK
[2026-09-17 08:10:19] Valentina186684 | okula gitmeyen kim var | enyakin=- puan=0 sebep=ESLESME_YOK
[2026-09-17 09:49:21] Sammet313342 | nasıl sınız | enyakin=- puan=0 sebep=ESLESME_YOK
[2026-09-17 10:45:00] mfa | 30k mi verdi̇n sablona | enyakin=- puan=0 sebep=ESLESME_YOK
[2026-09-17 11:02:01] SaTaha | kk sen kacta okula gidion | enyakin=- puan=0 sebep=ESLESME_YOK
[2026-09-17 11:06:46] mfa | cukur nerde | enyakin=- puan=0 sebep=ESLESME_YOK
[2026-09-17 11:18:37] SaTaha | iki kere nasil kacirdik | enyakin=- puan=0 sebep=ESLESME_YOK
[2026-09-17 11:30:38] mfa | hepsiyle enderpearl mı aldın süzme mal | enyakin=- puan=0 sebep=ESLESME_YOK
[2026-09-17 12:46:41] EnderAdam00 | basein var mı | enyakin=- puan=0 sebep=ESLESME_YOK
[2026-09-17 13:25:16] kamran2 | kim benle takılır | enyakin=- puan=0 sebep=ESLESME_YOK
[2026-09-17 13:32:28] kamran2 | bir iki item veririmisin? | enyakin=- puan=0 sebep=ESLESME_YOK
[2026-09-17 13:42:10] KeremQA_22 | shulker beleş vercem istiyen var mı | enyakin=- puan=0 sebep=ESLESME_YOK
[2026-09-17 13:43:03] KeremQA_22 | nası verim | enyakin=- puan=0 sebep=ESLESME_YOK
[2026-09-17 13:44:22] KeremQA_22 | olm ghostmeni nası kesemiynuz | enyakin=- puan=0 sebep=ESLESME_YOK
[2026-09-17 13:44:54] KeremQA_22 | team olcak var mı | enyakin=takim puan=1 sebep=SINYAL_ZAYIF
[2026-09-17 13:49:18] straykidd | öldürmicen di mi | enyakin=- puan=0 sebep=ESLESME_YOK
[2026-09-17 13:49:44] ahmet | güzevnmiyosan niye vereyim?, | enyakin=- puan=0 sebep=ESLESME_YOK
[2026-09-17 13:52:23] straykidd | neden ksılıyorsun ki çok iyi setlerin var | enyakin=- puan=0 sebep=ESLESME_YOK
[2026-09-17 14:31:42] yekoo | kamran takım olalım mı | enyakin=takim puan=1 sebep=SINYAL_ZAYIF
[2026-09-17 14:34:55] kamran2 | bu mu itemlann | enyakin=- puan=0 sebep=ESLESME_YOK
[2026-09-17 14:40:45] kamran2 | neden yapıyonuz | enyakin=- puan=0 sebep=ESLESME_YOK
[2026-09-17 14:40:52] yekoo | kamran yaş kaç | enyakin=- puan=0 sebep=ESLESME_YOK
[2026-09-17 14:43:09] kamran2 | acemi korumanı nasıl aktıv edeyim | enyakin=- puan=0 sebep=ESLESME_YOK
[2026-09-17 14:48:10] yekoo | warden var niye kabul ediyon | enyakin=- puan=0 sebep=ESLESME_YOK
[2026-09-17 14:49:30] kamran2 | kesmeyeceksen? | enyakin=- puan=0 sebep=ESLESME_YOK
[2026-09-17 14:51:31] kamran2 | acemi korumasını nasıl aktiv yapayımm | enyakin=- puan=0 sebep=ESLESME_YOK
[2026-09-17 14:54:38] yigit67 | java mı bed rojk mu | enyakin=- puan=0 sebep=ESLESME_YOK
[2026-09-17 14:55:09] yigit67 | bedrak mı | enyakin=- puan=0 sebep=ESLESME_YOK
[2026-09-17 14:55:46] yigit67 | java mı bedrack mı | enyakin=- puan=0 sebep=ESLESME_YOK
[2026-09-17 15:14:48] yigit67 | nasıl korumayı kapatcam | enyakin=- puan=0 sebep=ESLESME_YOK
[2026-09-17 15:23:45] KiwixMC | seti olan biri var mi bide demir ve parasi | enyakin=para-kazanma puan=1 sebep=SINYAL_ZAYIF
[2026-09-17 15:33:29] KiwixMC | hangi ev | enyakin=- puan=0 sebep=ESLESME_YOK
[2026-09-17 15:39:05] kamran2 | nasıl isnlanıyım adayaa | enyakin=- puan=0 sebep=ESLESME_YOK
[2026-09-17 15:39:27] KiwixMC | para nasi kasabilirim bes bin param var | enyakin=para-kazanma puan=1 sebep=SINYAL_ZAYIF
[2026-09-17 15:41:16] yigit67 | kim oldurdu | enyakin=- puan=0 sebep=ESLESME_YOK
[2026-09-17 15:44:57] KeremQA_22 | aktif yok mu | enyakin=- puan=0 sebep=ESLESME_YOK
[2026-09-17 15:48:10] KiwixMC | yunu olan var mi | enyakin=- puan=0 sebep=ESLESME_YOK
[2026-09-17 15:54:06] AvenKnot | takım olcak varmı? | enyakin=takim puan=1 sebep=SINYAL_ZAYIF
[2026-09-17 16:09:51] kamran2 | tahda vrmı? | enyakin=- puan=0 sebep=ESLESME_YOK
[2026-09-17 16:19:29] kamran2 | slker nerede | enyakin=- puan=0 sebep=ESLESME_YOK
[2026-09-17 16:23:56] AvenKnot | kalıntıları aldı mı | enyakin=- puan=0 sebep=ESLESME_YOK
[2026-09-17 16:25:46] KeremQA_22 | team olcak var mı | enyakin=takim puan=1 sebep=SINYAL_ZAYIF
[2026-09-17 16:28:08] adala7 | Sana mı sorcaz | enyakin=- puan=0 sebep=ESLESME_YOK
[2026-09-17 16:30:58] KeremQA_22 | Am2dstrem gelcen mi yine | enyakin=- puan=0 sebep=ESLESME_YOK
[2026-09-17 16:35:40] kamran2 | ne kadar oldu | enyakin=- puan=0 sebep=ESLESME_YOK
[2026-09-17 16:36:20] Swight | admin büyü nası kaldırıyoz | enyakin=buyu-masasi puan=1 sebep=SINYAL_ZAYIF
[2026-09-17 16:41:10] MUSABASDAN1 | bu kaç k | enyakin=- puan=0 sebep=ESLESME_YOK
[2026-09-17 16:43:23] ClowzV1 | Adalet nerede kaldı be | enyakin=- puan=0 sebep=ESLESME_YOK
[2026-09-17 16:44:41] OnlyVan | küfür ss i var mı elinde | enyakin=- puan=0 sebep=ESLESME_YOK
[2026-09-17 16:47:24] 34KRAL2525 | kaç tane lazım | enyakin=- puan=0 sebep=ESLESME_YOK
[2026-09-17 16:51:09] BitTooth4593 | netherda kaldım normal dünyaya nasıl gidilir | enyakin=nether-gitme puan=1 sebep=SINYAL_ZAYIF
[2026-09-17 16:56:40] BitTooth4593 | netherda kaldım normal dünyaya nasıl gidilir | enyakin=nether-gitme puan=1 sebep=SINYAL_ZAYIF
[2026-09-17 16:57:32] Ramazan6414 | acmısın? | enyakin=- puan=0 sebep=ESLESME_YOK
[2026-09-17 16:58:15] kamran2 | elmas gerlimi? | enyakin=- puan=0 sebep=ESLESME_YOK
[2026-09-17 16:58:28] kamran2 | ne kadar | enyakin=- puan=0 sebep=ESLESME_YOK
[2026-09-17 16:58:45] 34KRAL2525 | netherite yükseltmesi nereden alınır | enyakin=nether-gitme puan=1 sebep=SINYAL_ZAYIF
[2026-09-17 16:58:58] 34KRAL2525 | ne kadar | enyakin=- puan=0 sebep=ESLESME_YOK
[2026-09-17 16:59:12] 34KRAL2525 | ne kadar piyasası | enyakin=- puan=0 sebep=ESLESME_YOK
[2026-09-17 17:00:31] 34KRAL2525 | piyasası ne kadar netherite yüksetlmesi | enyakin=nether-gitme puan=1 sebep=SINYAL_ZAYIF
[2026-09-17 17:00:55] 34KRAL2525 | 23500 kaç tane veririsin | enyakin=- puan=0 sebep=ESLESME_YOK
[2026-09-17 17:02:51] kamran2 | neden yapamıyom zırh\ | enyakin=- puan=0 sebep=ESLESME_YOK
[2026-09-17 17:04:16] AvenKnot | kaç kere sorcam | enyakin=- puan=0 sebep=ESLESME_YOK
[2026-09-17 17:05:29] 34KRAL2525 | sayfa nasıl yapğılır dedim elimde bilgi yok dio | enyakin=- puan=0 sebep=ESLESME_YOK
[2026-09-17 17:05:54] 34KRAL2525 | nerden bulunur | enyakin=- puan=0 sebep=ESLESME_YOK
[2026-09-17 17:06:35] kamran2 | nasıl yapıcan nedr | enyakin=- puan=0 sebep=ESLESME_YOK
[2026-09-17 17:07:05] kamran2 | nasıl yapıcazz | enyakin=- puan=0 sebep=ESLESME_YOK
[2026-09-17 17:07:49] kamran2 | neden 31 tanee verdin | enyakin=- puan=0 sebep=ESLESME_YOK
[2026-09-17 17:08:35] AvenKnot | arkadaş mı | enyakin=- puan=0 sebep=ESLESME_YOK
[2026-09-17 17:15:12] kamran2 | nasıl yapayım | enyakin=- puan=0 sebep=ESLESME_YOK
[2026-09-17 17:16:56] kamran2 | nasıl yapayımm | enyakin=- puan=0 sebep=ESLESME_YOK
[2026-09-17 17:17:55] kamran2 | ne kadar vereyim | enyakin=- puan=0 sebep=ESLESME_YOK
[2026-09-17 17:18:06] AvenKnot | aldın mı sen shulkerı | enyakin=- puan=0 sebep=ESLESME_YOK
[2026-09-17 17:22:49] AvenKnot | neden sence | enyakin=- puan=0 sebep=ESLESME_YOK
[2026-09-17 17:27:47] kamran2 | neden yapıyonn | enyakin=- puan=0 sebep=ESLESME_YOK
[2026-09-17 17:28:51] sevo_16 | ya ben sana ne yaptım? | enyakin=- puan=0 sebep=ESLESME_YOK
[2026-09-17 17:41:01] Ramazan6414 | ne alıyor? | enyakin=- puan=0 sebep=ESLESME_YOK
[2026-09-17 17:42:03] mamilokkovol2 | verimlilik 3 ne kadar | enyakin=- puan=0 sebep=ESLESME_YOK
[2026-09-17 17:43:01] Ramazan6414 | eren verimlilik 3 80 k mı oha a | enyakin=- puan=0 sebep=ESLESME_YOK
[2026-09-17 17:43:36] 06erenw06 | neden geliyim spawna | enyakin=spawn-warp puan=1 sebep=SINYAL_ZAYIF
[2026-09-17 17:49:43] kamran2 | sabah kacda gireceksin? | enyakin=- puan=0 sebep=ESLESME_YOK
[2026-09-17 17:53:43] 34KRAL2525 | demir kaç tane lazım | enyakin=- puan=0 sebep=ESLESME_YOK
[2026-09-17 17:54:01] 34KRAL2525 | kaç tane var | enyakin=- puan=0 sebep=ESLESME_YOK
[2026-09-17 17:54:15] 34KRAL2525 | ne kadar veriyon | enyakin=- puan=0 sebep=ESLESME_YOK
[2026-09-17 17:54:17] 06erenw06 | çok var ne kadar isiton | enyakin=- puan=0 sebep=ESLESME_YOK
[2026-09-17 17:54:21] 34KRAL2525 | kemik ne kadar | enyakin=- puan=0 sebep=ESLESME_YOK
[2026-09-17 17:55:21] 34KRAL2525 | ne kadar | enyakin=- puan=0 sebep=ESLESME_YOK
[2026-09-17 17:55:46] 06erenw06 | 1000 e 40 tane verim ? | enyakin=- puan=0 sebep=ESLESME_YOK
[2026-09-17 17:58:04] mdoruk | nası base yapabilirmisin | enyakin=- puan=0 sebep=ESLESME_YOK
[2026-09-17 18:01:20] mdoruk | fazla varmı ? | enyakin=- puan=0 sebep=ESLESME_YOK
[2026-09-17 18:01:46] apathyharbi | sorun nedir ben yardımcı olayım Y4SINEFF | enyakin=- puan=0 sebep=ESLESME_YOK
[2026-09-17 18:02:15] Barlas93 | Kordinat nasıl olsun | enyakin=- puan=0 sebep=ESLESME_YOK
[2026-09-17 18:04:38] mamilokkovol2 | onu nasıl eve götürcem | enyakin=- puan=0 sebep=ESLESME_YOK
[2026-09-17 18:05:49] mdoruk | abi nasıl eltra aldı | enyakin=- puan=0 sebep=ESLESME_YOK
[2026-09-17 18:06:12] ShinyDart7444 | kral kaç veriyon | enyakin=- puan=0 sebep=ESLESME_YOK
[2026-09-17 18:08:01] LakuWasTaken | armadildo neden ölmüyor | enyakin=- puan=0 sebep=ESLESME_YOK
[2026-09-17 18:11:04] 34KRAL2525 | elitra nerde | enyakin=- puan=0 sebep=ESLESME_YOK
[2026-09-17 18:11:30] ShinyDart7444 | sen beni niye kesyin | enyakin=- puan=0 sebep=ESLESME_YOK
[2026-09-17 18:11:37] ShinyDart7444 | niye kestin | enyakin=- puan=0 sebep=ESLESME_YOK
[2026-09-17 18:12:55] ShinyDart7444 | niye aldin | enyakin=- puan=0 sebep=ESLESME_YOK
[2026-09-17 18:13:01] 34KRAL2525 | la ben almadim i̇yi̇ mi̇si̇n | enyakin=- puan=0 sebep=ESLESME_YOK
[2026-09-17 18:20:17] 34KRAL2525 | fişek ne kadar | enyakin=- puan=0 sebep=ESLESME_YOK
[2026-09-17 18:20:18] maceswap | hangi sp | enyakin=- puan=0 sebep=ESLESME_YOK
[2026-09-17 18:20:27] 34KRAL2525 | fişek ne kadar | enyakin=- puan=0 sebep=ESLESME_YOK
[2026-09-17 18:21:56] ShinyDart7444 | olm niye aldin | enyakin=- puan=0 sebep=ESLESME_YOK
[2026-09-17 18:22:18] 34KRAL2525 | para ne kadar demiştik | enyakin=para-kazanma puan=1 sebep=SINYAL_ZAYIF
[2026-09-17 18:23:07] maceswap | ne kadar diyosun goleme | enyakin=- puan=0 sebep=ESLESME_YOK
[2026-09-17 18:24:52] maceswap | parası ne kadar | enyakin=para-kazanma puan=1 sebep=SINYAL_ZAYIF
[2026-09-17 18:25:15] ClowzV1 | Kac verirsin sole anlasalüm | enyakin=- puan=0 sebep=ESLESME_YOK
[2026-09-17 18:25:29] ShinyDart7444 | nasi cikicam | enyakin=- puan=0 sebep=ESLESME_YOK
[2026-09-17 18:27:16] Ruzgarin432 | only van abi afk mı | enyakin=kristal puan=1 sebep=SINYAL_ZAYIF
[2026-09-17 18:27:24] yusuf | beyler kasıyor ne yapmalıyım | enyakin=oyuna-baslama puan=2 sebep=SINYAL_ZAYIF
[2026-09-17 18:28:10] maceswap | ne kadar | enyakin=- puan=0 sebep=ESLESME_YOK
[2026-09-17 18:28:19] maceswap | ne kadar | enyakin=- puan=0 sebep=ESLESME_YOK
[2026-09-17 18:28:43] ClowzV1 | kk ben nasil set fln alabilirim | enyakin=- puan=0 sebep=ESLESME_YOK
[2026-09-17 18:28:46] JakeMonkey5749 | olum niye tohum koyamıyom | enyakin=olunce-esya puan=1 sebep=SINYAL_ZAYIF
[2026-09-17 18:28:49] Clawwolf | ne gibi dark? | enyakin=- puan=0 sebep=ESLESME_YOK
[2026-09-17 18:29:26] Ruzgarin432 | pvp acık mu | enyakin=savas-etiketi puan=1 sebep=SINYAL_ZAYIF
[2026-09-17 18:29:34] Clawwolf | ne gibi dark? ne yapayım | enyakin=- puan=0 sebep=ESLESME_YOK
[2026-09-17 18:30:54] Clawwolf | tmm arkadaş olalımmı? | enyakin=- puan=0 sebep=ESLESME_YOK
[2026-09-17 18:33:51] Ruzgarin432 | ayılar takımından biri beni tp leye bilir mi | enyakin=takim puan=1 sebep=SINYAL_ZAYIF
[2026-09-17 18:37:00] Dlight | item var mı | enyakin=- puan=0 sebep=ESLESME_YOK
[2026-09-17 18:38:37] Dlight | yemek var mı | enyakin=- puan=0 sebep=ESLESME_YOK
[2026-09-17 18:39:52] egemen1559 | adın neydi | enyakin=- puan=0 sebep=ESLESME_YOK
[2026-09-17 18:40:25] egemen1559 | base bulduğumuz adın neydi | enyakin=- puan=0 sebep=ESLESME_YOK
[2026-09-17 18:40:30] egemen1559 | niçin neydi | enyakin=- puan=0 sebep=ESLESME_YOK
[2026-09-17 18:41:36] Ruzgarin432 | nasıl takım istegi atıyoruz | enyakin=takim puan=1 sebep=SINYAL_ZAYIF
[2026-09-17 18:41:42] Clawwolf | berkayte bu zenginlik nerden geliyo | enyakin=para-kazanma puan=1 sebep=SINYAL_ZAYIF
[2026-09-17 18:42:09] Clawwolf | berkayte bu zenginlik nerden geliyo | enyakin=para-kazanma puan=1 sebep=SINYAL_ZAYIF
[2026-09-17 18:42:11] Clawwolf | berkayte bu zenginlik nerden geliyo?? | enyakin=para-kazanma puan=1 sebep=SINYAL_ZAYIF
[2026-09-17 18:42:16] Clawwolf | berkayte bu zenginlik nerden geliyo?? | enyakin=para-kazanma puan=1 sebep=SINYAL_ZAYIF
[2026-09-17 18:42:20] ugur | tm nasıl galiniyor? | enyakin=- puan=0 sebep=ESLESME_YOK
[2026-09-17 18:49:51] Dark | eren kaç zümrüt istiyon | enyakin=- puan=0 sebep=ESLESME_YOK
[2026-09-17 18:51:32] Davelport | neden abi | enyakin=- puan=0 sebep=ESLESME_YOK
[2026-09-17 18:52:16] Davelport | neden abi | enyakin=- puan=0 sebep=ESLESME_YOK
[2026-09-17 18:52:46] Davelport | neden abi | enyakin=- puan=0 sebep=ESLESME_YOK
[2026-09-17 18:53:27] 06erenw06 | sen kaç istersin yada | enyakin=- puan=0 sebep=ESLESME_YOK
[2026-09-17 18:54:08] Davelport | abiler neden beni öldürmek istiyorsunuz | enyakin=- puan=0 sebep=ESLESME_YOK
[2026-09-17 18:55:35] JakeMonkey5749 | niye oldurdun | enyakin=- puan=0 sebep=ESLESME_YOK
[2026-09-17 19:00:37] Ruzgarin432 | sen bana mı dedin | enyakin=- puan=0 sebep=ESLESME_YOK
[2026-09-17 19:00:58] topalcoo | ne kadar var | enyakin=- puan=0 sebep=ESLESME_YOK
[2026-09-17 19:01:01] 06erenw06 | kırılmazlık 3 verimlilik 3 e ? | enyakin=- puan=0 sebep=ESLESME_YOK
[2026-09-17 19:01:05] Clawwolf | benden şey istemiştin neydi o | enyakin=- puan=0 sebep=ESLESME_YOK
[2026-09-17 19:04:31] Davelport | abi base yapalım mı | enyakin=- puan=0 sebep=ESLESME_YOK
[2026-09-17 19:05:08] Davelport | neden abi | enyakin=- puan=0 sebep=ESLESME_YOK
[2026-09-17 19:07:09] Davelport | bu kim abi | enyakin=- puan=0 sebep=ESLESME_YOK
[2026-09-17 19:10:54] Clawwolf | sağol OverLord bide şey ummm arkadaş olalımmı? | enyakin=- puan=0 sebep=ESLESME_YOK
[2026-09-17 19:11:37] neksteysinmamut | parayı nasıl kasiyonuz | enyakin=para-kazanma puan=1 sebep=SINYAL_ZAYIF
[2026-09-17 19:12:34] Davelport | nereye base yapcaz | enyakin=- puan=0 sebep=ESLESME_YOK
[2026-09-17 19:13:01] Davelport | nereye base yapak | enyakin=- puan=0 sebep=ESLESME_YOK
[2026-09-17 19:13:02] Davelport | nereye base yapak | enyakin=- puan=0 sebep=ESLESME_YOK
[2026-09-17 19:13:11] Davelport | nereye base yapak | enyakin=- puan=0 sebep=ESLESME_YOK
[2026-09-17 19:13:13] Davelport | nereye base yapak. | enyakin=- puan=0 sebep=ESLESME_YOK
[2026-09-17 19:13:14] Davelport | nereye base yapak. | enyakin=- puan=0 sebep=ESLESME_YOK
[2026-09-17 19:17:40] ugur | evet takımıza gel istersen? | enyakin=takim puan=1 sebep=SINYAL_ZAYIF
[2026-09-17 19:18:31] Clawlion | mace abi ada ne? | enyakin=gokyuzu-etkinlik puan=1 sebep=SINYAL_ZAYIF
[2026-09-17 19:19:36] Davelport | xray mı var | enyakin=- puan=0 sebep=ESLESME_YOK
[2026-09-17 19:21:45] Davelport | buraya base yapak mı | enyakin=- puan=0 sebep=ESLESME_YOK
[2026-09-17 19:23:59] Clawwolf | trap değil dimi setli gelmedim? | enyakin=site-paket puan=1 sebep=SINYAL_ZAYIF
[2026-09-17 19:24:32] Davelport | neden mute yiyeyim | enyakin=- puan=0 sebep=ESLESME_YOK
[2026-09-17 19:24:35] Clawwolf | ne arıyonuz? | enyakin=- puan=0 sebep=ESLESME_YOK
[2026-09-17 19:26:45] ugur | olum niye gitin? | enyakin=olunce-esya puan=1 sebep=SINYAL_ZAYIF
[2026-09-17 19:30:05] Dlight | alşım mı onları | enyakin=- puan=0 sebep=ESLESME_YOK
[2026-09-17 19:33:26] Clawwolf | joke öldünmü? | enyakin=- puan=0 sebep=ESLESME_YOK
[2026-09-17 19:34:47] Ramazan6414 | madenren gelen puanı neden duşürdüler | enyakin=seviye puan=1 sebep=SINYAL_ZAYIF
[2026-09-17 19:40:32] sevo_16 | kırık taş vr mı? | enyakin=- puan=0 sebep=ESLESME_YOK
[2026-09-17 19:44:10] apathyharbi | sorun nedir | enyakin=- puan=0 sebep=ESLESME_YOK
[2026-09-17 19:45:45] Dlight | yardım etcen mi rehber | enyakin=- puan=0 sebep=ESLESME_YOK
[2026-09-17 19:47:31] egemen1559 | bu neti söke söke ver yoksa ben mi alim | enyakin=- puan=0 sebep=ESLESME_YOK
[2026-09-17 19:50:35] apathyharbi | aa neden egemen1559 | enyakin=- puan=0 sebep=ESLESME_YOK
[2026-09-17 19:51:33] Doruk02 | kağıdı olan var mı | enyakin=- puan=0 sebep=ESLESME_YOK
[2026-09-17 19:51:48] kavunadam2 | taki̇mi̇na ali̇cak varmi̇ ben farm yaapri̇m | enyakin=en-iyi-farm puan=1 sebep=SINYAL_ZAYIF
[2026-09-17 19:52:12] TriggerDarex | medya olunuyo mu | enyakin=- puan=0 sebep=ESLESME_YOK
[2026-09-17 19:52:22] Clawwolf | afk iken kesmeye çalısam kim | enyakin=kristal puan=1 sebep=SINYAL_ZAYIF
[2026-09-17 19:52:37] TriggerDarex | medya rankı var mı | enyakin=vip-rutbe puan=1 sebep=SINYAL_ZAYIF
[2026-09-17 19:53:07] ugur | beyler ağır cekirdek elde edelimmi? | enyakin=- puan=0 sebep=ESLESME_YOK
[2026-09-17 20:02:35] JakeMonkey5749 | lan benim eşyalar nerde | enyakin=- puan=0 sebep=ESLESME_YOK
[2026-09-17 20:02:37] Ramazan6414 | kafamdan neden partikül duşuyor | enyakin=- puan=0 sebep=ESLESME_YOK
[2026-09-17 20:03:34] Dlight | rehber ben esya nasıl alcam | enyakin=- puan=0 sebep=ESLESME_YOK
[2026-09-17 20:04:00] Clawwolf | nereye ugur | enyakin=- puan=0 sebep=ESLESME_YOK
[2026-09-17 20:05:44] Ramazan6414 | kafamda neden partikul var a | enyakin=- puan=0 sebep=ESLESME_YOK
[2026-09-17 20:06:53] Dlight | nasi bi̇sey alcam | enyakin=- puan=0 sebep=ESLESME_YOK
[2026-09-17 20:07:35] imrush | ark olcak varmı? | enyakin=- puan=0 sebep=ESLESME_YOK
[2026-09-17 20:08:38] Clawwolf | ugur nerde | enyakin=- puan=0 sebep=ESLESME_YOK
[2026-09-17 20:09:20] imrush | beni daha demin kim kesti la | enyakin=- puan=0 sebep=ESLESME_YOK
[2026-09-17 20:12:48] Clawwolf | görüyoz kim ezik :D | enyakin=- puan=0 sebep=ESLESME_YOK
[2026-09-17 20:13:37] Ramazan6414 | pvp geliştirek mi | enyakin=savas-etiketi puan=1 sebep=SINYAL_ZAYIF
[2026-09-17 20:14:29] Ramazan6414 | netherite mi | enyakin=nether-gitme puan=1 sebep=SINYAL_ZAYIF
[2026-09-17 20:14:33] Ramazan6414 | kaç tane | enyakin=- puan=0 sebep=ESLESME_YOK
[2026-09-17 20:15:29] Ramazan6414 | 2 tane mi lazım | enyakin=- puan=0 sebep=ESLESME_YOK
[2026-09-17 20:16:49] Ramazan6414 | basenyapak mı | enyakin=- puan=0 sebep=ESLESME_YOK
[2026-09-17 20:20:33] egemen1559 | base gel kim kimden yerse | enyakin=- puan=0 sebep=ESLESME_YOK
[2026-09-17 20:21:09] sevo_16 | item verebilecek var mı? | enyakin=- puan=0 sebep=ESLESME_YOK
[2026-09-17 20:25:01] Barlas93 | nasıl olmuş | enyakin=- puan=0 sebep=ESLESME_YOK
[2026-09-17 20:27:08] imrush | doruk o nasıl hafıza | enyakin=- puan=0 sebep=ESLESME_YOK
[2026-09-17 20:30:23] 06erenw06 | knk senbana 1 stack kitap ver ben sana 2 verimlilik 3 veriyim 1 tane krılmazlık veriyim ? | enyakin=- puan=0 sebep=ESLESME_YOK
[2026-09-17 20:32:50] 06erenw06 | 1 tabe net e kaç kitap verirsin | enyakin=- puan=0 sebep=ESLESME_YOK
[2026-09-17 20:33:29] 06erenw06 | 1 külce artı büyü veriyim 45 tane ver ? | enyakin=buyu-masasi puan=1 sebep=SINYAL_ZAYIF
[2026-09-17 20:34:49] JakeMonkey5749 | ne zaman gelirsiniz | enyakin=para-kazanma puan=1 sebep=SINYAL_ZAYIF
[2026-09-17 20:35:02] JakeMonkey5749 | ne zaman oynarsiniz | enyakin=- puan=0 sebep=ESLESME_YOK
[2026-09-17 20:36:47] Barlas93 | izle nasıl gbak | enyakin=- puan=0 sebep=ESLESME_YOK
[2026-09-17 20:38:09] Barlas93 | başka kim | enyakin=- puan=0 sebep=ESLESME_YOK
[2026-09-17 20:41:46] Clawwolf | reis baskın var her yere baktık yoklar nası bulcaz | enyakin=claim-koruma puan=1 sebep=SINYAL_ZAYIF
[2026-09-17 20:43:52] alibaba6376 | ben çektim bir buçuk dakika oldu olur mu | enyakin=- puan=0 sebep=ESLESME_YOK
[2026-09-17 20:46:51] Clawwolf | Hee ne oldu CLawwolf? | enyakin=- puan=0 sebep=ESLESME_YOK
[2026-09-17 20:50:53] mamilokkovol2 | taks mı yapcaz | enyakin=- puan=0 sebep=ESLESME_YOK
[2026-09-17 20:52:10] mamilokkovol2 | bi kaç sitek daha kazarsam ne veririsin | enyakin=site-kredi puan=1 sebep=SINYAL_ZAYIF
[2026-09-17 20:52:23] mamilokkovol2 | bi kaç sitek daha kazarsam ne veririsin ? | enyakin=site-kredi puan=1 sebep=SINYAL_ZAYIF
[2026-09-17 20:53:01] mamilokkovol2 | örs lazım yaparmısın 3 siteğe? | enyakin=site-kredi puan=1 sebep=SINYAL_ZAYIF
[2026-09-17 20:53:22] 06erenw06 | örs mu lazım sana | enyakin=- puan=0 sebep=ESLESME_YOK
[2026-09-17 21:00:59] Clawwolf | versen olurmu? | enyakin=- puan=0 sebep=ESLESME_YOK
[2026-09-17 21:02:26] lonewolf | sana 20k atacam ama benim yuksetmemı al tamam mı | enyakin=- puan=0 sebep=ESLESME_YOK
[2026-09-17 21:07:05] Clawwolf | ben snaa güvenebilirmiyim? | enyakin=- puan=0 sebep=ESLESME_YOK
[2026-09-17 21:08:39] Clawwolf | sen kızmısın? | enyakin=- puan=0 sebep=ESLESME_YOK
[2026-09-17 21:08:48] Clawwolf | bende erkek yaş kaç | enyakin=- puan=0 sebep=ESLESME_YOK
[2026-09-17 21:11:02] dlocan | [event cancelled]arkadaşlar herkese nerde | enyakin=- puan=0 sebep=ESLESME_YOK
[2026-09-17 21:11:24] dlocan | arkadaşlar herkese nerde | enyakin=- puan=0 sebep=ESLESME_YOK
[2026-09-17 21:11:52] dlocan | [event cancelled]arkadaślar herkes nerde | enyakin=- puan=0 sebep=ESLESME_YOK
[2026-09-17 21:14:19] dlocan | [event cancelled]arkadaşlar herkes nerde | enyakin=- puan=0 sebep=ESLESME_YOK
[2026-09-17 21:15:04] dlocan | [event cancelled]herkes nerde | enyakin=- puan=0 sebep=ESLESME_YOK
[2026-09-17 21:16:05] lonewolf | hatta burası senın olur ne dersın? | enyakin=- puan=0 sebep=ESLESME_YOK
[2026-09-17 21:16:23] mamilokkovol2 | bura nasıl alcam üstüme lonewolf | enyakin=- puan=0 sebep=ESLESME_YOK
[2026-09-17 21:20:12] Clawwolf | iyi sen? | enyakin=- puan=0 sebep=ESLESME_YOK
[2026-09-17 21:21:06] dijitaltotofan | örs mü yapcanü | enyakin=- puan=0 sebep=ESLESME_YOK
[2026-09-17 21:25:31] Clawwolf | arkadaş olakmı? | enyakin=- puan=0 sebep=ESLESME_YOK
[2026-09-17 21:26:29] Barlas93 | o nasıl olduğunu | enyakin=- puan=0 sebep=ESLESME_YOK
[2026-09-17 21:27:45] Clawwolf | tp trap gibi hissettim imrush base dedin..? | enyakin=isinlanma-istegi puan=1 sebep=SINYAL_ZAYIF
[2026-09-17 21:32:38] dijitaltotofan | o shulker oyununu ben başlattım bani mi dalondırıyon | enyakin=- puan=0 sebep=ESLESME_YOK
[2026-09-17 21:34:29] Skyler | istersen al abk kim dolantırıcıı | enyakin=- puan=0 sebep=ESLESME_YOK
[2026-09-17 21:37:52] Clawwolf | nası satcam | enyakin=- puan=0 sebep=ESLESME_YOK
[2026-09-17 21:39:03] dijitaltotofan | skayler ucuz dediyin 30k mı | enyakin=- puan=0 sebep=ESLESME_YOK
[2026-09-17 21:41:45] Clawwolf | kaç zümrüte | enyakin=- puan=0 sebep=ESLESME_YOK
[2026-09-17 21:43:31] mesh | madenden hızlı çıkmanın bir yolu var mı | enyakin=- puan=0 sebep=ESLESME_YOK
[2026-09-17 21:44:44] Barlas93 | la nasıl yaptın | enyakin=- puan=0 sebep=ESLESME_YOK
[2026-09-17 21:45:27] Barlas93 | nasıl çöktü aq | enyakin=- puan=0 sebep=ESLESME_YOK
[2026-09-17 21:45:45] Barlas93 | neden ısırdım nmı ısırrrrr | enyakin=- puan=0 sebep=ESLESME_YOK
[2026-09-17 21:45:56] mdoruk | sen mi bii yaptın | enyakin=- puan=0 sebep=ESLESME_YOK
[2026-09-17 21:47:56] mdoruk | niye yeşil | enyakin=- puan=0 sebep=ESLESME_YOK
[2026-09-17 21:52:24] umo | 90 k paran var nasi çok deil mk | enyakin=para-kazanma puan=1 sebep=SINYAL_ZAYIF
[2026-09-17 21:53:43] mdoruk | neden oluo | enyakin=- puan=0 sebep=ESLESME_YOK
[2026-09-17 21:57:23] mdoruk | hangi takımlısın | enyakin=takim puan=1 sebep=SINYAL_ZAYIF
[2026-09-17 22:02:53] umo | abi senin niye dönün yok | enyakin=- puan=0 sebep=ESLESME_YOK
[2026-09-17 22:03:15] umo | biftek nerdeeee | enyakin=- puan=0 sebep=ESLESME_YOK
[2026-09-17 22:07:33] egemen1559 | knk bu devirde kim kime elitra vercek | enyakin=- puan=0 sebep=ESLESME_YOK
[2026-09-17 22:08:20] mesh | nasıl sunucu sarıyor mu | enyakin=- puan=0 sebep=ESLESME_YOK
[2026-09-17 22:08:35] mesh | evn fılan var mı | enyakin=- puan=0 sebep=ESLESME_YOK
[2026-09-17 22:08:54] yesirim | bu smp mi | enyakin=- puan=0 sebep=ESLESME_YOK
[2026-09-17 22:09:15] yesirim | base yer altına mı yapuıyonuz | enyakin=- puan=0 sebep=ESLESME_YOK
[2026-09-17 22:09:56] Clawwolf | ne gibi? | enyakin=- puan=0 sebep=ESLESME_YOK
[2026-09-17 22:17:24] Sulex | nereye gidioz knk | enyakin=- puan=0 sebep=ESLESME_YOK
[2026-09-17 22:19:22] lonewolf | örümcek ağa varmı? | enyakin=- puan=0 sebep=ESLESME_YOK
[2026-09-17 22:21:26] Dlight | yemeklazım mı | enyakin=- puan=0 sebep=ESLESME_YOK
[2026-09-17 22:22:30] Dlight | 10 biftege kac verirsin | enyakin=- puan=0 sebep=ESLESME_YOK
[2026-09-17 22:23:42] yesirim | cpvp mi bu | enyakin=- puan=0 sebep=ESLESME_YOK
[2026-09-17 22:26:48] Ruzgarin432 | dli̇ght afk mi | enyakin=kristal puan=1 sebep=SINYAL_ZAYIF
[2026-09-17 22:27:57] Ruzgarin432 | dli̇ght yasiyo mu | enyakin=- puan=0 sebep=ESLESME_YOK
[2026-09-17 22:28:42] Clawwolf | setin nerde | enyakin=- puan=0 sebep=ESLESME_YOK
[2026-09-17 22:30:18] Dlight | var mı sende | enyakin=- puan=0 sebep=ESLESME_YOK
[2026-09-17 22:30:51] Dlight | yeni baslayan var mı | enyakin=- puan=0 sebep=ESLESME_YOK
[2026-09-17 22:31:07] Clawwolf | ahmet kim | enyakin=- puan=0 sebep=ESLESME_YOK
[2026-09-17 22:32:34] Ruzgarin432 | aga noldu bisey mi soyledin | enyakin=- puan=0 sebep=ESLESME_YOK
[2026-09-17 22:36:06] Knowsunuz1 | bunu nasıl acıcam | enyakin=- puan=0 sebep=ESLESME_YOK
[2026-09-17 22:36:07] PrimusLY | bi youtuber vardı onu komut olarak girince anahtar veriyordu neydi | enyakin=menu puan=1 sebep=SINYAL_ZAYIF
[2026-09-17 22:36:30] Ruzgarin432 | telefon mu | enyakin=- puan=0 sebep=ESLESME_YOK
[2026-09-17 22:36:49] Ruzgarin432 | telefon numarası mı | enyakin=- puan=0 sebep=ESLESME_YOK
[2026-09-17 22:37:36] Knowsunuz1 | aa koruma mı var | enyakin=- puan=0 sebep=ESLESME_YOK
[2026-09-17 22:37:56] Ruzgarin432 | savaş nıye baslamıyo | enyakin=- puan=0 sebep=ESLESME_YOK
[2026-09-17 22:40:18] FATIH_POLAT_187 | nasıl ses konuśuyoz | enyakin=- puan=0 sebep=ESLESME_YOK
[2026-09-17 22:42:28] PrimusLY | o komuttaki anahtar sadece elmas seti mi çıkarıyor | enyakin=menu puan=1 sebep=SINYAL_ZAYIF
[2026-09-17 22:42:36] Dlight | msg var mı bu oyunda | enyakin=- puan=0 sebep=ESLESME_YOK
[2026-09-17 22:46:25] Clawwolf | para nası kascam zeus | enyakin=para-kazanma puan=1 sebep=SINYAL_ZAYIF
[2026-09-17 22:46:34] Clawwolf | para nası kasarım | enyakin=para-kazanma puan=1 sebep=SINYAL_ZAYIF
[2026-09-17 22:48:16] Dlight | set nasıl alıcaz | enyakin=- puan=0 sebep=ESLESME_YOK
[2026-09-17 22:48:49] Ruzgarin432 | rehber başka nasıl alcas yolu varmı | enyakin=- puan=0 sebep=ESLESME_YOK
[2026-09-17 22:49:21] pekercan123 | küfür etmesene dostum? | enyakin=- puan=0 sebep=ESLESME_YOK
[2026-09-17 22:51:17] Dlight | yas kac ruzgar | enyakin=- puan=0 sebep=ESLESME_YOK
[2026-09-17 22:53:47] RiftAnarsi | hocam 2 zombi kestim 2 inek yumurtası çapa ve 1 stek buğday tohumu çıktı normal mi | enyakin=- puan=0 sebep=ESLESME_YOK
[2026-09-17 22:56:03] Clawwolf | apathyharbiarkadaş olakmı? | enyakin=- puan=0 sebep=ESLESME_YOK
[2026-09-17 22:57:59] Clawwolf | rehber neden etrafda base yok | enyakin=- puan=0 sebep=ESLESME_YOK
[2026-09-17 22:59:43] Ruzgarin432 | ??????????????????????****** | enyakin=- puan=0 sebep=ESLESME_YOK
[2026-09-17 23:01:30] Dlight | nası alıcam | enyakin=- puan=0 sebep=ESLESME_YOK
[2026-09-17 23:02:40] Dlight | olur mu rehber | enyakin=- puan=0 sebep=ESLESME_YOK
[2026-09-17 23:04:09] Dlight | kolay cıkıyo mu netheriteler | enyakin=nether-gitme puan=1 sebep=SINYAL_ZAYIF
[2026-09-17 23:04:27] Dlight | ben niye set alamıyom | enyakin=- puan=0 sebep=ESLESME_YOK
[2026-09-17 23:04:54] 06erenw06 | de ki en iyi nethirte hurdası kaçta cıkar | enyakin=- puan=0 sebep=ESLESME_YOK
[2026-09-17 23:07:47] yesirim | büyülü elma ne kadar | enyakin=buyu-masasi puan=1 sebep=SINYAL_ZAYIF
[2026-09-17 23:08:20] apathyharbi | sorun nedir tam olarak? | enyakin=- puan=0 sebep=ESLESME_YOK
[2026-09-17 23:09:01] Clawwolf | nie kimse büyülerimi almıyo? | enyakin=buyu-masasi puan=1 sebep=SINYAL_ZAYIF
[2026-09-17 23:09:46] Dlight | netherite setin var mı | enyakin=nether-gitme puan=1 sebep=SINYAL_ZAYIF
[2026-09-17 23:14:28] Dlight | nası vercem | enyakin=- puan=0 sebep=ESLESME_YOK
[2026-09-17 23:18:04] ItzRealMusty | servet satan? | enyakin=- puan=0 sebep=ESLESME_YOK
[2026-09-17 23:18:56] yesirim | 4 demir mi sence | enyakin=- puan=0 sebep=ESLESME_YOK
[2026-09-17 23:19:30] yesirim | emir mi veriyon bana | enyakin=- puan=0 sebep=ESLESME_YOK
[2026-09-17 23:22:29] Clawwolf | kim dövdü | enyakin=- puan=0 sebep=ESLESME_YOK
[2026-09-17 23:22:55] Knowsunuz1 | hayırdı emir mi verion bakam | enyakin=- puan=0 sebep=ESLESME_YOK
[2026-09-17 23:27:50] Dlight | elmas seti olan var mı | enyakin=- puan=0 sebep=ESLESME_YOK
[2026-09-17 23:30:54] Dlight | elmas seti yedekte olan var mı | enyakin=- puan=0 sebep=ESLESME_YOK
[2026-09-17 23:31:43] Dlight | geliyim mi yanına | enyakin=- puan=0 sebep=ESLESME_YOK
[2026-09-17 23:32:49] Dlight | yedek elmas setin var mı | enyakin=- puan=0 sebep=ESLESME_YOK
[2026-09-17 23:34:23] BerkayTE3134 | kim kesti | enyakin=- puan=0 sebep=ESLESME_YOK
[2026-09-17 23:35:23] SungBeatle3744 | mobilmi pc mi | enyakin=- puan=0 sebep=ESLESME_YOK
[2026-09-17 23:35:33] Dlight | netherite yapcak makne var mı sende | enyakin=nether-gitme puan=1 sebep=SINYAL_ZAYIF
[2026-09-17 23:37:35] Dlight | yay var mı | enyakin=- puan=0 sebep=ESLESME_YOK
[2026-09-17 23:38:15] Dlight | yay var mı | enyakin=- puan=0 sebep=ESLESME_YOK
[2026-09-17 23:38:22] Dlight | yay var mııı | enyakin=- puan=0 sebep=ESLESME_YOK
[2026-09-17 23:41:01] yesirim | nasıl edicen | enyakin=- puan=0 sebep=ESLESME_YOK
[2026-09-17 23:42:21] Clawwolf | rehber kalıntı ne? | enyakin=- puan=0 sebep=ESLESME_YOK
[2026-09-17 23:42:22] Clawwolf | rehber kalıntı ne? | enyakin=- puan=0 sebep=ESLESME_YOK
[2026-09-17 23:42:48] apathyharbi | sorun nedir | enyakin=- puan=0 sebep=ESLESME_YOK
[2026-09-17 23:44:23] Dlight | ben niye set alamıyom | enyakin=- puan=0 sebep=ESLESME_YOK
[2026-09-17 23:45:24] Clawwolf | efendim berkayTE? | enyakin=- puan=0 sebep=ESLESME_YOK
[2026-09-17 23:45:39] Clawwolf | kk nası alcazki | enyakin=- puan=0 sebep=ESLESME_YOK
[2026-09-17 23:46:01] Clawwolf | gösterirmisin? | enyakin=- puan=0 sebep=ESLESME_YOK
[2026-09-17 23:46:15] Clawwolf | efendim berkayTE?? | enyakin=- puan=0 sebep=ESLESME_YOK
[2026-09-17 23:46:45] Clawwolf | gösterirmisin? | enyakin=- puan=0 sebep=ESLESME_YOK
[2026-09-17 23:48:16] SungBeatle3744 | base nereye | enyakin=- puan=0 sebep=ESLESME_YOK
[2026-09-17 23:49:17] Dlight | bende geliyim mi | enyakin=- puan=0 sebep=ESLESME_YOK
[2026-09-17 23:51:37] Clawwolf | sung kabul et? | enyakin=- puan=0 sebep=ESLESME_YOK
[2026-09-17 23:51:47] ItzRealMusty | elmami niye yedin | enyakin=- puan=0 sebep=ESLESME_YOK
[2026-09-17 23:51:48] yesirim | cano rehber 58 zümrğte 1 sitek elmas? | enyakin=site-kredi puan=1 sebep=SINYAL_ZAYIF
[2026-09-17 23:52:33] yesirim | elmas set ne kadar | enyakin=- puan=0 sebep=ESLESME_YOK
[2026-09-17 23:55:10] Dlight | olur mu sung | enyakin=- puan=0 sebep=ESLESME_YOK
[2026-09-17 23:59:30] ItzRealMusty | yükseltme şablonu alacak? | enyakin=- puan=0 sebep=ESLESME_YOK
[2026-09-17 23:59:35] Dlight | kazma var mı | enyakin=- puan=0 sebep=ESLESME_YOK
[2026-09-18 00:00:19] ItzRealMusty | harbi mi vison varmı la | enyakin=- puan=0 sebep=ESLESME_YOK
[2026-09-18 00:00:37] Dlight | demir var mı | enyakin=- puan=0 sebep=ESLESME_YOK
[2026-09-18 00:13:07] Ruzgarin432 | demir balta istiyon mu | enyakin=- puan=0 sebep=ESLESME_YOK
[2026-09-18 00:17:27] Anume4613 | aga bunlar nasil yapiliydou a | enyakin=- puan=0 sebep=ESLESME_YOK
[2026-09-18 00:24:13] caganchart | rehber yapay zeka mı la | enyakin=- puan=0 sebep=ESLESME_YOK
[2026-09-18 00:24:56] Dlight | elmas kac tane var sende | enyakin=- puan=0 sebep=ESLESME_YOK
[2026-09-18 00:25:14] Dlight | pantalon mu yaptın | enyakin=- puan=0 sebep=ESLESME_YOK
[2026-09-18 00:26:41] Dlight | komur var mı | enyakin=- puan=0 sebep=ESLESME_YOK
[2026-09-18 00:26:42] M_SPOWER2204 | eski homeu nasi silioz | enyakin=ev-home puan=1 sebep=SINYAL_ZAYIF
[2026-09-18 00:27:41] Dlight | simdi sen bana yardım et bana komur at olur mu | enyakin=- puan=0 sebep=ESLESME_YOK
[2026-09-18 00:31:17] Dlight | kemik mi tukeyıyon | enyakin=- puan=0 sebep=ESLESME_YOK
[2026-09-18 00:31:28] Dlight | kac kopegin var | enyakin=- puan=0 sebep=ESLESME_YOK
[2026-09-18 00:31:32] aybarsbakdim2749 | buluşalım mı | enyakin=- puan=0 sebep=ESLESME_YOK
[2026-09-18 00:32:54] Ruzgarin432 | 3 tane yeter mi | enyakin=- puan=0 sebep=ESLESME_YOK
[2026-09-18 00:47:20] M_SPOWER2204 | kac blok yukari kazım | enyakin=- puan=0 sebep=ESLESME_YOK
[2026-09-18 00:49:24] caganchart | nası yanı | enyakin=- puan=0 sebep=ESLESME_YOK
[2026-09-18 00:51:28] RiftAnarsi | benimki nerde kaldı bilmiyom sen nasıl getirdin | enyakin=- puan=0 sebep=ESLESME_YOK
[2026-09-18 00:59:42] Anume4613 | sana binsoeu sorcam bura tamamlanmadan niye orayangectin aq | enyakin=- puan=0 sebep=ESLESME_YOK
[2026-09-18 01:25:08] Anume4613 | yavrumnustu az daha kazan mi sana zahmet aljwowjwkej | enyakin=- puan=0 sebep=ESLESME_YOK
[2026-09-18 01:39:06] Anume4613 | sen niye b3nim is yaptigim yeri yapmiyonda ilerinini yapiyoj | enyakin=- puan=0 sebep=ESLESME_YOK
[2026-09-18 01:56:42] xBoraXW | nasıl kasiliyoruz | enyakin=- puan=0 sebep=ESLESME_YOK
[2026-09-18 01:57:38] xBoraXW | oynanır mı burda | enyakin=- puan=0 sebep=ESLESME_YOK
[2026-09-18 07:09:43] Ramazan6414 | ne zaman? | enyakin=- puan=0 sebep=ESLESME_YOK
[2026-09-18 10:41:52] SaTaha | demirler nerde | enyakin=- puan=0 sebep=ESLESME_YOK
[2026-09-18 10:42:13] samsait | kaç tane var | enyakin=- puan=0 sebep=ESLESME_YOK
[2026-09-18 10:48:31] mfa | niye ayrıldın laaaa | enyakin=- puan=0 sebep=ESLESME_YOK
[2026-09-18 10:51:09] mfa | benim sandıklara baksana mutlu ghastlar orda mı | enyakin=- puan=0 sebep=ESLESME_YOK
[2026-09-18 10:52:33] mfa | kemik tozu mu | enyakin=- puan=0 sebep=ESLESME_YOK
[2026-09-18 10:53:13] samsait | kaç tane var sende | enyakin=- puan=0 sebep=ESLESME_YOK
[2026-09-18 11:05:21] mfa | gotune mi sokcan onu | enyakin=- puan=0 sebep=ESLESME_YOK
[2026-09-18 11:29:59] mfa | buyuyunce nası kaccak gorursun | enyakin=buyu-masasi puan=1 sebep=SINYAL_ZAYIF
[2026-09-18 11:32:00] mfa | kartopu mu | enyakin=- puan=0 sebep=ESLESME_YOK
[2026-09-18 11:34:14] OnlyVan | hata nedir | enyakin=- puan=0 sebep=ESLESME_YOK
[2026-09-18 11:36:17] OnlyVan | nasıl isterseniz %50 indirim mevcut sitede | enyakin=site-kredi puan=1 sebep=SINYAL_ZAYIF
[2026-09-18 11:48:10] SaTaha | kac blok var | enyakin=- puan=0 sebep=ESLESME_YOK
[2026-09-18 11:49:37] SaTaha | kac kora | enyakin=- puan=0 sebep=ESLESME_YOK
[2026-09-18 11:51:39] mfa | hayır kordinat okuyamam nereye gideceğimizi kaç blok kaldığını bile goreweyiz | enyakin=- puan=0 sebep=ESLESME_YOK
[2026-09-18 11:56:45] OnlyVan | nasıl istersen öyle yapabilirsin | enyakin=- puan=0 sebep=ESLESME_YOK
[2026-09-18 12:52:14] OnlyVan | nasıl gitti | enyakin=- puan=0 sebep=ESLESME_YOK
[2026-09-18 13:05:48] OnlyVan | spawndaki hologramlar npcler gözüküyor mu sizde | enyakin=spawn-warp puan=1 sebep=SINYAL_ZAYIF
[2026-09-18 13:08:54] Baddcat6609_Qs | ya niye restart atıyyonnn | enyakin=- puan=0 sebep=ESLESME_YOK
[2026-09-18 13:11:14] Baddcat6609_Qs | only abi neden restart attın | enyakin=- puan=0 sebep=ESLESME_YOK
[2026-09-18 13:53:52] belkibirumut | kanaka nereye | enyakin=- puan=0 sebep=ESLESME_YOK
[2026-09-18 14:13:28] Serhatq | badcat beraber oynayak mı | enyakin=- puan=0 sebep=ESLESME_YOK
[2026-09-18 14:27:58] belkibirumut | knka kac | enyakin=- puan=0 sebep=ESLESME_YOK
[2026-09-18 14:32:11] Serhatq | endde olan var mı | enyakin=- puan=0 sebep=ESLESME_YOK
[2026-09-18 15:08:50] Valentina186684 | tanesi 2 k mi | enyakin=- puan=0 sebep=ESLESME_YOK
[2026-09-18 15:13:40] MUHHAMMEDAL | nerye cıkayım | enyakin=- puan=0 sebep=ESLESME_YOK
[2026-09-18 15:18:16] DottyJarl9144 | ben nası gelcem smp ye | enyakin=- puan=0 sebep=ESLESME_YOK
[2026-09-18 15:20:01] OnlyVan | sorun nedir | enyakin=- puan=0 sebep=ESLESME_YOK
[2026-09-18 15:22:34] DottyJarl9144 | ben normal dunyadayım smp nası gelceö | enyakin=- puan=0 sebep=ESLESME_YOK
[2026-09-18 15:23:10] DottyJarl9144 | yanınıza nası gelebilirim spawnlayın yanınıza | enyakin=spawn-warp puan=1 sebep=SINYAL_ZAYIF
[2026-09-18 15:24:19] JakeMonkey5749 | muhenmdedal yeni mi basladin | enyakin=- puan=0 sebep=ESLESME_YOK
[2026-09-18 15:30:02] Clawwolf | ver bana olurmu kaç tane varsa | enyakin=- puan=0 sebep=ESLESME_YOK
[2026-09-18 15:37:43] Knowsunuz1 | satıon mu | enyakin=- puan=0 sebep=ESLESME_YOK
[2026-09-18 15:49:33] belkibirumut | niye yendim | enyakin=- puan=0 sebep=ESLESME_YOK
[2026-09-18 16:07:19] redstar6110 | kim beni le arkataş olursa onun kölesi olurum | enyakin=- puan=0 sebep=ESLESME_YOK
[2026-09-18 16:12:45] Ramazan6414 | set mi normal mi | enyakin=- puan=0 sebep=ESLESME_YOK
[2026-09-18 16:12:57] Ramazan6414 | hangisinden | enyakin=- puan=0 sebep=ESLESME_YOK
[2026-09-18 16:13:23] Ramazan6414 | kaç tane | enyakin=- puan=0 sebep=ESLESME_YOK
[2026-09-18 16:13:38] redstar6110 | kim benim le arkataş olur ama fakirim | enyakin=- puan=0 sebep=ESLESME_YOK
[2026-09-18 16:14:03] Ramazan6414 | jake hangi set tam set mi | enyakin=- puan=0 sebep=ESLESME_YOK
[2026-09-18 16:14:19] JakeMonkey5749 | büyülü mu | enyakin=buyu-masasi puan=1 sebep=SINYAL_ZAYIF
[2026-09-18 16:18:28] ItzRealMusty | ver 5 yada kır 3 satan? | enyakin=- puan=0 sebep=ESLESME_YOK
[2026-09-18 16:20:07] Clawwolf | nası alıyoz | enyakin=- puan=0 sebep=ESLESME_YOK
[2026-09-18 16:25:02] Ramazan6414 | aha koyiyim mi | enyakin=- puan=0 sebep=ESLESME_YOK
[2026-09-18 16:29:44] Clawwolf | kazcan mı gitcen mi | enyakin=- puan=0 sebep=ESLESME_YOK
[2026-09-18 16:32:23] JakeMonkey5749 | kaç tane toplim | enyakin=- puan=0 sebep=ESLESME_YOK
[2026-09-18 16:34:37] imrush | siz ederseniz? | enyakin=- puan=0 sebep=ESLESME_YOK
[2026-09-18 16:40:19] Ramazan6414 | ramo mu Ramazan mı karsında coluk cocuk yok | enyakin=- puan=0 sebep=ESLESME_YOK
[2026-09-18 16:48:27] lonewolf | aşıkmı oldun ? | enyakin=- puan=0 sebep=ESLESME_YOK
[2026-09-18 16:51:50] Uras213 | ben mi sana tplencem sen mi bana tp lencen | enyakin=isinlanma-istegi puan=1 sebep=SINYAL_ZAYIF
[2026-09-18 17:05:29] JakeMonkey5749 | nasi yaziliyo yaser | enyakin=- puan=0 sebep=ESLESME_YOK
[2026-09-18 17:11:26] adala7 | neden illa benim yanıma gelmek istedin | enyakin=- puan=0 sebep=ESLESME_YOK
[2026-09-18 17:12:32] adala7 | kaç yaşındasın | enyakin=- puan=0 sebep=ESLESME_YOK
[2026-09-18 17:12:44] Uras213 | baska yer var mı | enyakin=- puan=0 sebep=ESLESME_YOK
[2026-09-18 17:13:39] ReflexBey | benim baseyi patlatan ismini niye yazmamiş | enyakin=- puan=0 sebep=ESLESME_YOK
[2026-09-18 17:14:16] ReflexBey | asgard kim | enyakin=- puan=0 sebep=ESLESME_YOK
[2026-09-18 17:19:54] adala7 | senin base var mı | enyakin=- puan=0 sebep=ESLESME_YOK
[2026-09-18 17:19:57] Uras213 | takım olcaz tmm mı pinkaxolotI | enyakin=takim puan=1 sebep=SINYAL_ZAYIF
[2026-09-18 17:20:40] tyris_1 | nasıl siscord açıçam | enyakin=- puan=0 sebep=ESLESME_YOK
[2026-09-18 17:22:47] apathyharbi | Baddcat6609_Qs sorun nedir | enyakin=- puan=0 sebep=ESLESME_YOK
[2026-09-18 17:22:49] ThePioneer53 | olalı mı | enyakin=- puan=0 sebep=ESLESME_YOK
[2026-09-18 17:25:02] tyris_1 | ben nasıl rehber olurum | enyakin=- puan=0 sebep=ESLESME_YOK
[2026-09-18 17:27:11] Uras213 | görez mi | enyakin=- puan=0 sebep=ESLESME_YOK
[2026-09-18 17:28:47] Baddcat6609_Qs | ama bana sen veresen olmazmış? | enyakin=- puan=0 sebep=ESLESME_YOK
[2026-09-18 17:28:50] Uras213 | tyris_1 sen kim sin | enyakin=- puan=0 sebep=ESLESME_YOK
[2026-09-18 17:29:08] Serkan_3793 | nie vurdun lan bna niye kesmeye calisdin kurt | enyakin=- puan=0 sebep=ESLESME_YOK
[2026-09-18 17:33:32] 34KRAL2525 | kağıt nereden alınırü | enyakin=- puan=0 sebep=ESLESME_YOK
[2026-09-18 17:34:19] apathyharbi | gencler vote verince spawner alabiliceğiniz bir sistem olsa nasıl olurdu? | enyakin=spawner puan=3 sebep=FARK_YETERSIZ
[2026-09-18 17:34:58] Serkan_3793 | kac stek | enyakin=- puan=0 sebep=ESLESME_YOK
[2026-09-18 17:35:36] apathyharbi | gencler vote verince spawner alabiliceğiniz bir sistem olsa nasıl olurdu? | enyakin=spawner puan=3 sebep=FARK_YETERSIZ
[2026-09-18 17:38:46] ThePioneer53 | olalım mı pekrcan | enyakin=- puan=0 sebep=ESLESME_YOK
[2026-09-18 17:39:52] lonewolf | yaşı -n kac | enyakin=- puan=0 sebep=ESLESME_YOK
[2026-09-18 17:41:18] lonewolf | burası neden bu kadar dar | enyakin=- puan=0 sebep=ESLESME_YOK
[2026-09-18 17:42:33] xDarkness3366 | sen nerden buldun | enyakin=- puan=0 sebep=ESLESME_YOK
[2026-09-18 17:43:10] Uras213 | suhayatır basarımını nasıl yapıyoz | enyakin=- puan=0 sebep=ESLESME_YOK
[2026-09-18 17:43:29] adala7 | Sen ne zamandan oynıyon | enyakin=- puan=0 sebep=ESLESME_YOK
[2026-09-18 17:44:25] Uras213 | AAAAAAAAAAAAAA nasıl böyle isim yaptın be | enyakin=- puan=0 sebep=ESLESME_YOK
[2026-09-18 17:44:28] pekercan123 | kasa nası acıcam admin | enyakin=kasa puan=1 sebep=SINYAL_ZAYIF
[2026-09-18 17:44:52] pekercan123 | kasa nası açıcaz beyler | enyakin=kasa puan=1 sebep=SINYAL_ZAYIF
[2026-09-18 17:46:05] Serkan_3793 | kurt beni niye kesmeye calisdin bn seni kaesdim ne oldu :D | enyakin=- puan=0 sebep=ESLESME_YOK
[2026-09-18 17:47:19] pekercan123 | kasa nası acıcaz aloooo | enyakin=kasa puan=1 sebep=SINYAL_ZAYIF
[2026-09-18 17:48:03] adala7 | benlik bişey var mı | enyakin=- puan=0 sebep=ESLESME_YOK
[2026-09-18 17:48:07] farvex | acemi koruması yok mu | enyakin=- puan=0 sebep=ESLESME_YOK
[2026-09-18 17:48:55] pekercan123 | beyler kasa nası acacaz | enyakin=kasa puan=1 sebep=SINYAL_ZAYIF
[2026-09-18 17:50:24] OverLord | nası olmus | enyakin=- puan=0 sebep=ESLESME_YOK
[2026-09-18 17:51:46] imrush | burda dursun ozmn bu? | enyakin=- puan=0 sebep=ESLESME_YOK
[2026-09-18 17:52:06] Knowsunuz1 | alıon mu OverLord ? | enyakin=- puan=0 sebep=ESLESME_YOK
[2026-09-18 17:52:09] pekercan123 | kasa nası acacaz | enyakin=kasa puan=1 sebep=SINYAL_ZAYIF
[2026-09-18 17:52:15] pekercan123 | kasa nası acacaz beyler | enyakin=kasa puan=1 sebep=SINYAL_ZAYIF
[2026-09-18 17:52:27] lonewolf | nereye gıttın ada | enyakin=gokyuzu-etkinlik puan=1 sebep=SINYAL_ZAYIF
[2026-09-18 17:52:39] Knowsunuz1 | alıon mu OverLord ? | enyakin=- puan=0 sebep=ESLESME_YOK
[2026-09-18 17:53:11] imrush | bunu kaçtan satılır | enyakin=- puan=0 sebep=ESLESME_YOK
[2026-09-18 17:53:22] Uras213 | yokya dirift sarkısını yazıyım mı Knowsunuz1 knk | enyakin=- puan=0 sebep=ESLESME_YOK
[2026-09-18 17:53:36] AAAAAAAAAAAAAA | sabah ne zaman olur | enyakin=- puan=0 sebep=ESLESME_YOK
[2026-09-18 17:54:41] imrush | adam iyimi? | enyakin=- puan=0 sebep=ESLESME_YOK
[2026-09-18 17:57:29] Uras213 | tekne mi ver | enyakin=- puan=0 sebep=ESLESME_YOK
[2026-09-18 18:02:05] gizlioyucu52 | kaç atiyon | enyakin=- puan=0 sebep=ESLESME_YOK
[2026-09-18 18:05:29] mamilokkovol2 | ghast nasıl büyütülüyo | enyakin=buyu-masasi puan=1 sebep=SINYAL_ZAYIF
[2026-09-18 18:05:41] Serkan_3793 | nasi kabul ddioz | enyakin=- puan=0 sebep=ESLESME_YOK
[2026-09-18 18:05:57] mamilokkovol2 | nasıl ghast büyütcem | enyakin=buyu-masasi puan=1 sebep=SINYAL_ZAYIF
[2026-09-18 18:06:01] mamilokkovol2 | nasıl ghast büyütcem acill | enyakin=buyu-masasi puan=1 sebep=SINYAL_ZAYIF
[2026-09-18 18:06:24] Uras213 | bal kabağı vere bilcek var mı | enyakin=- puan=0 sebep=ESLESME_YOK
[2026-09-18 18:06:54] Serkan_3793 | nasi kabul edioz /ne | enyakin=- puan=0 sebep=ESLESME_YOK
[2026-09-18 18:06:59] mamilokkovol2 | nasıl kartopu ver ghasta @rehber | enyakin=- puan=0 sebep=ESLESME_YOK
[2026-09-18 18:07:12] mamilokkovol2 | nasıl kartopu ver ghasta @rehber acilll | enyakin=- puan=0 sebep=ESLESME_YOK
[2026-09-18 18:07:20] mamilokkovol2 | nasıl kartopu ver ghasta @rehber acilll acillll | enyakin=- puan=0 sebep=ESLESME_YOK
[2026-09-18 18:07:24] mamilokkovol2 | nasıl kartopu ver ghasta @rehber acilll acillll @rehber | enyakin=- puan=0 sebep=ESLESME_YOK
[2026-09-18 18:07:32] mamilokkovol2 | nasıl vercem | enyakin=- puan=0 sebep=ESLESME_YOK
[2026-09-18 18:08:58] OverLord | elmasları kim aldı la | enyakin=- puan=0 sebep=ESLESME_YOK
[2026-09-18 18:09:11] kemaladil | ramazan niye böyle bişe yaptın | enyakin=- puan=0 sebep=ESLESME_YOK
[2026-09-18 18:09:58] Anume4613 | over kustukmu niye bana cevap vermiyon | enyakin=- puan=0 sebep=ESLESME_YOK
[2026-09-18 18:10:49] OverLord | sen neden sordun | enyakin=- puan=0 sebep=ESLESME_YOK
[2026-09-18 18:14:13] BSX3425 | arkadaşlar chati nasıl küçültüyoz | enyakin=- puan=0 sebep=ESLESME_YOK
[2026-09-18 18:14:51] gizlioyucu52 | 2 kursu ve 1 stack kiraz kütüğü ve 54 tane kitap ve 31 tane saman balyası var kim ister | enyakin=- puan=0 sebep=ESLESME_YOK
[2026-09-18 18:16:02] gizlioyucu52 | kaç atcan | enyakin=- puan=0 sebep=ESLESME_YOK
[2026-09-18 18:16:16] gizlioyucu52 | kaç atcan | enyakin=- puan=0 sebep=ESLESME_YOK
[2026-09-18 18:16:21] gizlioyucu52 | kaç Atacan | enyakin=- puan=0 sebep=ESLESME_YOK
[2026-09-18 18:16:35] Anume4613 | elmas atilan cisim koeumasi 3 hepsi nasi denk gelsi bilmiyom ama | enyakin=- puan=0 sebep=ESLESME_YOK
[2026-09-18 18:16:44] mamilokkovol2 | en iyi elmas nerde kazılıyo | enyakin=- puan=0 sebep=ESLESME_YOK
[2026-09-18 18:16:54] mamilokkovol2 | en iyi elmas nerde kazılıyo ? | enyakin=- puan=0 sebep=ESLESME_YOK
[2026-09-18 18:16:59] Baddcat6609_Qs | rehber varmış? | enyakin=- puan=0 sebep=ESLESME_YOK
[2026-09-18 18:17:37] mamilokkovol2 | ghast nasıl çağrılıyo | enyakin=- puan=0 sebep=ESLESME_YOK
[2026-09-18 18:18:27] pekercan123 | craft nerde | enyakin=- puan=0 sebep=ESLESME_YOK
[2026-09-18 18:18:29] 34KRAL2525 | ne kadar | enyakin=- puan=0 sebep=ESLESME_YOK
[2026-09-18 18:19:35] mamilokkovol2 | nasıl gastı başka şekilde bağlıcam @rehber | enyakin=- puan=0 sebep=ESLESME_YOK
[2026-09-18 18:19:42] mamilokkovol2 | nasıl gastı başka şekilde bağlıcam @rehber | enyakin=- puan=0 sebep=ESLESME_YOK
[2026-09-18 18:20:23] ReflexBey | yeni mi basladın | enyakin=- puan=0 sebep=ESLESME_YOK
[2026-09-18 18:23:19] Unknown5100 | totem nerden bulcam | enyakin=- puan=0 sebep=ESLESME_YOK
[2026-09-18 18:23:29] OverLord | tamam taslar nerde | enyakin=- puan=0 sebep=ESLESME_YOK
[2026-09-18 18:24:42] Unknown5100 | kendi ozel sandigimiz nasil aciliyor | enyakin=- puan=0 sebep=ESLESME_YOK
[2026-09-18 18:25:39] BENSEN123 | büyü nerden alınabbilir | enyakin=buyu-masasi puan=1 sebep=SINYAL_ZAYIF
[2026-09-18 18:26:25] ReflexBey | elitra da mı dagıtsam napsam | enyakin=- puan=0 sebep=ESLESME_YOK
[2026-09-18 18:27:26] ugur | Baddcat6609_Qs pvvp? | enyakin=- puan=0 sebep=ESLESME_YOK
[2026-09-18 18:28:34] ReflexBey | Baddcat6609_Qs setin nerde | enyakin=- puan=0 sebep=ESLESME_YOK
[2026-09-18 18:29:16] Anume4613 | mace sen benim köpegimi niye öldürdun insan baseyi patlatirken bi kopegi ittiri saglam bi yere alir | enyakin=- puan=0 sebep=ESLESME_YOK
[2026-09-18 18:30:07] mertrrw | hangi set | enyakin=- puan=0 sebep=ESLESME_YOK
[2026-09-18 18:30:47] Anume4613 | reflex senin kittin nethirjte k5 mi | enyakin=- puan=0 sebep=ESLESME_YOK
[2026-09-18 18:30:47] KURT0619 | koruma 5 mi | enyakin=- puan=0 sebep=ESLESME_YOK
[2026-09-18 18:36:04] ugur | evi pvp? | enyakin=savas-etiketi puan=1 sebep=SINYAL_ZAYIF
[2026-09-18 18:36:24] ugur | birlikte? | enyakin=- puan=0 sebep=ESLESME_YOK
[2026-09-18 18:37:58] mamilokkovol2 | karlı bölge nerde | enyakin=- puan=0 sebep=ESLESME_YOK
[2026-09-18 18:37:59] mamilokkovol2 | karlı bölge nerde | enyakin=- puan=0 sebep=ESLESME_YOK
[2026-09-18 18:38:01] mamilokkovol2 | karlı bölge nerde | enyakin=- puan=0 sebep=ESLESME_YOK
[2026-09-18 18:40:15] Unknown5100 | bana 9k elmas vercek var mi | enyakin=- puan=0 sebep=ESLESME_YOK
[2026-09-18 18:41:48] SuperDorukdd | 1 elmas verebilecek var mı? | enyakin=- puan=0 sebep=ESLESME_YOK
[2026-09-18 18:44:09] Dlight | bana elmas set veri̇r mi̇si̇n | enyakin=- puan=0 sebep=ESLESME_YOK
[2026-09-18 18:44:41] SuperDorukdd | 2 elmasın var mı reis | enyakin=- puan=0 sebep=ESLESME_YOK
[2026-09-18 18:45:28] dijitaltotofan | nerden buldun o parayı | enyakin=para-kazanma puan=1 sebep=SINYAL_ZAYIF
[2026-09-18 18:47:03] KURT0619 | nerde yatıyom | enyakin=- puan=0 sebep=ESLESME_YOK
[2026-09-18 18:50:42] Dlight | yemegin var mi | enyakin=- puan=0 sebep=ESLESME_YOK
[2026-09-18 18:51:59] KURT0619 | nerde yattıgıma bak serkan | enyakin=- puan=0 sebep=ESLESME_YOK
[2026-09-18 18:52:01] Ruzgarin432 | nası alcan ki | enyakin=- puan=0 sebep=ESLESME_YOK
[2026-09-18 18:52:18] QyvexFN | arkadaslar kim bana yardim edebilirr | enyakin=- puan=0 sebep=ESLESME_YOK
[2026-09-18 18:53:24] ugur | herbiden nerde | enyakin=- puan=0 sebep=ESLESME_YOK
[2026-09-18 18:53:50] Dark | doğal sp alınamıyo mu | enyakin=- puan=0 sebep=ESLESME_YOK
[2026-09-18 18:54:43] Dark | base nasıl | enyakin=- puan=0 sebep=ESLESME_YOK
[2026-09-18 18:55:31] Dlight | yemekte veri̇r mi̇si̇n | enyakin=- puan=0 sebep=ESLESME_YOK
[2026-09-18 18:56:59] Dlight | yemekleri̇mi̇ ver | enyakin=- puan=0 sebep=ESLESME_YOK
[2026-09-18 18:57:27] Dlight | kazmam sende mi̇ | enyakin=- puan=0 sebep=ESLESME_YOK
[2026-09-18 18:57:59] Dlight | yemekleri̇mi̇ veri̇n | enyakin=- puan=0 sebep=ESLESME_YOK
[2026-09-18 18:58:17] KURT0619 | kaç k over | enyakin=- puan=0 sebep=ESLESME_YOK
[2026-09-18 18:58:23] imrush | kaç k OverLord | enyakin=- puan=0 sebep=ESLESME_YOK
[2026-09-18 18:58:27] Knowsunuz1 | biri beni takımına alıodu kimdi o ? | enyakin=takim puan=1 sebep=SINYAL_ZAYIF
[2026-09-18 18:59:08] Dlight | knk yemekleri̇mi̇ ver | enyakin=- puan=0 sebep=ESLESME_YOK
[2026-09-18 18:59:30] Dlight | bi̇ftekleri̇m nerde | enyakin=- puan=0 sebep=ESLESME_YOK
[2026-09-18 18:59:48] secadSS1 | kime tpa atsam | enyakin=isinlanma-istegi puan=1 sebep=SINYAL_ZAYIF
[2026-09-18 19:00:17] ApolloMci | tm ama nasıl geliyoz | enyakin=- puan=0 sebep=ESLESME_YOK
[2026-09-18 19:02:58] Ruzgarin432 | benim mi | enyakin=- puan=0 sebep=ESLESME_YOK
[2026-09-18 19:03:06] OverLord | bu nası cıktı ya | enyakin=- puan=0 sebep=ESLESME_YOK
[2026-09-18 19:03:12] Unknown5100 | cevap vercek var mi | enyakin=- puan=0 sebep=ESLESME_YOK
[2026-09-18 19:03:27] Selo_Fix | tpa at bana tamam mı QyvexFN | enyakin=isinlanma-istegi puan=1 sebep=SINYAL_ZAYIF
[2026-09-18 19:03:38] ugur | selo pvp? | enyakin=savas-etiketi puan=1 sebep=SINYAL_ZAYIF
[2026-09-18 19:04:45] imrush | AAAAAAAAAAAAAA kzıyonmu? | enyakin=- puan=0 sebep=ESLESME_YOK
[2026-09-18 19:04:54] AAAAAAAAAAAAAA | farmı var? | enyakin=en-iyi-farm puan=1 sebep=SINYAL_ZAYIF
[2026-09-18 19:05:08] OverLord | kim vurdu köylüye | enyakin=- puan=0 sebep=ESLESME_YOK
[2026-09-18 19:05:26] AAAAAAAAAAAAAA | nasıl yabtın aw | enyakin=- puan=0 sebep=ESLESME_YOK
[2026-09-18 19:06:05] Yaser | geldin mi | enyakin=- puan=0 sebep=ESLESME_YOK
[2026-09-18 19:06:17] AAAAAAAAAAAAAA | team olak mı | enyakin=takim puan=1 sebep=SINYAL_ZAYIF
[2026-09-18 19:06:25] Serkan_3793 | farm nereye | enyakin=en-iyi-farm puan=1 sebep=SINYAL_ZAYIF
[2026-09-18 19:07:00] QyvexFN | o kim bulamadım imrush | enyakin=- puan=0 sebep=ESLESME_YOK
[2026-09-18 19:07:16] Unknown5100 | para vercek var mi | enyakin=para-kazanma puan=1 sebep=SINYAL_ZAYIF
[2026-09-18 19:08:00] Dlight | sen su kovası var mı | enyakin=- puan=0 sebep=ESLESME_YOK
[2026-09-18 19:08:12] Clawwolf | agır çekirdek? | enyakin=- puan=0 sebep=ESLESME_YOK
[2026-09-18 19:08:42] Unknown5100 | elmas vercek var mi | enyakin=- puan=0 sebep=ESLESME_YOK
[2026-09-18 19:08:43] imrush | e niye soruyon ozmn | enyakin=- puan=0 sebep=ESLESME_YOK
[2026-09-18 19:08:51] Unknown5100 | elmas vercek var mi | enyakin=- puan=0 sebep=ESLESME_YOK
[2026-09-18 19:09:00] Unknown5100 | Elmas verecek var mi | enyakin=- puan=0 sebep=ESLESME_YOK
[2026-09-18 19:09:14] Antrix1807 | madene inek mi Rüzgar | enyakin=- puan=0 sebep=ESLESME_YOK
[2026-09-18 19:09:36] Unknown5100 | yok mu vercek | enyakin=- puan=0 sebep=ESLESME_YOK
[2026-09-18 19:09:42] Ruzgarin432 | ney nerde | enyakin=- puan=0 sebep=ESLESME_YOK
[2026-09-18 19:09:48] secadSS1 | burda niye herkes vakir | enyakin=- puan=0 sebep=ESLESME_YOK
[2026-09-18 19:09:48] Unknown5100 | vercekkkk????? | enyakin=- puan=0 sebep=ESLESME_YOK
[2026-09-18 19:09:56] mertrrw | tp atin banaaa base i̇mi̇ gezdi̇ri̇mm | enyakin=isinlanma-istegi puan=1 sebep=SINYAL_ZAYIF
[2026-09-18 19:10:30] KURT0619 | e oaman nasıl yazi yazıyon mal | enyakin=- puan=0 sebep=ESLESME_YOK
[2026-09-18 19:10:43] AAAAAAAAAAAAAA | ımrusha guvenmeyın benı olduruyodu kendısın elmas setı 2olememe totemı var mıletı kesıo | enyakin=- puan=0 sebep=ESLESME_YOK
[2026-09-18 19:10:48] mertrrw | winsy sen tp len bana base mi gösterim itemim yok zaten | enyakin=isinlanma-istegi puan=1 sebep=SINYAL_ZAYIF
[2026-09-18 19:10:51] ThePioneer53 | pekercan etler nerde | enyakin=- puan=0 sebep=ESLESME_YOK
[2026-09-18 19:11:52] OverLord | su baglanma laneti nası gitcek ya | enyakin=hesap-esleme puan=1 sebep=SINYAL_ZAYIF
[2026-09-18 19:12:41] OverLord | can 1 ken durcaksınız ok ?? | enyakin=- puan=0 sebep=ESLESME_YOK
[2026-09-18 19:14:56] mertrrw | cahati niye temizledin ss alcaktım | enyakin=- puan=0 sebep=ESLESME_YOK
[2026-09-18 19:15:07] imrush | niye Antrix1807 | enyakin=- puan=0 sebep=ESLESME_YOK
[2026-09-18 19:15:27] kiyhdffsdds | acem koruma nası kapatılır | enyakin=- puan=0 sebep=ESLESME_YOK
[2026-09-18 19:17:28] Unknown5100 | elmas vercek var mi | enyakin=- puan=0 sebep=ESLESME_YOK
[2026-09-18 19:17:36] AAAAAAAAAAAAAA | cevap ver kopeklerımı nıye kestın | enyakin=- puan=0 sebep=ESLESME_YOK
[2026-09-18 19:18:52] AAAAAAAAAAAAAA | neden kopegımı oldurdun ımrushh | enyakin=- puan=0 sebep=ESLESME_YOK
[2026-09-18 19:18:57] Unknown5100 | arkadas olcak var mi | enyakin=- puan=0 sebep=ESLESME_YOK
[2026-09-18 19:19:10] Unknown5100 | arkadas olcak var mi? | enyakin=- puan=0 sebep=ESLESME_YOK
[2026-09-18 19:19:25] Unknown5100 | arkadas olcak var mi | enyakin=- puan=0 sebep=ESLESME_YOK
[2026-09-18 19:20:39] AAAAAAAAAAAAAA | nıye kopegımı oldurdun | enyakin=- puan=0 sebep=ESLESME_YOK
[2026-09-18 19:25:15] lonewolf | koruma nasıl acılıyor | enyakin=- puan=0 sebep=ESLESME_YOK
[2026-09-18 19:25:43] mdoruk | küfür yasak değilmi ? | enyakin=- puan=0 sebep=ESLESME_YOK
[2026-09-18 19:26:03] mdoruk | küfür yasak değilmi ? | enyakin=- puan=0 sebep=ESLESME_YOK
[2026-09-18 19:30:28] AAAAAAAAAAAAAA | macespaw bır yerı nasıl kendı alanıma donustururum | enyakin=- puan=0 sebep=ESLESME_YOK
[2026-09-18 19:30:54] Dlight | elmas set var mi | enyakin=- puan=0 sebep=ESLESME_YOK
[2026-09-18 19:31:24] Dlight | sablon var mı | enyakin=- puan=0 sebep=ESLESME_YOK
[2026-09-18 19:31:36] Dlight | sablon var mı | enyakin=- puan=0 sebep=ESLESME_YOK
[2026-09-18 19:31:41] Dlight | sablon var mııı | enyakin=- puan=0 sebep=ESLESME_YOK
[2026-09-18 19:32:17] Dlight | alabiliyoz mu parayla | enyakin=para-kazanma puan=1 sebep=SINYAL_ZAYIF
[2026-09-18 19:33:22] xDarkness3366 | attın mı | enyakin=- puan=0 sebep=ESLESME_YOK
[2026-09-18 19:33:26] Dark | nasıl netherit yaptın ben de yapim | enyakin=nether-gitme puan=1 sebep=SINYAL_ZAYIF
[2026-09-18 19:33:51] Dlight | vsr mı demirci sablonu | enyakin=- puan=0 sebep=ESLESME_YOK
[2026-09-18 19:33:57] Dark | yükseltmeti nerden buldun | enyakin=- puan=0 sebep=ESLESME_YOK
[2026-09-18 19:33:58] xDarkness3366 | ismin ahmed mi | enyakin=- puan=0 sebep=ESLESME_YOK
[2026-09-18 19:34:14] Dlight | var mı apatyri | enyakin=- puan=0 sebep=ESLESME_YOK
[2026-09-18 19:34:16] xDarkness3366 | attın mı | enyakin=- puan=0 sebep=ESLESME_YOK
[2026-09-18 19:34:40] Dlight | demirci sablonu olan var mı | enyakin=- puan=0 sebep=ESLESME_YOK
[2026-09-18 19:35:30] Dark | beyler 120k ya netherit set nasıl | enyakin=nether-gitme puan=1 sebep=SINYAL_ZAYIF
[2026-09-18 19:39:09] secadSS1 | kime tpa atayım | enyakin=isinlanma-istegi puan=1 sebep=SINYAL_ZAYIF
[2026-09-18 19:41:00] Dlight | sandıga bakım mı | enyakin=- puan=0 sebep=ESLESME_YOK
[2026-09-18 19:45:43] OverLord | bu koyluleri kim cıkardı deliricem ya | enyakin=- puan=0 sebep=ESLESME_YOK
[2026-09-18 19:45:54] OverLord | sen neden cıktın | enyakin=- puan=0 sebep=ESLESME_YOK
[2026-09-18 19:46:17] OverLord | sen neden cıktın | enyakin=- puan=0 sebep=ESLESME_YOK
[2026-09-18 19:46:44] Hamsi6363 | nasil insanlara tp atyoz | enyakin=isinlanma-istegi puan=1 sebep=SINYAL_ZAYIF
[2026-09-18 19:48:24] OverLord | kim onarım cıkardı la | enyakin=- puan=0 sebep=ESLESME_YOK
[2026-09-18 19:49:12] OverLord | köylülere kim vurdu | enyakin=- puan=0 sebep=ESLESME_YOK
[2026-09-18 19:51:51] OverLord | kitaplar nerde | enyakin=- puan=0 sebep=ESLESME_YOK
[2026-09-18 19:57:50] OverLord | neden yaa | enyakin=- puan=0 sebep=ESLESME_YOK
[2026-09-18 20:03:21] Antrix1807 | nasil yapılır | enyakin=- puan=0 sebep=ESLESME_YOK
[2026-09-18 20:05:05] Dark | kim kazandı çekiliş | enyakin=- puan=0 sebep=ESLESME_YOK
[2026-09-18 20:05:22] AAAAAAAAAAAAAA | macespaw sız mı yapıonuz | enyakin=- puan=0 sebep=ESLESME_YOK
[2026-09-18 20:07:35] Clawwolf | ne nasıl olcak o OnlyVan | enyakin=- puan=0 sebep=ESLESME_YOK
[2026-09-18 20:08:34] Antrix1807 | nasil açılıyo evet kasası | enyakin=kasa puan=1 sebep=SINYAL_ZAYIF
[2026-09-18 20:09:46] Pixsel__Eymen | sana verdıgım netherıtlerı kullandınmı Swight ? | enyakin=nether-gitme puan=1 sebep=SINYAL_ZAYIF
[2026-09-18 20:11:55] grandbabapito | nasıl klavyeden artı yapcazzzz | enyakin=- puan=0 sebep=ESLESME_YOK
[2026-09-18 20:12:45] wndjsjrjd | kanka buna paralï nereden hharcanïyor | enyakin=para-kazanma puan=1 sebep=SINYAL_ZAYIF
[2026-09-18 20:13:20] Antrix1807 | Alt katı nasil evim yapcam | enyakin=ev-home puan=1 sebep=SINYAL_ZAYIF
[2026-09-18 20:13:56] Anume4613 | daha yeni kopyalandi amahtat nasil olduysa | enyakin=- puan=0 sebep=ESLESME_YOK
[2026-09-18 20:14:49] AAAAAAAAAAAAAA | kasalar nasıl acılıo | enyakin=kasa puan=1 sebep=SINYAL_ZAYIF
[2026-09-18 20:14:56] SaTaha | neden kankayiz | enyakin=- puan=0 sebep=ESLESME_YOK
[2026-09-18 20:15:18] Antrix1807 | nasil seçmez | enyakin=- puan=0 sebep=ESLESME_YOK
[2026-09-18 20:15:23] AAAAAAAAAAAAAA | kasalar nasıl acılıo | enyakin=kasa puan=1 sebep=SINYAL_ZAYIF
[2026-09-18 20:15:26] mfa | autowalk niye aciyon mal herif | enyakin=- puan=0 sebep=ESLESME_YOK
[2026-09-18 20:15:53] cr7primeronaldo | kim beni korudu ya | enyakin=- puan=0 sebep=ESLESME_YOK
[2026-09-18 20:17:30] SaTaha | neden kazmami almadin | enyakin=- puan=0 sebep=ESLESME_YOK
[2026-09-18 20:17:43] SaTaha | nasi batio | enyakin=- puan=0 sebep=ESLESME_YOK
[2026-09-18 20:20:27] ghostmean | vs gelen? | enyakin=- puan=0 sebep=ESLESME_YOK
[2026-09-18 20:23:30] cr7primeronaldo | rehber ben nasıl yemek yicem | enyakin=- puan=0 sebep=ESLESME_YOK
[2026-09-18 20:24:09] cr7primeronaldo | onu nasıl kaparım | enyakin=- puan=0 sebep=ESLESME_YOK
[2026-09-18 20:24:39] cr7primeronaldo | ne zaman biter | enyakin=- puan=0 sebep=ESLESME_YOK
[2026-09-18 20:25:19] mfa | ya hala nası zevksizsin awk | enyakin=- puan=0 sebep=ESLESME_YOK
[2026-09-18 20:26:03] zAAtares | tp atıp arkadaş olcak var mı sıkıldım | enyakin=isinlanma-istegi puan=1 sebep=SINYAL_ZAYIF
[2026-09-18 20:26:14] makay_15 | beni takımına alcak var mı | enyakin=takim puan=1 sebep=SINYAL_ZAYIF
[2026-09-18 20:27:15] Turkyigit1914 | beyler neyleri satabilirim? neler satılıyor? | enyakin=- puan=0 sebep=ESLESME_YOK
[2026-09-18 20:30:36] AAAAAAAAAAAAAA | ya bu zombıler ıskeletleer neden hep altın zıh ful | enyakin=- puan=0 sebep=ESLESME_YOK
[2026-09-18 20:31:10] ReflexBey | hm nasıl acacaz biryerlerden kapatmıstım | enyakin=- puan=0 sebep=ESLESME_YOK
[2026-09-18 20:32:07] mfa | o adam nasi geldi | enyakin=- puan=0 sebep=ESLESME_YOK
[2026-09-18 20:32:08] yigit67 | ok tuzak mı | enyakin=- puan=0 sebep=ESLESME_YOK
[2026-09-18 20:34:12] leblebi | küfür serbest mi | enyakin=kurallar puan=2 sebep=SINYAL_ZAYIF
[2026-09-18 20:34:45] ReflexBey | olur mu Anume4613 | enyakin=- puan=0 sebep=ESLESME_YOK
[2026-09-18 20:35:11] mfa | bunun nası 2.4 m parası var sataha bunu acıkla | enyakin=para-kazanma puan=1 sebep=SINYAL_ZAYIF
[2026-09-18 20:35:16] Anume4613 | bu nasi orman | enyakin=orman-gitme puan=1 sebep=SINYAL_ZAYIF
[2026-09-18 20:38:32] eymenmehmet | eşya vercek var mı | enyakin=- puan=0 sebep=ESLESME_YOK
[2026-09-18 20:38:36] Swight | abi kazma nası | enyakin=- puan=0 sebep=ESLESME_YOK
[2026-09-18 20:38:53] eymenmehmet | eşya vercek var mı | enyakin=- puan=0 sebep=ESLESME_YOK
[2026-09-18 20:38:56] eymenmehmet | eşya vercek var mı? | enyakin=- puan=0 sebep=ESLESME_YOK
[2026-09-18 20:39:14] yigit67 | neden tpa atın BigGuitar804481 | enyakin=isinlanma-istegi puan=1 sebep=SINYAL_ZAYIF
[2026-09-18 20:39:54] YUSEKOWW | cok sacma birsey abi ne yapmaliyim yardimci olamazmisin | enyakin=oyuna-baslama puan=2 sebep=SINYAL_ZAYIF
[2026-09-18 20:41:08] zAAtares | kaydettim eve ışınlanma komutu var mı | enyakin=rtp puan=1 sebep=SINYAL_ZAYIF
[2026-09-18 20:41:29] ReflexBey | kac tane lazım | enyakin=- puan=0 sebep=ESLESME_YOK
[2026-09-18 20:41:38] Valentina186684 | kim benle gelmek istemişti | enyakin=- puan=0 sebep=ESLESME_YOK
[2026-09-18 20:46:26] cr7primeronaldo | burda banka varmıdır ? | enyakin=- puan=0 sebep=ESLESME_YOK
[2026-09-18 20:46:35] Dark | apathy kk bi yt ve insta kanalı açıp averismc gibi reklamını yapsak nasıl olur böyle komik anları fln paylaşırız | enyakin=- puan=0 sebep=ESLESME_YOK
[2026-09-18 20:50:09] ahmet01123 | takım olcak varmı? | enyakin=takim puan=1 sebep=SINYAL_ZAYIF
[2026-09-18 20:51:35] Ramazan6414 | valenti sen bana vurmustun zaman gecmeden cıktın diye sende otomatik oldun set nerde bilmiyorum silinmiş | enyakin=- puan=0 sebep=ESLESME_YOK
[2026-09-18 20:51:43] AAAAAAAAAAAAAA | sunucu ne kadardır acık | enyakin=- puan=0 sebep=ESLESME_YOK
[2026-09-18 20:52:00] SaTaha | nerden di ya | enyakin=- puan=0 sebep=ESLESME_YOK
[2026-09-18 20:52:13] dijitaltotofan | gerçektende 9 gün mü | enyakin=- puan=0 sebep=ESLESME_YOK
[2026-09-18 20:53:23] ReflexBey | bana mi diyon apathyharbi | enyakin=- puan=0 sebep=ESLESME_YOK
[2026-09-18 20:54:15] AAAAAAAAAAAAAA | ama neden olmeme totemınde var | enyakin=- puan=0 sebep=ESLESME_YOK
[2026-09-18 20:54:30] ReflexBey | kac blok atlarsam ölürüm | enyakin=- puan=0 sebep=ESLESME_YOK
[2026-09-18 20:55:12] cr7primeronaldo | arkadaşlar sunucuda en çok hangi eşya satılır | enyakin=- puan=0 sebep=ESLESME_YOK
[2026-09-18 20:55:15] cr7primeronaldo | arkadaşlar sunucuda en çok hangi eşya satılır | enyakin=- puan=0 sebep=ESLESME_YOK
[2026-09-18 20:55:18] cr7primeronaldo | arkadaşlar sunucuda en çok hangi eşya satılır ha | enyakin=- puan=0 sebep=ESLESME_YOK
[2026-09-18 20:55:33] ReflexBey | kac blok demiştik | enyakin=- puan=0 sebep=ESLESME_YOK
[2026-09-18 20:55:35] cr7primeronaldo | arkadaşlar sunucuda en çok hangi eşya satılırrrrrrrrrrr | enyakin=- puan=0 sebep=ESLESME_YOK
[2026-09-18 20:58:41] AAAAAAAAAAAAAA | nasıl aldın onu?? | enyakin=- puan=0 sebep=ESLESME_YOK
[2026-09-18 20:59:34] ReflexBey | en son kac blok koyabilyoruz ki | enyakin=- puan=0 sebep=ESLESME_YOK
[2026-09-18 21:00:31] ReflexBey | en son kac blok cıkabiliiyoruz | enyakin=- puan=0 sebep=ESLESME_YOK
[2026-09-18 21:03:47] adala7 | rehber bişey sorcam afk moda alsak ve cihazı kapatsak oyunda olur muyuz | enyakin=kristal puan=1 sebep=SINYAL_ZAYIF
[2026-09-18 21:05:43] cr7primeronaldo | yaw neden neden, | enyakin=- puan=0 sebep=ESLESME_YOK
[2026-09-18 21:06:10] Hamsi6363 | nasil sana tp atyim | enyakin=isinlanma-istegi puan=1 sebep=SINYAL_ZAYIF
[2026-09-18 21:06:20] Swight | abi base yi hyapmak ne kadar sürdü | enyakin=- puan=0 sebep=ESLESME_YOK
[2026-09-18 21:06:38] apathyharbi | hile dediğniiz kim | enyakin=sikayet puan=1 sebep=SINYAL_ZAYIF
[2026-09-18 21:06:52] Dodotr | anticheat göremiyor mu? | enyakin=- puan=0 sebep=ESLESME_YOK
[2026-09-18 21:07:20] gmrtrk | paara ata bılcek ? | enyakin=- puan=0 sebep=ESLESME_YOK
[2026-09-18 21:08:29] dijitaltotofan | sen in yapcak biş yok mu | enyakin=- puan=0 sebep=ESLESME_YOK
[2026-09-18 21:08:32] Haliko | nasıl yapcamki | enyakin=- puan=0 sebep=ESLESME_YOK
[2026-09-18 21:09:19] Swight | köy mü arıyım | enyakin=- puan=0 sebep=ESLESME_YOK
[2026-09-18 21:09:53] Valentina186684 | apatyaharbi video çekek mi beraber | enyakin=- puan=0 sebep=ESLESME_YOK
[2026-09-18 21:10:12] Valentina186684 | video çekek mi | enyakin=- puan=0 sebep=ESLESME_YOK
[2026-09-18 21:10:47] Valentina186684 | apatyaharbi video çekek mi a | enyakin=- puan=0 sebep=ESLESME_YOK
[2026-09-18 21:12:43] Ramazan6414 | sen nasıl 1sevitesin | enyakin=- puan=0 sebep=ESLESME_YOK
[2026-09-18 21:13:20] Haliko | nasıl arkadaşlık isteği atarım | enyakin=- puan=0 sebep=ESLESME_YOK
[2026-09-18 21:13:40] SaTaha | mazifir yemekler nerde | enyakin=- puan=0 sebep=ESLESME_YOK
[2026-09-18 21:16:20] dijitaltotofan | bellei vagon nerde | enyakin=- puan=0 sebep=ESLESME_YOK
[2026-09-18 21:16:54] apathyharbi | ne modu? | enyakin=- puan=0 sebep=ESLESME_YOK
[2026-09-18 21:19:33] ReflexBey | nereye dustuler bunlar | enyakin=- puan=0 sebep=ESLESME_YOK
[2026-09-18 21:20:17] Swight | yine base mi açılıyo | enyakin=- puan=0 sebep=ESLESME_YOK
[2026-09-18 21:21:49] sevo_16 | kaç kalp? | enyakin=- puan=0 sebep=ESLESME_YOK
[2026-09-18 21:24:39] ugur | pvp atan?? | enyakin=savas-etiketi puan=1 sebep=SINYAL_ZAYIF
[2026-09-18 21:25:28] Ruzgarin432 | kim surpriz hediye ister | enyakin=- puan=0 sebep=ESLESME_YOK
[2026-09-18 21:26:14] sevo_16 | ender lerin? | enyakin=- puan=0 sebep=ESLESME_YOK
[2026-09-18 21:26:46] Ruzgarin432 | BİRİNE SÜRPRİZ HEDİYE VERCEM O ŞANSLI KİŞİ KİM | enyakin=- puan=0 sebep=ESLESME_YOK
[2026-09-18 21:27:01] YUSEKOWW | ticket derken? | enyakin=- puan=0 sebep=ESLESME_YOK
[2026-09-18 21:31:31] ugur | nolduki? | enyakin=- puan=0 sebep=ESLESME_YOK
[2026-09-18 21:34:39] Swight | niyeeeeeee | enyakin=- puan=0 sebep=ESLESME_YOK
[2026-09-18 21:35:32] iamjuba71 | rehberler niye calismiyo olm | enyakin=- puan=0 sebep=ESLESME_YOK
[2026-09-18 21:38:38] Swight | abi kurda isim niye takmadın | enyakin=- puan=0 sebep=ESLESME_YOK
[2026-09-18 21:40:40] dijitaltotofan | nasıl oşdu | enyakin=- puan=0 sebep=ESLESME_YOK
[2026-09-18 21:41:45] ugur | siktirin gidin nerde lan benim netherrahy set | enyakin=nether-gitme puan=1 sebep=SINYAL_ZAYIF
[2026-09-18 21:43:06] eymenmehmet | kemiğiniz varsa verebilirmisiniz? | enyakin=- puan=0 sebep=ESLESME_YOK
[2026-09-18 21:43:21] AAAAAAAAAAAAAA | la bu nıye olmuo | enyakin=- puan=0 sebep=ESLESME_YOK
[2026-09-18 21:43:45] eymenmehmet | kemiğiniz varsa verebilirmisiniz? | enyakin=- puan=0 sebep=ESLESME_YOK
[2026-09-18 21:43:47] Ruzgarin432 | sokak saldırısı mı yapcanız | enyakin=- puan=0 sebep=ESLESME_YOK
[2026-09-18 21:43:50] eymenmehmet | kemiğiniz varsa verebilirmisiniz? chat | enyakin=- puan=0 sebep=ESLESME_YOK
[2026-09-18 21:44:44] Dark | kayrak taşı mı | enyakin=- puan=0 sebep=ESLESME_YOK
[2026-09-18 21:44:53] Dark | aaa kayrak taşı mı | enyakin=- puan=0 sebep=ESLESME_YOK
[2026-09-18 21:49:36] eymenmehmet | neden tp attın la | enyakin=isinlanma-istegi puan=1 sebep=SINYAL_ZAYIF
[2026-09-18 21:56:06] Haliko | bura nasıl | enyakin=- puan=0 sebep=ESLESME_YOK
[2026-09-18 21:56:36] AAAAAAAAAAAAAA | NERESI yok olacak | enyakin=- puan=0 sebep=ESLESME_YOK
[2026-09-18 22:02:05] Hatayli2239 | acemi koruma nasıl kapatılıyo | enyakin=- puan=0 sebep=ESLESME_YOK
[2026-09-18 22:03:51] Haliko | ya niye yaptın | enyakin=- puan=0 sebep=ESLESME_YOK
[2026-09-18 22:06:38] Hatayli2239 | acemikoruma nasıl kapatiliyo | enyakin=- puan=0 sebep=ESLESME_YOK
[2026-09-18 22:07:08] Hatayli2239 | nasıl kapatcam rehber | enyakin=- puan=0 sebep=ESLESME_YOK
[2026-09-18 22:08:58] lonewolf | burası neresi | enyakin=- puan=0 sebep=ESLESME_YOK
[2026-09-18 22:10:29] Ramazan6414 | ahmet niye kesiyorsun adamları | enyakin=- puan=0 sebep=ESLESME_YOK
[2026-09-18 22:11:36] lonewolf | odun varmıı?? | enyakin=- puan=0 sebep=ESLESME_YOK
[2026-09-18 22:15:30] Hatayli2239 | TPA atsana setim nasıl | enyakin=isinlanma-istegi puan=1 sebep=SINYAL_ZAYIF
[2026-09-18 22:22:05] lonewolf | kılıcım nerde | enyakin=- puan=0 sebep=ESLESME_YOK
[2026-09-18 22:27:44] Hatayli2239 | bu 16k mı | enyakin=- puan=0 sebep=ESLESME_YOK
[2026-09-18 22:30:27] imrush | ama 1 gün niye böyle bişi yapıyım | enyakin=- puan=0 sebep=ESLESME_YOK
[2026-09-18 22:32:04] AyiBogan064 | erdoğan değil mi | enyakin=- puan=0 sebep=ESLESME_YOK
[2026-09-18 22:33:31] AyiBogan064 | kaç elmasa kačc | enyakin=- puan=0 sebep=ESLESME_YOK
[2026-09-18 22:33:54] AyiBogan064 | birine 10 elmas ölü mu | enyakin=- puan=0 sebep=ESLESME_YOK
[2026-09-18 22:34:21] imrush | bişimi dedim? | enyakin=- puan=0 sebep=ESLESME_YOK
[2026-09-18 22:36:08] Anume4613 | nereye goruruyon la | enyakin=- puan=0 sebep=ESLESME_YOK
[2026-09-18 22:36:25] adala7 | sende herkes Steve mi | enyakin=- puan=0 sebep=ESLESME_YOK
[2026-09-18 22:37:00] leblebi | girek mi | enyakin=- puan=0 sebep=ESLESME_YOK
[2026-09-18 22:40:57] AyiBogan064 | bende nasıl para kazandım diyom | enyakin=para-kazanma puan=5 sebep=FARK_YETERSIZ
[2026-09-18 22:41:07] AyiBogan064 | hap mi yapıyon bali | enyakin=- puan=0 sebep=ESLESME_YOK
[2026-09-18 22:42:22] maceswap | 1 tane ne kadar | enyakin=- puan=0 sebep=ESLESME_YOK
[2026-09-18 22:47:11] RiftAnarsi | netherite en fazla kaçıncı katmanda çıkıyor ? | enyakin=nether-gitme puan=1 sebep=SINYAL_ZAYIF
[2026-09-18 22:47:49] maceswap | neden her tpa at dediğimde sen atıyorsun sorabilirmiyim ? | enyakin=isinlanma-istegi puan=1 sebep=SINYAL_ZAYIF
[2026-09-18 22:50:22] maceswap | AAAAAAAAAAAAAA nedir msgden yaz | enyakin=- puan=0 sebep=ESLESME_YOK
[2026-09-18 22:52:06] adala7 | hayır niye keseyim | enyakin=- puan=0 sebep=ESLESME_YOK
[2026-09-18 22:52:36] AyiBogan064 | burda nasıl yaşiyon aq | enyakin=- puan=0 sebep=ESLESME_YOK
[2026-09-18 22:53:16] AyiBogan064 | ettin mi | enyakin=- puan=0 sebep=ESLESME_YOK
[2026-09-18 22:57:26] Dodotr | ./ardiy komutunu kullandın mı | enyakin=menu puan=1 sebep=SINYAL_ZAYIF
[2026-09-18 22:57:46] cr7primeronaldo | yönetici ? | enyakin=- puan=0 sebep=ESLESME_YOK
[2026-09-18 22:58:59] cr7primeronaldo | ark olak mı | enyakin=- puan=0 sebep=ESLESME_YOK
[2026-09-18 22:59:00] cr7primeronaldo | ark olak mı | enyakin=- puan=0 sebep=ESLESME_YOK
[2026-09-18 23:01:57] adala7 | kabul edeyim mi | enyakin=- puan=0 sebep=ESLESME_YOK
[2026-09-18 23:02:36] AyiBogan064 | nasi siktik | enyakin=- puan=0 sebep=ESLESME_YOK
[2026-09-18 23:02:55] Mustafa_4721 | beni kim öldürdü | enyakin=- puan=0 sebep=ESLESME_YOK
[2026-09-18 23:06:17] ugur | beyler demir zırh olan varsa bana verebilirmi? | enyakin=- puan=0 sebep=ESLESME_YOK
[2026-09-18 23:08:12] cr7primeronaldo | en çok nerde base yapılır :) | enyakin=- puan=0 sebep=ESLESME_YOK
[2026-09-18 23:08:43] Hamsi6363 | vahşi bölgeye neden kimse gelmiyor | enyakin=- puan=0 sebep=ESLESME_YOK
[2026-09-18 23:09:21] Hamsi6363 | kim benle pvp atacak | enyakin=savas-etiketi puan=1 sebep=SINYAL_ZAYIF
[2026-09-18 23:13:15] straykidd | ark olak mı | enyakin=- puan=0 sebep=ESLESME_YOK
[2026-09-18 23:15:38] Hamsi6363 | başkan kim | enyakin=- puan=0 sebep=ESLESME_YOK
[2026-09-18 23:16:07] cr7primeronaldo | trap yapmak serberst midir ? | enyakin=- puan=0 sebep=ESLESME_YOK
[2026-09-18 23:21:37] akcadagg | nasıl normal dunyaya gidicem | enyakin=- puan=0 sebep=ESLESME_YOK
[2026-09-18 23:22:19] straykidd | ./nv yaptın di mi | enyakin=- puan=0 sebep=ESLESME_YOK
[2026-09-18 23:22:45] lonewolf | güzelmi? | enyakin=- puan=0 sebep=ESLESME_YOK
[2026-09-18 23:23:24] AAAAAAAAAAAAAA | kac yasındasın abla | enyakin=- puan=0 sebep=ESLESME_YOK
[2026-09-18 23:24:35] straykidd | team olalım mı ugur | enyakin=takim puan=1 sebep=SINYAL_ZAYIF
[2026-09-18 23:24:39] akcadagg | yaptıgımız evlerı baskaları bulup kırabılır mı | enyakin=- puan=0 sebep=ESLESME_YOK
[2026-09-18 23:27:54] AAAAAAAAAAAAAA | hamsı kımden kacıom | enyakin=- puan=0 sebep=ESLESME_YOK
[2026-09-18 23:28:19] AAAAAAAAAAAAAA | kac dedı | enyakin=- puan=0 sebep=ESLESME_YOK
[2026-09-18 23:28:40] AAAAAAAAAAAAAA | kac dedı hamsı | enyakin=- puan=0 sebep=ESLESME_YOK
[2026-09-18 23:28:52] akcadagg | MOB Doguyor mu | enyakin=- puan=0 sebep=ESLESME_YOK
[2026-09-18 23:29:46] AAAAAAAAAAAAAA | yarın kac gııbı gırersınız | enyakin=- puan=0 sebep=ESLESME_YOK
[2026-09-18 23:30:05] AAAAAAAAAAAAAA | ne zaman yanı | enyakin=- puan=0 sebep=ESLESME_YOK
[2026-09-18 23:31:30] cr7primeronaldo | yönetici nasıl alcaz | enyakin=- puan=0 sebep=ESLESME_YOK
[2026-09-18 23:34:27] cr7primeronaldo | base mi :D | enyakin=- puan=0 sebep=ESLESME_YOK
[2026-09-18 23:34:47] mdoruk | yaş kaçtı ? | enyakin=- puan=0 sebep=ESLESME_YOK
[2026-09-18 23:38:50] OverLord | kaç st oldu | enyakin=- puan=0 sebep=ESLESME_YOK
[2026-09-18 23:43:05] berat | sizin yanınıza nasıl gelebilirim | enyakin=- puan=0 sebep=ESLESME_YOK
[2026-09-18 23:44:20] secadSS1 | kim duğday istiyodu | enyakin=- puan=0 sebep=ESLESME_YOK
[2026-09-18 23:45:25] akcadagg | bi canavar vardı ya walder miydi neydi | enyakin=- puan=0 sebep=ESLESME_YOK
[2026-09-18 23:45:29] akcadagg | o aktif mi | enyakin=- puan=0 sebep=ESLESME_YOK
[2026-09-18 23:46:08] akcadagg | bende acemi koruması var ölmem di mi | enyakin=- puan=0 sebep=ESLESME_YOK
[2026-09-18 23:46:54] babaanne | arrom klnk domuz sp ne kadarrr | enyakin=- puan=0 sebep=ESLESME_YOK
[2026-09-18 23:48:35] straykidd | 7. görev mi | enyakin=gunluk-gorev puan=1 sebep=SINYAL_ZAYIF
[2026-09-18 23:49:02] straykidd | nerde kaldı sen git ben tpa atim | enyakin=isinlanma-istegi puan=1 sebep=SINYAL_ZAYIF
[2026-09-18 23:52:21] cr7primeronaldo | abi nasıl alçaz | enyakin=- puan=0 sebep=ESLESME_YOK
[2026-09-18 23:53:32] straykidd | yarın tekrar gelcen mi | enyakin=- puan=0 sebep=ESLESME_YOK
[2026-09-18 23:54:00] Kyururuu | bir kitabı olan var mı? | enyakin=- puan=0 sebep=ESLESME_YOK
[2026-09-18 23:54:10] straykidd | ödünç mü | enyakin=- puan=0 sebep=ESLESME_YOK
[2026-09-18 23:54:38] straykidd | ödünç mü kalıcı mı alıyon | enyakin=- puan=0 sebep=ESLESME_YOK
[2026-09-18 23:55:41] ugur | napıcaz? | enyakin=- puan=0 sebep=ESLESME_YOK
[2026-09-18 23:55:51] cr7primeronaldo | cumartesi ? | enyakin=- puan=0 sebep=ESLESME_YOK
[2026-09-18 23:56:03] ugur | yarı okul oldundan eminmisin? | enyakin=- puan=0 sebep=ESLESME_YOK
[2026-09-18 23:59:46] cr7primeronaldo | ressam ? | enyakin=- puan=0 sebep=ESLESME_YOK
[2026-09-19 00:00:32] SungBeatle3744 | basemi kim yagmaldi | enyakin=- puan=0 sebep=ESLESME_YOK
[2026-09-19 00:00:41] akcadagg | ./chest gibi bi komut var mı | enyakin=menu puan=1 sebep=SINYAL_ZAYIF
[2026-09-19 00:07:00] akcadagg | niye tutturdun bu kadar sabah diye | enyakin=- puan=0 sebep=ESLESME_YOK
[2026-09-19 00:07:27] akcadagg | korkuyon mu mobdan | enyakin=- puan=0 sebep=ESLESME_YOK
[2026-09-19 00:07:44] akcadagg | eyeri olan var mı | enyakin=- puan=0 sebep=ESLESME_YOK
[2026-09-19 00:17:38] Bnyusuf1 | kasa nerde acıyoz | enyakin=kasa puan=1 sebep=SINYAL_ZAYIF
[2026-09-19 00:20:52] SungBeatle3744 | nasil esya satarım | enyakin=- puan=0 sebep=ESLESME_YOK
[2026-09-19 00:26:46] SungBeatle3744 | 3sya nasil anında sayabilirim | enyakin=- puan=0 sebep=ESLESME_YOK
[2026-09-19 00:28:41] Mustafa_4721 | tm nasl gelecem | enyakin=- puan=0 sebep=ESLESME_YOK
[2026-09-19 00:32:30] akcadagg | bu dunyada duzluk yesıl arazı yok mu kardesım ya ev kuralım | enyakin=kurallar puan=1 sebep=SINYAL_ZAYIF
[2026-09-19 00:32:53] SungBeatle3744 | ben nasil esya sayabilirim | enyakin=- puan=0 sebep=ESLESME_YOK
[2026-09-19 00:38:28] Mustafa_4721 | admin beni niye öldürüldün zaesir köybulmuştm | enyakin=- puan=0 sebep=ESLESME_YOK
[2026-09-19 00:39:06] Mustafa_4721 | rehber beni niye öldürdün | enyakin=- puan=0 sebep=ESLESME_YOK
[2026-09-19 00:40:23] apathyharbi | gencler yan hesaplarınızı afk bırakıormusunuz? | enyakin=kristal puan=1 sebep=SINYAL_ZAYIF
[2026-09-19 00:42:36] ugur | odun varmıı? | enyakin=- puan=0 sebep=ESLESME_YOK
[2026-09-19 00:43:35] Hamsi6363 | nasil tp atlir | enyakin=isinlanma-istegi puan=1 sebep=SINYAL_ZAYIF
[2026-09-19 00:46:34] Hamsi6363 | rehber abi sen neden renkli yaziyon | enyakin=etiket-renk puan=1 sebep=SINYAL_ZAYIF
[2026-09-19 00:47:46] apathyharbi | tekrar ol? | enyakin=- puan=0 sebep=ESLESME_YOK
[2026-09-19 00:50:06] M_SPOWER2204 | nasi kapancak | enyakin=- puan=0 sebep=ESLESME_YOK
[2026-09-19 00:54:40] apathyharbi | kitaplık fln lazımmı? | enyakin=buyu-masasi puan=1 sebep=SINYAL_ZAYIF
[2026-09-19 00:55:00] OverLord | kitap olur ne kadar | enyakin=- puan=0 sebep=ESLESME_YOK
[2026-09-19 00:56:58] OverLord | bunu nerden buldun la | enyakin=- puan=0 sebep=ESLESME_YOK
[2026-09-19 00:57:22] OverLord | kac tane kastın kitsp lz | enyakin=- puan=0 sebep=ESLESME_YOK
[2026-09-19 01:01:28] akcadagg | ya rehber bi şey yap saka mı bu kardesım ya | enyakin=- puan=0 sebep=ESLESME_YOK
[2026-09-19 01:03:13] apathyharbi | hangi biom | enyakin=- puan=0 sebep=ESLESME_YOK
[2026-09-19 01:05:02] secadSS1 | netherit kazma var bende satın alacak var mı dııırrr | enyakin=site-kredi puan=2 sebep=SINYAL_ZAYIF
[2026-09-19 01:31:29] Hega_Ly4248 | aktif varmi? | enyakin=- puan=0 sebep=ESLESME_YOK
[2026-09-19 01:31:48] Hega_Ly4248 | esya nasi satarim? | enyakin=- puan=0 sebep=ESLESME_YOK
[2026-09-19 02:14:12] Ruzgarin432 | herkez afk mı | enyakin=kristal puan=1 sebep=SINYAL_ZAYIF
[2026-09-19 02:15:57] Ruzgarin432 | niye gelemessin anlamadim | enyakin=- puan=0 sebep=ESLESME_YOK
[2026-09-19 02:18:34] Ruzgarin432 | m!spower tpa niye atamıyon | enyakin=isinlanma-istegi puan=1 sebep=SINYAL_ZAYIF
[2026-09-19 02:19:31] Ruzgarin432 | olum niye oldurıyım | enyakin=olunce-esya puan=1 sebep=SINYAL_ZAYIF
[2026-09-19 02:26:57] Ruzgarin432 | son kararın mı istemiyon mu | enyakin=- puan=0 sebep=ESLESME_YOK
[2026-09-19 02:29:08] Ruzgarin432 | elmas istiyon mu bari | enyakin=- puan=0 sebep=ESLESME_YOK
[2026-09-19 02:29:34] Ruzgarin432 | elmas istiyon mu | enyakin=- puan=0 sebep=ESLESME_YOK
[2026-09-19 02:30:13] Ruzgarin432 | istiyon mu | enyakin=- puan=0 sebep=ESLESME_YOK
[2026-09-19 02:32:03] Ruzgarin432 | balık istiyon mu | enyakin=- puan=0 sebep=ESLESME_YOK
[2026-09-19 02:33:19] Ruzgarin432 | balık tutcan mı benle | enyakin=- puan=0 sebep=ESLESME_YOK
[2026-09-19 03:01:43] OnlyVan | günlük ödülü aldın mı | enyakin=- puan=0 sebep=ESLESME_YOK
[2026-09-19 03:03:10] M_SPOWER2204 | ne zaman açılıriz | enyakin=- puan=0 sebep=ESLESME_YOK
[2026-09-19 03:36:09] lonewolf | neden 3 kişi var | enyakin=- puan=0 sebep=ESLESME_YOK
[2026-09-19 07:13:34] Ramazan6414 | kac tane | enyakin=- puan=0 sebep=ESLESME_YOK
[2026-09-19 07:14:06] Ramazan6414 | netherite mi | enyakin=nether-gitme puan=1 sebep=SINYAL_ZAYIF
[2026-09-19 07:15:27] Ramazan6414 | kaç yaneyi kaxa satacan | enyakin=- puan=0 sebep=ESLESME_YOK
[2026-09-19 07:15:29] egemen1559 | 20 dk ye ABD'ye sen kaç istiyon bende zor buluyom ama | enyakin=- puan=0 sebep=ESLESME_YOK
[2026-09-19 07:15:45] Ramazan6414 | ne kadar istiyorsun | enyakin=- puan=0 sebep=ESLESME_YOK
[2026-09-19 07:16:29] Ramazan6414 | 250k ya kac tane verirsin | enyakin=- puan=0 sebep=ESLESME_YOK
[2026-09-19 07:16:30] egemen1559 | ramazan sana kaç lazim | enyakin=- puan=0 sebep=ESLESME_YOK
[2026-09-19 07:22:01] Akin1232432 | nasıl raskele ısınkanır | enyakin=- puan=0 sebep=ESLESME_YOK
[2026-09-19 07:25:04] Ramazan6414 | kac tane verirsen ona gore | enyakin=- puan=0 sebep=ESLESME_YOK
[2026-09-19 07:26:40] Ramazan6414 | full netherite set+125k mı vereyim yoksa düz 250k mı | enyakin=nether-gitme puan=1 sebep=SINYAL_ZAYIF
[2026-09-19 07:28:55] Ramazan6414 | cr7 neden | enyakin=- puan=0 sebep=ESLESME_YOK
[2026-09-19 07:32:28] Ramazan6414 | ben bedrock olduguma gör sence var mıdır | enyakin=olunce-esya puan=3 sebep=FARK_YETERSIZ
[2026-09-19 07:32:37] cr7primeronaldo | yoktur ? | enyakin=- puan=0 sebep=ESLESME_YOK
[2026-09-19 07:39:09] Ramazan6414 | 1stack ne kadar istersin | enyakin=- puan=0 sebep=ESLESME_YOK
[2026-09-19 07:39:21] egemen1559 | kaç verin | enyakin=- puan=0 sebep=ESLESME_YOK
[2026-09-19 07:39:30] egemen1559 | kaç verin ben fiyat bilmiyom | enyakin=- puan=0 sebep=ESLESME_YOK
[2026-09-19 07:46:09] Ramazan6414 | egemen kaç oldu | enyakin=- puan=0 sebep=ESLESME_YOK
[2026-09-19 07:48:58] cr7primeronaldo | ramazan bana kit vercen mi ya | enyakin=kit puan=1 sebep=SINYAL_ZAYIF
[2026-09-19 07:54:23] Akin1232432 | nasıl mabul edecem | enyakin=- puan=0 sebep=ESLESME_YOK
[2026-09-19 07:57:09] CoolMC | vc sı olan? | enyakin=- puan=0 sebep=ESLESME_YOK
[2026-09-19 07:57:19] egemen1559 | knk para nasıl atcan | enyakin=para-kazanma puan=1 sebep=SINYAL_ZAYIF
[2026-09-19 07:57:41] egemen1559 | knk vallaha mi bak çok güvendiğim ama | enyakin=- puan=0 sebep=ESLESME_YOK
[2026-09-19 08:01:03] sythlox | kasalara nerden gidiliyo | enyakin=kasa puan=1 sebep=SINYAL_ZAYIF
[2026-09-19 08:03:40] CoolMC | vc sı olan? | enyakin=- puan=0 sebep=ESLESME_YOK
[2026-09-19 08:03:53] egemen1559 | kaç verin | enyakin=- puan=0 sebep=ESLESME_YOK
[2026-09-19 08:04:07] Ramazan6414 | kac ane elmas | enyakin=- puan=0 sebep=ESLESME_YOK
[2026-09-19 08:05:54] egemen1559 | knk o zaman sen bana elmas set ver bide altın ver ben onu net yapım sana verim ama kaç verin | enyakin=- puan=0 sebep=ESLESME_YOK
[2026-09-19 08:11:37] egemen1559 | kaç veriyon | enyakin=- puan=0 sebep=ESLESME_YOK
[2026-09-19 08:12:17] gizlioyucu52 | kaç ationuz | enyakin=- puan=0 sebep=ESLESME_YOK
[2026-09-19 08:13:02] gizlioyucu52 | kaç lazim | enyakin=- puan=0 sebep=ESLESME_YOK
[2026-09-19 08:13:51] gizlioyucu52 | nasıl cikarcam abi | enyakin=- puan=0 sebep=ESLESME_YOK
[2026-09-19 08:14:40] gizlioyucu52 | kaç a satarim | enyakin=- puan=0 sebep=ESLESME_YOK
[2026-09-19 08:16:50] gizlioyucu52 | nasıl yapcaz aşama aşama anlatabilirmisin abi | enyakin=- puan=0 sebep=ESLESME_YOK
[2026-09-19 08:20:28] CoolMC | base olan? | enyakin=- puan=0 sebep=ESLESME_YOK
[2026-09-19 08:26:15] CoolMC | kaç tane egemen1559 | enyakin=- puan=0 sebep=ESLESME_YOK
[2026-09-19 08:28:21] Dolex | ne kadar | enyakin=- puan=0 sebep=ESLESME_YOK
[2026-09-19 08:29:39] atakan090 | arklar burda yer altımı yoksa yerin üstüne mi base yapiliyir en cok tercih hangisi | enyakin=- puan=0 sebep=ESLESME_YOK
[2026-09-19 08:30:09] GnarledMonkey85 | en başa nasıl dönebilirim | enyakin=- puan=0 sebep=ESLESME_YOK
[2026-09-19 08:31:50] sythlox | trailchamber mı buldun | enyakin=- puan=0 sebep=ESLESME_YOK
[2026-09-19 08:32:20] atakan090 | evi nasıl siliyoru | enyakin=- puan=0 sebep=ESLESME_YOK
[2026-09-19 08:33:08] atakan090 | arklar evi nasıl siliyoruz | enyakin=- puan=0 sebep=ESLESME_YOK
[2026-09-19 08:48:14] OverLord | gojo 16 zümürte kac istersin | enyakin=- puan=0 sebep=ESLESME_YOK
[2026-09-19 08:50:27] CoolMC | ne kadar | enyakin=- puan=0 sebep=ESLESME_YOK
[2026-09-19 08:51:53] lonewolf | ne var sende? | enyakin=- puan=0 sebep=ESLESME_YOK
[2026-09-19 08:55:49] sythlox | kaç tane topliyim | enyakin=- puan=0 sebep=ESLESME_YOK
[2026-09-19 08:56:24] Swight | kaç tane atıyım | enyakin=- puan=0 sebep=ESLESME_YOK
[2026-09-19 08:56:35] sythlox | kaç tane topliyim odun | enyakin=- puan=0 sebep=ESLESME_YOK
[2026-09-19 08:57:25] sythlox | tpa mı kabul et | enyakin=isinlanma-istegi puan=1 sebep=SINYAL_ZAYIF
[2026-09-19 09:00:14] GnarledMonkey85 | en başa nasıl gidiliyor | enyakin=- puan=0 sebep=ESLESME_YOK
[2026-09-19 09:00:21] sythlox | tpa mı kabul et coolmc | enyakin=isinlanma-istegi puan=1 sebep=SINYAL_ZAYIF
[2026-09-19 09:02:42] CoolMC | arkınız mıyım? | enyakin=- puan=0 sebep=ESLESME_YOK
[2026-09-19 09:04:11] Swight | tm mi abi kurdu kbl ediyom | enyakin=- puan=0 sebep=ESLESME_YOK
[2026-09-19 09:04:38] KURT0619 | hangi baseye | enyakin=- puan=0 sebep=ESLESME_YOK
[2026-09-19 09:05:17] Swight | abş nereye gittin | enyakin=- puan=0 sebep=ESLESME_YOK
[2026-09-19 09:05:40] OverLord | nereye cıktın | enyakin=- puan=0 sebep=ESLESME_YOK
[2026-09-19 09:07:24] Swight | abi nereye koyım sp yi | enyakin=- puan=0 sebep=ESLESME_YOK
[2026-09-19 09:08:37] Swight | abi nereye koyım | enyakin=- puan=0 sebep=ESLESME_YOK
[2026-09-19 09:12:56] Serhatq | odunu olan var mı | enyakin=- puan=0 sebep=ESLESME_YOK
[2026-09-19 09:15:26] Antrix1807 | ev mi yapionux | enyakin=- puan=0 sebep=ESLESME_YOK
[2026-09-19 09:28:52] GnarledMonkey85 | koordinat kaç | enyakin=- puan=0 sebep=ESLESME_YOK
[2026-09-19 09:31:56] SmallTree615593 | dünyaya nasıl geccem | enyakin=- puan=0 sebep=ESLESME_YOK
[2026-09-19 09:42:48] Swight | abi domuz etine züörüt mü vaerio | enyakin=- puan=0 sebep=ESLESME_YOK
[2026-09-19 09:44:29] Ramazan6414 | neden istiyorsun | enyakin=- puan=0 sebep=ESLESME_YOK
[2026-09-19 09:46:19] GnarledMonkey85 | benim gibi yalnız olan var mı | enyakin=- puan=0 sebep=ESLESME_YOK
[2026-09-19 09:46:22] SmallTree615593 | benle kasilcak var mı | enyakin=- puan=0 sebep=ESLESME_YOK
[2026-09-19 09:50:27] SmallTree615593 | spawnler değerli mi | enyakin=spawn-warp puan=1 sebep=SINYAL_ZAYIF
[2026-09-19 09:52:46] Ramazan6414 | over anlaşma yapalım mı | enyakin=- puan=0 sebep=ESLESME_YOK
[2026-09-19 09:56:29] imrush | patlama korumalı olan nerde | enyakin=- puan=0 sebep=ESLESME_YOK
[2026-09-19 10:00:05] GnarledMonkey85 | birisi bana arkadaşlık isteği atabilir mi | enyakin=- puan=0 sebep=ESLESME_YOK
[2026-09-19 10:00:53] OverLord | ana mekanda mı kalcan | enyakin=- puan=0 sebep=ESLESME_YOK
[2026-09-19 10:03:07] Baddcat6609_Qs | ark olak mı | enyakin=- puan=0 sebep=ESLESME_YOK
[2026-09-19 10:04:00] GnarledMonkey85 | niye hiç kimse benimle arkadaş olmuyor | enyakin=- puan=0 sebep=ESLESME_YOK
[2026-09-19 10:04:12] SYROXMC | bunu nereden aççam | enyakin=- puan=0 sebep=ESLESME_YOK
[2026-09-19 10:09:27] GnarledMonkey85 | benimle kim arkadaş olmak ister | enyakin=- puan=0 sebep=ESLESME_YOK
[2026-09-19 10:11:22] GnarledMonkey85 | o ne kadar uzak | enyakin=- puan=0 sebep=ESLESME_YOK
[2026-09-19 10:12:07] OverLord | sen neden vuruyorsun | enyakin=- puan=0 sebep=ESLESME_YOK
[2026-09-19 10:12:19] Beratmc1288 | evetn kasası nası aciuo | enyakin=kasa puan=1 sebep=SINYAL_ZAYIF
[2026-09-19 10:12:53] Beratmc1288 | event kasası nası aciyoz | enyakin=kasa puan=1 sebep=SINYAL_ZAYIF
[2026-09-19 10:15:13] GnarledMonkey85 | birisi bana kordinat atabilir mi | enyakin=- puan=0 sebep=ESLESME_YOK
[2026-09-19 10:19:31] lonewolf | bize neden iyi davranıyorsunuz | enyakin=- puan=0 sebep=ESLESME_YOK
[2026-09-19 10:21:01] imrush | ihanetmi ettim? | enyakin=- puan=0 sebep=ESLESME_YOK
[2026-09-19 10:25:37] imrush | ne kadar? | enyakin=- puan=0 sebep=ESLESME_YOK
[2026-09-19 10:26:31] imrush | ne kadar kascam | enyakin=- puan=0 sebep=ESLESME_YOK
[2026-09-19 10:30:17] imrush | olum niye vurcak gibi bakıyonuz | enyakin=olunce-esya puan=1 sebep=SINYAL_ZAYIF
[2026-09-19 10:32:31] cavad306 | nasil kabul ediliyor | enyakin=- puan=0 sebep=ESLESME_YOK
[2026-09-19 10:37:29] cavad306 | yeralti base yapak mi | enyakin=- puan=0 sebep=ESLESME_YOK
[2026-09-19 10:37:43] Pixsel__Eymen | beyler burası neresı | enyakin=- puan=0 sebep=ESLESME_YOK
[2026-09-19 10:38:12] Pixsel__Eymen | bende team a gelcem ama nasıl gelecem | enyakin=takim puan=1 sebep=SINYAL_ZAYIF
[2026-09-19 10:40:32] Pixsel__Eymen | swıght nerde KURT0619 | enyakin=- puan=0 sebep=ESLESME_YOK
[2026-09-19 10:42:53] cavad306 | Sen PC dan mi oynuyon | enyakin=- puan=0 sebep=ESLESME_YOK
[2026-09-19 10:43:33] yigit67 | sag mı sol mu | enyakin=- puan=0 sebep=ESLESME_YOK
[2026-09-19 10:44:48] lonewolf | bu base neden nöyle oldu | enyakin=- puan=0 sebep=ESLESME_YOK
[2026-09-19 10:45:00] 06erenw06 | benoım basemi kim ğpatladı la | enyakin=- puan=0 sebep=ESLESME_YOK
[2026-09-19 10:51:36] UMUT433 | nasıl oynicaz | enyakin=- puan=0 sebep=ESLESME_YOK
[2026-09-19 10:55:56] sevo_16 | hep birlek te team olak mı? | enyakin=takim puan=1 sebep=SINYAL_ZAYIF
[2026-09-19 10:56:19] RahibBoss62062 | telport nasıl olarım ben ölmüyom kaldım lavda | enyakin=- puan=0 sebep=ESLESME_YOK
[2026-09-19 10:57:44] sevo_16 | ne oldu temin? | enyakin=- puan=0 sebep=ESLESME_YOK
[2026-09-19 10:58:40] imrush | ne diyon la? | enyakin=- puan=0 sebep=ESLESME_YOK
[2026-09-19 10:59:59] OverLord | dierleri nerede, | enyakin=- puan=0 sebep=ESLESME_YOK
[2026-09-19 11:02:39] YUSUFBABAPRAXDD | türk var mı | enyakin=- puan=0 sebep=ESLESME_YOK
[2026-09-19 11:03:36] OverLord | neden mesela | enyakin=- puan=0 sebep=ESLESME_YOK
[2026-09-19 11:04:25] lonewolf | siz neden onu buraya getirdiniz kı over | enyakin=- puan=0 sebep=ESLESME_YOK
[2026-09-19 11:05:45] RahibBoss62062 | ekrandakı yazıları yok etmek oluyormu? | enyakin=- puan=0 sebep=ESLESME_YOK
[2026-09-19 11:08:24] RahibBoss62062 | insanlar hangi kordinatta bende oraya yakın geleyim canım sıkıldı | enyakin=- puan=0 sebep=ESLESME_YOK
[2026-09-19 11:08:31] sevo_16 | beyzin mi var?_ | enyakin=- puan=0 sebep=ESLESME_YOK
[2026-09-19 11:16:30] RahibBoss62062 | nie kimse yok kim hangi kordinatda | enyakin=- puan=0 sebep=ESLESME_YOK
[2026-09-19 11:19:53] UMUT433 | magma bloku olN var mı | enyakin=- puan=0 sebep=ESLESME_YOK
[2026-09-19 11:20:03] KURT0619 | ne kadar lazım | enyakin=- puan=0 sebep=ESLESME_YOK
[2026-09-19 11:22:10] UMUT433 | magma bloku olan var mı 3tnae | enyakin=- puan=0 sebep=ESLESME_YOK
[2026-09-19 11:25:57] lonewolf | sen neden saatsin | enyakin=- puan=0 sebep=ESLESME_YOK
[2026-09-19 11:27:29] sevo_16 | kestimi seni?_ | enyakin=- puan=0 sebep=ESLESME_YOK
[2026-09-19 11:28:14] lonewolf | evinız nerde | enyakin=- puan=0 sebep=ESLESME_YOK
[2026-09-19 11:29:22] RahibBoss62062 | admin adamlar nerede beni işınlasana lütfen canm sıkıldı yanlız | enyakin=- puan=0 sebep=ESLESME_YOK
[2026-09-19 11:30:24] UMUT433 | okyanus taşı olan var mı | enyakin=- puan=0 sebep=ESLESME_YOK
[2026-09-19 11:30:28] Lekta16 | lobiye nasıl tp lencem | enyakin=isinlanma-istegi puan=1 sebep=SINYAL_ZAYIF
[2026-09-19 11:31:08] MENEmen1 | kasalar nerde | enyakin=kasa puan=1 sebep=SINYAL_ZAYIF
[2026-09-19 11:31:19] RahibBoss62062 | telport nasıl oluyordu unutmuşum | enyakin=- puan=0 sebep=ESLESME_YOK
[2026-09-19 11:31:48] Lekta16 | para nasıl kasabilirim | enyakin=para-kazanma puan=1 sebep=SINYAL_ZAYIF
[2026-09-19 11:32:39] maceswap | 1 onarım ne kadar | enyakin=- puan=0 sebep=ESLESME_YOK
[2026-09-19 11:32:52] sevo_16 | ettin mi? | enyakin=- puan=0 sebep=ESLESME_YOK
[2026-09-19 11:35:07] Lekta16 | event kasasını nerden açıcam | enyakin=kasa puan=1 sebep=SINYAL_ZAYIF
[2026-09-19 11:35:36] Lekta16 | kasalar nerdeee | enyakin=kasa puan=1 sebep=SINYAL_ZAYIF
[2026-09-19 11:35:59] sevo_16 | o nasıl sürüş | enyakin=- puan=0 sebep=ESLESME_YOK
[2026-09-19 11:36:31] Ruzgarin432 | yanlıs mı anladım | enyakin=- puan=0 sebep=ESLESME_YOK
[2026-09-19 11:37:06] ghostmean | vs gelen varmı? | enyakin=- puan=0 sebep=ESLESME_YOK
[2026-09-19 11:37:46] sevo_16 | yaarışsanıza bi? | enyakin=- puan=0 sebep=ESLESME_YOK
[2026-09-19 11:38:19] Dlight | burası neresi | enyakin=- puan=0 sebep=ESLESME_YOK
[2026-09-19 11:40:27] sevo_16 | nerdesiniz? | enyakin=- puan=0 sebep=ESLESME_YOK
[2026-09-19 11:40:58] maceswap | kaç tane var | enyakin=- puan=0 sebep=ESLESME_YOK
[2026-09-19 11:41:32] maceswap | kaç tane elmas var | enyakin=- puan=0 sebep=ESLESME_YOK
[2026-09-19 11:41:51] maceswap | DrShadowww ne kadar | enyakin=- puan=0 sebep=ESLESME_YOK
[2026-09-19 11:42:20] OverLord | mace 1 st kac vercen | enyakin=- puan=0 sebep=ESLESME_YOK
[2026-09-19 11:43:21] maceswap | ne kadar DrShadowww | enyakin=- puan=0 sebep=ESLESME_YOK
[2026-09-19 11:43:29] maceswap | kaç elmas var | enyakin=- puan=0 sebep=ESLESME_YOK
[2026-09-19 11:43:33] RahibBoss62062 | kim beni yanına ışınlar | enyakin=- puan=0 sebep=ESLESME_YOK
[2026-09-19 11:44:31] sevo_16 | hasar alion mu diye baktım | enyakin=- puan=0 sebep=ESLESME_YOK
[2026-09-19 11:47:08] RahibBoss62062 | ben bilmiyorumıi nasıl yapılyor | enyakin=- puan=0 sebep=ESLESME_YOK
[2026-09-19 11:48:25] RahibBoss62062 | yani bedava diyilmi takım? | enyakin=takim puan=1 sebep=SINYAL_ZAYIF
[2026-09-19 11:49:42] sevo_16 | pvp atka mı? | enyakin=savas-etiketi puan=1 sebep=SINYAL_ZAYIF
[2026-09-19 11:50:02] OverLord | mace 1 st ne kadar vercen | enyakin=- puan=0 sebep=ESLESME_YOK
[2026-09-19 11:51:17] OverLord | ya bu neden cıkıyo | enyakin=- puan=0 sebep=ESLESME_YOK
[2026-09-19 11:52:26] OverLord | bosluk nerde bayadır girmiyor | enyakin=- puan=0 sebep=ESLESME_YOK
[2026-09-19 11:56:37] sevo_16 | başka yok mu? | enyakin=- puan=0 sebep=ESLESME_YOK
[2026-09-19 12:09:47] waplux | nerde öldün | enyakin=- puan=0 sebep=ESLESME_YOK
[2026-09-19 12:11:43] MAHMUTEFE | antik kalıntını fiyatı ne kadar | enyakin=- puan=0 sebep=ESLESME_YOK
[2026-09-19 12:12:10] MAHMUTEFE | antik kalıntını fiyatı ne kadar rehber | enyakin=- puan=0 sebep=ESLESME_YOK
[2026-09-19 12:13:50] MAHMUTEFE | antik kalıntını fiyatı ne kadar rehber | enyakin=- puan=0 sebep=ESLESME_YOK
[2026-09-19 12:13:53] maceswap | ne kadar istiyorsun | enyakin=- puan=0 sebep=ESLESME_YOK
[2026-09-19 12:14:21] ThePioneer53 | adamlık mı bu | enyakin=- puan=0 sebep=ESLESME_YOK
[2026-09-19 12:17:29] OverLord | nasıl yapıcam | enyakin=- puan=0 sebep=ESLESME_YOK
[2026-09-19 12:19:19] maceswap | ne kadar | enyakin=- puan=0 sebep=ESLESME_YOK
[2026-09-19 12:20:06] maceswap | kaç elmas var | enyakin=- puan=0 sebep=ESLESME_YOK
[2026-09-19 12:20:22] maceswap | 35k vereyim ? | enyakin=- puan=0 sebep=ESLESME_YOK
[2026-09-19 12:20:33] Clawwolf | bilmem ne kadar lazım sana hepsini veremem | enyakin=- puan=0 sebep=ESLESME_YOK
[2026-09-19 12:20:39] egemen1559 | bekl dur kaç tane var bakim | enyakin=- puan=0 sebep=ESLESME_YOK
[2026-09-19 12:20:57] Clawwolf | tmm 35 k olsun olurmu? | enyakin=- puan=0 sebep=ESLESME_YOK
[2026-09-19 12:21:06] maceswap | 25 versen ? | enyakin=- puan=0 sebep=ESLESME_YOK
[2026-09-19 12:22:11] leblebiv2 | rehber kk bişi istesem verin mi | enyakin=- puan=0 sebep=ESLESME_YOK
[2026-09-19 12:26:10] Baddcat6609_Qs | balıkçılık nasıl gid2cem | enyakin=- puan=0 sebep=ESLESME_YOK
[2026-09-19 12:26:19] Antrix1807 | netherite mi çektin | enyakin=nether-gitme puan=1 sebep=SINYAL_ZAYIF
[2026-09-19 12:32:05] zeze7 | nereye gidek | enyakin=- puan=0 sebep=ESLESME_YOK
[2026-09-19 12:33:47] Antrix1807 | lone yi mi kesiyorlar | enyakin=- puan=0 sebep=ESLESME_YOK
[2026-09-19 12:37:51] GnarledMonkey85 | nasıl atılıyor telefondan oynuyorum | enyakin=- puan=0 sebep=ESLESME_YOK
[2026-09-19 12:38:40] Dlight | birisiylr mi takılıyon | enyakin=- puan=0 sebep=ESLESME_YOK
[2026-09-19 12:40:54] Dlight | niye olduryon insanlari | enyakin=- puan=0 sebep=ESLESME_YOK
[2026-09-19 12:41:47] leblebiv2 | lan olm madende niye elmas yok | enyakin=- puan=0 sebep=ESLESME_YOK
[2026-09-19 12:42:16] Arron1 | var elmas nasıl yok | enyakin=- puan=0 sebep=ESLESME_YOK
[2026-09-19 12:42:40] Kyururuu | kılıcımı da versen olur mu? | enyakin=- puan=0 sebep=ESLESME_YOK
[2026-09-19 12:45:08] Kyururuu | benim kılıc nerde | enyakin=- puan=0 sebep=ESLESME_YOK
[2026-09-19 12:46:23] Arron1 | kardeşim niye iptal ediyorsun | enyakin=- puan=0 sebep=ESLESME_YOK
[2026-09-19 12:48:24] GnarledMonkey85 | birisi bana kordinatını yazabilir mi | enyakin=- puan=0 sebep=ESLESME_YOK
[2026-09-19 12:49:14] Antrix1807 | meşale almadan niye gelion | enyakin=- puan=0 sebep=ESLESME_YOK
[2026-09-19 12:51:03] Dlight | beni̇ oldurduler yardim eder mi̇si̇ni̇z | enyakin=- puan=0 sebep=ESLESME_YOK
[2026-09-19 12:51:39] apathyharbi | Mustafa_4721 nedir | enyakin=- puan=0 sebep=ESLESME_YOK
[2026-09-19 12:54:06] Antrix1807 | warden mi çağıracak | enyakin=- puan=0 sebep=ESLESME_YOK
[2026-09-19 12:54:11] Antrix1807 | niye burdayız | enyakin=- puan=0 sebep=ESLESME_YOK
[2026-09-19 12:54:13] Dlight | duydun mu mace | enyakin=- puan=0 sebep=ESLESME_YOK
[2026-09-19 12:54:53] Lekta16 | bu günlük ödüllrti nerden alcam | enyakin=- puan=0 sebep=ESLESME_YOK
[2026-09-19 12:55:15] Lekta16 | günlük ödülleri nerden alabilirim | enyakin=- puan=0 sebep=ESLESME_YOK
[2026-09-19 13:01:03] Dlight | kitap var mı | enyakin=- puan=0 sebep=ESLESME_YOK
[2026-09-19 13:01:14] Dlight | kitabı olan var mı | enyakin=- puan=0 sebep=ESLESME_YOK
[2026-09-19 13:03:06] Dlight | buraya buyu yeri yapıyım ortak yerimiz olsun olur muy | enyakin=buyu-masasi puan=1 sebep=SINYAL_ZAYIF
[2026-09-19 13:04:01] kemaladil | mustafa team olak mı | enyakin=takim puan=1 sebep=SINYAL_ZAYIF
[2026-09-19 13:04:15] Dlight | yapsam kırarlar mı | enyakin=- puan=0 sebep=ESLESME_YOK
[2026-09-19 13:06:34] RahibBoss62062 | kim takıma gelmek ister | enyakin=takim puan=1 sebep=SINYAL_ZAYIF
[2026-09-19 13:07:26] Hatayli2239 | imrusi niye kestin | enyakin=- puan=0 sebep=ESLESME_YOK
[2026-09-19 13:07:28] Dlight | home yazınca buraya mı gelcem | enyakin=ev-home puan=1 sebep=SINYAL_ZAYIF
[2026-09-19 13:08:06] Dlight | elmas var mı | enyakin=- puan=0 sebep=ESLESME_YOK
[2026-09-19 13:08:37] GnarledMonkey85 | nasıl lobiye gidiliyor | enyakin=- puan=0 sebep=ESLESME_YOK
[2026-09-19 13:09:01] ShinyDart7444 | chat nasil kapatiliyor | enyakin=- puan=0 sebep=ESLESME_YOK
[2026-09-19 13:10:07] Antrix1807 | lone nerde acaba | enyakin=- puan=0 sebep=ESLESME_YOK
[2026-09-19 13:10:27] Dlight | hayvan niye cıkmıyo | enyakin=- puan=0 sebep=ESLESME_YOK
[2026-09-19 13:11:06] yunusbabapiro31 | Ben korumamı nasıl kapatcam | enyakin=- puan=0 sebep=ESLESME_YOK
[2026-09-19 13:11:28] Clean9101 | rehber abiler pig sp piyasa kaç | enyakin=- puan=0 sebep=ESLESME_YOK
[2026-09-19 13:11:29] yunusbabapiro31 | Ben korumamı nasıl kapatcam acemi korumamu | enyakin=- puan=0 sebep=ESLESME_YOK
[2026-09-19 13:13:48] yunusbabapiro31 | Arkadaşlar acemi korumamı nasıl kapatırım? | enyakin=- puan=0 sebep=ESLESME_YOK
[2026-09-19 13:13:58] RahibBoss62062 | adam kandırıp öldürmek izin varmı?? admin | enyakin=- puan=0 sebep=ESLESME_YOK
[2026-09-19 13:14:47] ShinyDart7444 | chat nasil kapatiliyo rehber | enyakin=- puan=0 sebep=ESLESME_YOK
[2026-09-19 13:14:53] Dlight | demir set var mı | enyakin=- puan=0 sebep=ESLESME_YOK
[2026-09-19 13:21:47] apathyharbi | hangi boruyu | enyakin=- puan=0 sebep=ESLESME_YOK
[2026-09-19 13:23:02] Dlight | bakır lazzım mı sana | enyakin=- puan=0 sebep=ESLESME_YOK
[2026-09-19 13:26:04] gizlioyucu52 | peki eşya türünü çeşitlendirmek için ne yapmaliyim | enyakin=oyuna-baslama puan=2 sebep=SINYAL_ZAYIF
[2026-09-19 13:26:57] Dlight | demir var mı | enyakin=- puan=0 sebep=ESLESME_YOK
[2026-09-19 13:27:21] Dlight | daha var mııı | enyakin=- puan=0 sebep=ESLESME_YOK
[2026-09-19 13:31:38] Dlight | claw gelcen mi | enyakin=- puan=0 sebep=ESLESME_YOK
[2026-09-19 13:34:27] Antrix1807 | hangi sunucu | enyakin=- puan=0 sebep=ESLESME_YOK
[2026-09-19 13:34:57] Antrix1807 | hangi sunucu ama | enyakin=- puan=0 sebep=ESLESME_YOK
[2026-09-19 13:36:37] Clean9101 | rehber spider sp buldum nası alcam | enyakin=- puan=0 sebep=ESLESME_YOK
[2026-09-19 13:40:40] DocileInk2961 | ark sunucuda skyblock varmı? | enyakin=- puan=0 sebep=ESLESME_YOK
[2026-09-19 13:41:14] DocileInk2961 | skyblock varmı ki? | enyakin=- puan=0 sebep=ESLESME_YOK
[2026-09-19 13:44:01] Clean9101 | Rehber en iyi sp hangisi en verimli | enyakin=- puan=0 sebep=ESLESME_YOK
[2026-09-19 13:44:18] Clean9101 | rehber spiderinki nası | enyakin=- puan=0 sebep=ESLESME_YOK
[2026-09-19 13:45:23] Ruzgarin432 | nerde o zaman | enyakin=- puan=0 sebep=ESLESME_YOK
[2026-09-19 13:45:33] Dlight | assagı baktın mı | enyakin=- puan=0 sebep=ESLESME_YOK
[2026-09-19 13:46:20] DEADPOOL3088 | tam olarak nerede yeri? | enyakin=- puan=0 sebep=ESLESME_YOK
[2026-09-19 13:47:48] Clean9101 | Bnyusuf? | enyakin=- puan=0 sebep=ESLESME_YOK
[2026-09-19 13:49:23] DEADPOOL3088 | arkadaşlar ben çok anlamıyorum para nasıl harçanır ve kasa anaktarı nasıl kulanılıyor? | enyakin=para-kazanma puan=1 sebep=SINYAL_ZAYIF
[2026-09-19 13:49:52] Clawwolf | aw mı rehber aw dedi | enyakin=- puan=0 sebep=ESLESME_YOK
[2026-09-19 13:51:31] Anume4613 | ne kadar var | enyakin=- puan=0 sebep=ESLESME_YOK
[2026-09-19 13:51:54] lonewolf | niye burda | enyakin=- puan=0 sebep=ESLESME_YOK
[2026-09-19 13:53:37] Antrix1807 | netherite nasil çektin | enyakin=nether-gitme puan=1 sebep=SINYAL_ZAYIF
[2026-09-19 13:53:58] Hamsi6363 | nasil spawndan eve gideriz rehber abi | enyakin=spawn-warp puan=1 sebep=SINYAL_ZAYIF
[2026-09-19 13:55:19] Knowsunuz1 | köylülerin evini niye calıon .d | enyakin=- puan=0 sebep=ESLESME_YOK
[2026-09-19 13:57:35] RahibBoss62062 | anahtar nerde oluyor | enyakin=kasa puan=1 sebep=SINYAL_ZAYIF
[2026-09-19 13:58:35] OverLord | spler nerde | enyakin=- puan=0 sebep=ESLESME_YOK
[2026-09-19 14:01:13] belkibirumut | niye sandıkları bosalttın | enyakin=- puan=0 sebep=ESLESME_YOK
[2026-09-19 14:04:30] Ramazan6414 | sana ne kadar lazım | enyakin=- puan=0 sebep=ESLESME_YOK
[2026-09-19 14:05:52] Ramazan6414 | ne kadar verirsin | enyakin=- puan=0 sebep=ESLESME_YOK
[2026-09-19 14:08:57] belkibirumut | niye yapıyon lan | enyakin=- puan=0 sebep=ESLESME_YOK
[2026-09-19 14:12:23] belkibirumut | niye sen ne olsun ş | enyakin=- puan=0 sebep=ESLESME_YOK
[2026-09-19 14:15:00] Dlight | lapis var mı | enyakin=- puan=0 sebep=ESLESME_YOK
[2026-09-19 14:15:21] RahibBoss62062 | admin yardım açarı ben nasıl aparacam açmak için | enyakin=- puan=0 sebep=ESLESME_YOK
[2026-09-19 14:16:15] RahibBoss62062 | sandık açmak için nasıl gideyim everest sandığı | enyakin=- puan=0 sebep=ESLESME_YOK
[2026-09-19 14:17:35] gizlioyucu52 | benim SP vardı nasıl tekrar oraya gidebilirim | enyakin=- puan=0 sebep=ESLESME_YOK
[2026-09-19 14:18:13] Dlight | su kovası var mı | enyakin=- puan=0 sebep=ESLESME_YOK
[2026-09-19 14:18:43] gizlioyucu52 | rehber benim SP vardı nasıl tekrar oraya gidebilirim şu anda menudeyim | enyakin=menu puan=1 sebep=SINYAL_ZAYIF
[2026-09-19 14:19:11] RahibBoss62062 | anahtarı nasıl getiriyoz buraya | enyakin=kasa puan=1 sebep=SINYAL_ZAYIF
[2026-09-19 14:19:29] RahibBoss62062 | qnahtarı nasıl getiriyoz | enyakin=- puan=0 sebep=ESLESME_YOK
[2026-09-19 14:21:25] Dlight | rban mı yedim | enyakin=- puan=0 sebep=ESLESME_YOK
[2026-09-19 14:21:40] Dlight | ban mı yedin | enyakin=ceza-itiraz puan=1 sebep=SINYAL_ZAYIF
[2026-09-19 14:23:38] Clawwolf | algomii neden geldin | enyakin=- puan=0 sebep=ESLESME_YOK
[2026-09-19 14:23:44] Baddcat6609_Qs | adaya nasıl gidecek | enyakin=- puan=0 sebep=ESLESME_YOK
[2026-09-19 14:23:52] Ruzgarin432 | kemik verebilir mi biri | enyakin=- puan=0 sebep=ESLESME_YOK
[2026-09-19 14:25:48] Antrix1807 | claw niye vuruyor | enyakin=- puan=0 sebep=ESLESME_YOK
[2026-09-19 14:26:22] Clawwolf | algomi ve lonewolf neden geldiniz noldu | enyakin=- puan=0 sebep=ESLESME_YOK
[2026-09-19 14:30:21] sedatgns27 | arkadaşlar bu sunucu towny sunucusu mu | enyakin=- puan=0 sebep=ESLESME_YOK
[2026-09-19 14:31:21] Hatayli2239 | ben senin söylediğin komutla set aldım ne zaman tekrar alabilirim | enyakin=menu puan=1 sebep=SINYAL_ZAYIF
[2026-09-19 14:32:12] Antrix1807 | dostum ben neden vuruyosunuz | enyakin=- puan=0 sebep=ESLESME_YOK
[2026-09-19 14:33:28] lonewolf | hyırlı olsun ne kadar | enyakin=- puan=0 sebep=ESLESME_YOK
[2026-09-19 14:33:33] maceswap | nasıl yani | enyakin=- puan=0 sebep=ESLESME_YOK
[2026-09-19 14:35:20] Ramazan6414 | kaç tane | enyakin=- puan=0 sebep=ESLESME_YOK
[2026-09-19 14:35:28] algomii4649 | ramazan abi TP atayım mı | enyakin=isinlanma-istegi puan=1 sebep=SINYAL_ZAYIF
[2026-09-19 14:36:10] maceswap | sorun nedir | enyakin=- puan=0 sebep=ESLESME_YOK
[2026-09-19 14:36:27] Baddcat6609_Qs | Sen niye kalkamıyorum olduruyonlan | enyakin=- puan=0 sebep=ESLESME_YOK
[2026-09-19 14:36:37] Ruzgarin432 | nası accas | enyakin=- puan=0 sebep=ESLESME_YOK
[2026-09-19 14:36:47] y5ttr | peki ./ah tan nasıl kazmalara bakcam cheate ne yazcam | enyakin=acik-artirma puan=1 sebep=SINYAL_ZAYIF
[2026-09-19 14:37:10] Ramazan6414 | claw neden domuyor hayvan | enyakin=- puan=0 sebep=ESLESME_YOK
[2026-09-19 14:38:33] Baddcat6609_Qs | niye kankamı olduruyonlannn | enyakin=- puan=0 sebep=ESLESME_YOK
[2026-09-19 14:38:43] 06erenw06 | armadildoyu nasıl yanıma aloıp eve götürcem benm, | enyakin=- puan=0 sebep=ESLESME_YOK
[2026-09-19 14:39:10] y5ttr | rmazan nasıl vercem | enyakin=- puan=0 sebep=ESLESME_YOK
[2026-09-19 14:41:59] ylmz2023 | mace in varmı? | enyakin=- puan=0 sebep=ESLESME_YOK
[2026-09-19 14:42:05] ylmz2023 | ada yok olmak üzere diyo ne yapcam?, | enyakin=gokyuzu-etkinlik puan=1 sebep=SINYAL_ZAYIF
[2026-09-19 14:42:34] ylmz2023 | ada yok olmak üzere diyo? | enyakin=gokyuzu-etkinlik puan=1 sebep=SINYAL_ZAYIF
[2026-09-19 14:42:56] Clawwolf | arkadaşlar yükseltmesi olan varmı?? | enyakin=- puan=0 sebep=ESLESME_YOK
[2026-09-19 14:45:17] ylmz2023 | koruma nası kapatcam | enyakin=- puan=0 sebep=ESLESME_YOK
[2026-09-19 14:45:40] ylmz2023 | acemi koruması nası kapatılıyo | enyakin=- puan=0 sebep=ESLESME_YOK
[2026-09-19 14:45:50] ylmz2023 | neden ya | enyakin=- puan=0 sebep=ESLESME_YOK
[2026-09-19 14:50:00] BUZKOVA | ylmz kac yasindasin | enyakin=- puan=0 sebep=ESLESME_YOK
[2026-09-19 14:51:45] BUZKOVA | lan ylmz nereye gidiyon | enyakin=- puan=0 sebep=ESLESME_YOK
[2026-09-19 14:52:36] ylmz2023 | pvp deyken blok konulmaktamı? | enyakin=savas-etiketi puan=1 sebep=SINYAL_ZAYIF
[2026-09-19 14:57:29] Kral_Ordekk | reehber niye bu kadar naziksin | enyakin=- puan=0 sebep=ESLESME_YOK
[2026-09-19 14:59:28] Dlight | ramazan sen niye aldın | enyakin=- puan=0 sebep=ESLESME_YOK
[2026-09-19 14:59:49] ylmz2023 | kac demirin va?,w | enyakin=- puan=0 sebep=ESLESME_YOK
[2026-09-19 15:00:11] Dlight | elmasın var mı | enyakin=- puan=0 sebep=ESLESME_YOK
[2026-09-19 15:00:57] Kral_Ordekk | nasıl yapcam | enyakin=- puan=0 sebep=ESLESME_YOK
[2026-09-19 15:01:17] Dlight | lapis var mı | enyakin=- puan=0 sebep=ESLESME_YOK
[2026-09-19 15:01:27] BUZKOVA | bu kim ylmaz | enyakin=- puan=0 sebep=ESLESME_YOK
[2026-09-19 15:02:08] RivalWheel8582 | niye öldürdün | enyakin=- puan=0 sebep=ESLESME_YOK
[2026-09-19 15:07:13] RivalWheel8582 | kim beni öldürdü | enyakin=- puan=0 sebep=ESLESME_YOK
[2026-09-19 15:07:32] RivalWheel8582 | niye yemin edeyim napcanki bana | enyakin=- puan=0 sebep=ESLESME_YOK
[2026-09-19 15:09:08] YUSUFBABAPRAXDD | niye VURUYON | enyakin=- puan=0 sebep=ESLESME_YOK
[2026-09-19 15:09:23] LyroxV1 | donut mu yesem rehber | enyakin=- puan=0 sebep=ESLESME_YOK
[2026-09-19 15:10:41] maceswap | Baddcat6609_Qs kestiniz ? | enyakin=- puan=0 sebep=ESLESME_YOK
[2026-09-19 15:12:34] Dlight | ok var mı | enyakin=- puan=0 sebep=ESLESME_YOK
[2026-09-19 15:13:13] maceswap | adamı niye kestinix | enyakin=- puan=0 sebep=ESLESME_YOK
[2026-09-19 15:13:19] RivalWheel8582 | adam oldurek mi düşman varmı | enyakin=savas-etiketi puan=2 sebep=SINYAL_ZAYIF
[2026-09-19 15:14:05] Dlight | yun lazim mi | enyakin=- puan=0 sebep=ESLESME_YOK
[2026-09-19 15:14:32] mmertcetinkaya | kim benim teama girmek ister | enyakin=takim puan=1 sebep=SINYAL_ZAYIF
[2026-09-19 15:16:05] ylmz2023 | sesi neden kapattın | enyakin=- puan=0 sebep=ESLESME_YOK
[2026-09-19 15:16:11] Clawwolf | Rival yusufte fanımısın??? | enyakin=- puan=0 sebep=ESLESME_YOK
[2026-09-19 15:16:13] Clawwolf | Rival yusufte fanımısın??? | enyakin=- puan=0 sebep=ESLESME_YOK
[2026-09-19 15:17:10] Clawwolf | zümrüt vereyimmi? | enyakin=- puan=0 sebep=ESLESME_YOK
[2026-09-19 15:18:42] Dlight | nası arıyım | enyakin=- puan=0 sebep=ESLESME_YOK
[2026-09-19 15:20:45] Dlight | sen soyle ne kadar | enyakin=- puan=0 sebep=ESLESME_YOK
[2026-09-19 15:26:52] ylmz2023 | pie charty sanıl acılıyor? | enyakin=- puan=0 sebep=ESLESME_YOK
[2026-09-19 15:28:07] OverLord | yaw neden bosa harcadın PĞEIDİWDSHNADNIK.I | enyakin=- puan=0 sebep=ESLESME_YOK
[2026-09-19 15:32:09] ylmz2023 | hani demir setdin? | enyakin=- puan=0 sebep=ESLESME_YOK
[2026-09-19 15:32:24] Semihtaha1230 | nası tp atcam | enyakin=isinlanma-istegi puan=1 sebep=SINYAL_ZAYIF
[2026-09-19 15:34:07] Clawwolf | tmm bizdensin kasıl ok? | enyakin=- puan=0 sebep=ESLESME_YOK
[2026-09-19 15:36:31] Semihtaha1230 | olm tp isteği attım niye kabuş etmedin | enyakin=isinlanma-istegi puan=1 sebep=SINYAL_ZAYIF
[2026-09-19 15:40:14] Dlight | nereye yapcaz | enyakin=- puan=0 sebep=ESLESME_YOK
[2026-09-19 15:40:20] Dlight | yere mi yukarı mı | enyakin=- puan=0 sebep=ESLESME_YOK
[2026-09-19 15:40:40] relaxin | nası giddem | enyakin=- puan=0 sebep=ESLESME_YOK
[2026-09-19 15:41:27] Semihtaha1230 | base nerde | enyakin=- puan=0 sebep=ESLESME_YOK
[2026-09-19 15:41:34] Clawwolf | nerden yapcam | enyakin=- puan=0 sebep=ESLESME_YOK
[2026-09-19 15:42:21] Dlight | nereye yapcaz | enyakin=- puan=0 sebep=ESLESME_YOK
[2026-09-19 15:46:18] Foweemm | kasalara nasıl gidiliyo | enyakin=kasa puan=1 sebep=SINYAL_ZAYIF
[2026-09-19 15:47:00] MASAL772239 | imresh kim | enyakin=- puan=0 sebep=ESLESME_YOK
[2026-09-19 15:48:46] Dlight | tahta var mı | enyakin=- puan=0 sebep=ESLESME_YOK
[2026-09-19 15:49:18] Dlight | tahta var mı | enyakin=- puan=0 sebep=ESLESME_YOK
[2026-09-19 15:49:22] Dlight | tahta var mıı | enyakin=- puan=0 sebep=ESLESME_YOK
[2026-09-19 15:50:25] Efe_PvP_55 | he bu arada kasa nerden ve nası laçılıyor | enyakin=kasa puan=1 sebep=SINYAL_ZAYIF
[2026-09-19 15:52:05] Ramazan6414 | sizi nasıl davet edecem | enyakin=- puan=0 sebep=ESLESME_YOK
[2026-09-19 15:58:05] Anume4613 | website neydi | enyakin=- puan=0 sebep=ESLESME_YOK
[2026-09-19 15:59:50] Anume4613 | sitede gunluk odulu nerden aliyoz | enyakin=site-kredi puan=1 sebep=SINYAL_ZAYIF
[2026-09-19 15:59:51] YUSUFBABAPRAXDD | SemihTaha niye vurdun | enyakin=- puan=0 sebep=ESLESME_YOK
[2026-09-19 16:02:25] HerosTimere | neden yaptın böyle bişey | enyakin=- puan=0 sebep=ESLESME_YOK
[2026-09-19 16:03:03] YUSUFBABAPRAXDD | niye beni öldürdün | enyakin=- puan=0 sebep=ESLESME_YOK
[2026-09-19 16:03:13] HerosTimere | abi neden yaptınki | enyakin=- puan=0 sebep=ESLESME_YOK
[2026-09-19 16:04:00] YUSUFBABAPRAXDD | noldu nasıl öldün | enyakin=- puan=0 sebep=ESLESME_YOK
[2026-09-19 16:04:09] HerosTimere | neden yaptınki | enyakin=- puan=0 sebep=ESLESME_YOK
[2026-09-19 16:04:25] HerosTimere | neden yaptınnnnn | enyakin=- puan=0 sebep=ESLESME_YOK
[2026-09-19 16:04:38] HerosTimere | neden yaptınnnn | enyakin=- puan=0 sebep=ESLESME_YOK
[2026-09-19 16:05:47] Semihtaha1230 | nasıl dünyaya gelicem | enyakin=- puan=0 sebep=ESLESME_YOK
[2026-09-19 16:06:14] HerosTimere | neden yaptınki , | enyakin=- puan=0 sebep=ESLESME_YOK
[2026-09-19 16:11:28] Semihtaha1230 | craft table da neden meşale çıkmıyor | enyakin=- puan=0 sebep=ESLESME_YOK
[2026-09-19 16:11:59] GoMinXO | sunucu lifesteal mi | enyakin=- puan=0 sebep=ESLESME_YOK
[2026-09-19 16:12:22] Semihtaha1230 | rehber neden meşale yapamıyorum | enyakin=- puan=0 sebep=ESLESME_YOK
[2026-09-19 16:13:49] maceswap | ne kadar Ramazan6414 | enyakin=- puan=0 sebep=ESLESME_YOK
[2026-09-19 16:14:45] Semihtaha1230 | nasıl dünyaya gircektim ya | enyakin=- puan=0 sebep=ESLESME_YOK
[2026-09-19 16:16:16] M_SPOWER2204 | nerden katilabiliriz | enyakin=- puan=0 sebep=ESLESME_YOK
[2026-09-19 16:16:30] M_SPOWER2204 | nerden katılabilecek | enyakin=- puan=0 sebep=ESLESME_YOK
[2026-09-19 16:17:49] OverLord | spler nerede | enyakin=- puan=0 sebep=ESLESME_YOK
[2026-09-19 16:18:02] calpolsurup | rehber abi home ayarladımda nasıl silicem | enyakin=ev-home puan=1 sebep=SINYAL_ZAYIF
[2026-09-19 16:18:34] OverLord | apathy spler nerede | enyakin=- puan=0 sebep=ESLESME_YOK
[2026-09-19 16:19:47] OverLord | apat kim hile | enyakin=sikayet puan=1 sebep=SINYAL_ZAYIF
[2026-09-19 16:21:55] Clawwolf | ramazan ben satimmi? | enyakin=- puan=0 sebep=ESLESME_YOK
[2026-09-19 16:21:57] Clawwolf | ramazan ben satimmi? | enyakin=- puan=0 sebep=ESLESME_YOK
[2026-09-19 16:22:53] RivalWheel8582 | yönetici rehber kim gelirse yumruk vs | enyakin=para-kazanma puan=1 sebep=SINYAL_ZAYIF
[2026-09-19 16:25:31] Turkyigit1914 | neler satılıp alınıyor? | enyakin=- puan=0 sebep=ESLESME_YOK
[2026-09-19 16:26:10] Semihtaha1230 | NEDEN 10 kalbim varken durduk yere ölüyorum | enyakin=- puan=0 sebep=ESLESME_YOK
[2026-09-19 16:33:46] Changed_one | 1 kerelik set aldığımız komut neydi | enyakin=menu puan=1 sebep=SINYAL_ZAYIF
[2026-09-19 16:36:59] Changed_one | kardeşim kendi hesabından ardiy i aldığı icin ben ardiy i alamiyacakmıyım? | enyakin=- puan=0 sebep=ESLESME_YOK
[2026-09-19 16:37:41] SmallTree615593 | beyler nasıl anahtar alinio | enyakin=kasa puan=1 sebep=SINYAL_ZAYIF
[2026-09-19 16:38:13] Baddcat6609_Qs | rehber yokmu? | enyakin=- puan=0 sebep=ESLESME_YOK
[2026-09-19 16:39:57] Swight | bunları büyüleri nası yenilioz | enyakin=buyu-masasi puan=1 sebep=SINYAL_ZAYIF
[2026-09-19 16:40:12] SmallTree615593 | beylerrrrrrrrrrrrr nasillllllll anahtar alinio ooooooooooooooooooooooooooooooooooooooooooooooooooooo | enyakin=kasa puan=1 sebep=SINYAL_ZAYIF
[2026-09-19 16:42:35] Semihtaha1230 | neden soruma yanıt verilmiyor??? | enyakin=- puan=0 sebep=ESLESME_YOK
[2026-09-19 16:43:45] Yasin051590 | Rehber gunluk odulu nasil alirim | enyakin=- puan=0 sebep=ESLESME_YOK
[2026-09-19 16:44:03] Semihtaha1230 | başlangıca nası gitcem | enyakin=- puan=0 sebep=ESLESME_YOK
[2026-09-19 16:44:40] Ruzgarin432 | nası aha esya koycam | enyakin=- puan=0 sebep=ESLESME_YOK
[2026-09-19 16:49:38] SmallTree615593 | yemeginiz var mı az yemeğim var | enyakin=- puan=0 sebep=ESLESME_YOK
[2026-09-19 16:52:03] Swight | bu niye teklifi kötü | enyakin=- puan=0 sebep=ESLESME_YOK
[2026-09-19 16:53:41] Swight | bunlar niye görev almıyo | enyakin=gunluk-gorev puan=1 sebep=SINYAL_ZAYIF
[2026-09-19 16:55:06] Kyururuu | niye kestin | enyakin=- puan=0 sebep=ESLESME_YOK
[2026-09-19 16:55:25] cavad306 | bos esya si olan varsa verseniz olur mu | enyakin=- puan=0 sebep=ESLESME_YOK
[2026-09-19 16:56:23] maceswap | ne oldu ? | enyakin=- puan=0 sebep=ESLESME_YOK
[2026-09-19 17:02:32] Mrdominus39 | donutsmp benzermi? | enyakin=- puan=0 sebep=ESLESME_YOK
[2026-09-19 17:02:39] Clawwolf | rehber bu sunucuda end city varmı? | enyakin=end-gitme puan=1 sebep=SINYAL_ZAYIF
[2026-09-19 17:02:39] Clawwolf | rehber bu sunucuda end city varmı? | enyakin=end-gitme puan=1 sebep=SINYAL_ZAYIF
[2026-09-19 17:04:29] maceswap | itemlerin bende değil diyorum ? | enyakin=- puan=0 sebep=ESLESME_YOK
[2026-09-19 17:11:12] Semihtaha1230 | hiç yönetici yokmu ???? | enyakin=- puan=0 sebep=ESLESME_YOK
[2026-09-19 17:11:13] Knowsunuz1 | acılmıo OnlyVan nedne ? | enyakin=- puan=0 sebep=ESLESME_YOK
[2026-09-19 17:11:38] Knowsunuz1 | acılmıo OnlyVan neden ? | enyakin=- puan=0 sebep=ESLESME_YOK
[2026-09-19 17:12:12] yusufsnmz0619 | kasa nası acılıo | enyakin=kasa puan=1 sebep=SINYAL_ZAYIF
[2026-09-19 17:13:59] Semihtaha1230 | neden sorularıma yanıt vermiyorsun | enyakin=- puan=0 sebep=ESLESME_YOK
[2026-09-19 17:14:28] Haliko | balcıgın var mı | enyakin=- puan=0 sebep=ESLESME_YOK
[2026-09-19 17:14:43] mertrrw | beyler ah a nasıl eşya koyuluyor | enyakin=acik-artirma puan=1 sebep=SINYAL_ZAYIF
[2026-09-19 17:14:44] Haliko | balcıkın var mı | enyakin=- puan=0 sebep=ESLESME_YOK
[2026-09-19 17:16:34] 06erenw06 | basemi niye pattlatdın | enyakin=- puan=0 sebep=ESLESME_YOK
[2026-09-19 17:16:41] yusufsnmz0619 | kasayı nası accıoz | enyakin=kasa puan=1 sebep=SINYAL_ZAYIF
[2026-09-19 17:17:36] yusufsnmz0619 | kasayı nası accaz | enyakin=kasa puan=1 sebep=SINYAL_ZAYIF
[2026-09-19 17:18:11] Swight | macewap abi demir kazmamdaki büyüleri nası elmas olana koycam | enyakin=buyu-masasi puan=1 sebep=SINYAL_ZAYIF
[2026-09-19 17:19:01] yusufsnmz0619 | rehber kasayı nası accaz | enyakin=kasa puan=1 sebep=SINYAL_ZAYIF
[2026-09-19 17:20:04] Swight | kazmamdaki büyüleri nası elmasa geçircem | enyakin=buyu-masasi puan=1 sebep=SINYAL_ZAYIF
[2026-09-19 17:22:02] SamirAzizi2375 | tanışabileceğim biri var mı | enyakin=- puan=0 sebep=ESLESME_YOK
[2026-09-19 17:22:05] mertrrw | base nerde | enyakin=- puan=0 sebep=ESLESME_YOK
[2026-09-19 17:24:50] krallcik | beyler bu acemi korumasıni nasıl kapatcaz | enyakin=- puan=0 sebep=ESLESME_YOK
[2026-09-19 17:24:53] mertrrw | base mi gidiyon | enyakin=- puan=0 sebep=ESLESME_YOK
[2026-09-19 17:26:35] maceswap | DrShadowww ? | enyakin=- puan=0 sebep=ESLESME_YOK
[2026-09-19 17:26:49] dijitaltotofan | kaç tane lazım | enyakin=- puan=0 sebep=ESLESME_YOK
[2026-09-19 17:27:32] mertrrw | kaç tane lazımki | enyakin=- puan=0 sebep=ESLESME_YOK
[2026-09-19 17:27:57] krallcik | acemi koruması nasıl kapatiliyoo | enyakin=- puan=0 sebep=ESLESME_YOK
[2026-09-19 17:28:42] ugur | baskın baslatakmı? | enyakin=claim-koruma puan=1 sebep=SINYAL_ZAYIF
[2026-09-19 17:29:35] ugur | beskın baslatcam yardım eden? | enyakin=- puan=0 sebep=ESLESME_YOK
[2026-09-19 17:32:01] ugur | baslatimmi? | enyakin=- puan=0 sebep=ESLESME_YOK
[2026-09-19 17:35:21] ugur | beyler tramber chemberra gidieki?? mace elde ederiz? | enyakin=- puan=0 sebep=ESLESME_YOK
[2026-09-19 17:37:08] BENSEN123 | vc var mı | enyakin=- puan=0 sebep=ESLESME_YOK
[2026-09-19 17:39:48] yusufsnmz0619 | korumayı nası kapatıoz | enyakin=- puan=0 sebep=ESLESME_YOK
[2026-09-19 17:42:44] DrShadowww | ya patlattın ya 10 saat uğrastık nası kestık kesdım kendimi | enyakin=- puan=0 sebep=ESLESME_YOK
[2026-09-19 17:44:34] maceswap | nasıl konuşuyorsun | enyakin=- puan=0 sebep=ESLESME_YOK
[2026-09-19 17:45:06] yusufsnmz0619 | nasıl atılıo | enyakin=- puan=0 sebep=ESLESME_YOK
[2026-09-19 17:45:34] DrShadowww | ya patlattınn esyalarımızı 10 saat uğrastık nası sakın oluyum ha | enyakin=- puan=0 sebep=ESLESME_YOK
[2026-09-19 17:50:21] ugur | bana neden tpa atıyorsunuz??? | enyakin=isinlanma-istegi puan=1 sebep=SINYAL_ZAYIF
[2026-09-19 17:50:38] maceswap | slm_FB5276 sorun nedir | enyakin=- puan=0 sebep=ESLESME_YOK
[2026-09-19 17:51:06] Dodotr2 | niye kesmesin | enyakin=- puan=0 sebep=ESLESME_YOK
[2026-09-19 17:53:06] ugur | tm nerden bulucam | enyakin=- puan=0 sebep=ESLESME_YOK
[2026-09-19 17:56:17] ugur | bende gelimmi? | enyakin=- puan=0 sebep=ESLESME_YOK
[2026-09-19 17:58:42] Dlight | valla mı | enyakin=- puan=0 sebep=ESLESME_YOK
[2026-09-19 18:00:34] Yusuf26958 | bana mı diyo | enyakin=- puan=0 sebep=ESLESME_YOK
[2026-09-19 18:04:24] Dodotr | bugün dünki gibi bir etkinlik patlar mı .d | enyakin=yaris puan=1 sebep=SINYAL_ZAYIF
[2026-09-19 18:04:28] cavad306 | 10k ya set satiyonuz mu? | enyakin=- puan=0 sebep=ESLESME_YOK
[2026-09-19 18:05:24] BENSEN123 | para atacak var mı yemek bile alamıyom | enyakin=para-kazanma puan=1 sebep=SINYAL_ZAYIF
[2026-09-19 18:05:59] JustDoDucky | voice chati nereden indirdiniz | enyakin=- puan=0 sebep=ESLESME_YOK
[2026-09-19 18:06:07] Dlight | niye savastınız | enyakin=- puan=0 sebep=ESLESME_YOK
[2026-09-19 18:08:30] JustDoDucky | vahşi bölgeye nası gidioz | enyakin=- puan=0 sebep=ESLESME_YOK
[2026-09-19 18:08:50] Dlight | claw nerde ve neden savastınız | enyakin=- puan=0 sebep=ESLESME_YOK
[2026-09-19 18:14:43] kamran2 | kim benle takılar | enyakin=- puan=0 sebep=ESLESME_YOK
[2026-09-19 18:15:57] kamran2 | takılakmı? | enyakin=- puan=0 sebep=ESLESME_YOK
[2026-09-19 18:17:32] kamran2 | mert takılakmı? | enyakin=- puan=0 sebep=ESLESME_YOK
[2026-09-19 18:19:18] egemen1559 | gece görüşü nasıl aciliyo | enyakin=- puan=0 sebep=ESLESME_YOK
[2026-09-19 18:19:35] Semihtaha1230 | egemen team??? | enyakin=takim puan=1 sebep=SINYAL_ZAYIF
[2026-09-19 18:24:23] egemen1559 | başlangıç koruması nasıl kapatiliuo | enyakin=- puan=0 sebep=ESLESME_YOK
[2026-09-19 18:27:19] TRAlevlord | kendin kasılmak yerine eşya dilenmeyi mi seçiyorsun | enyakin=- puan=0 sebep=ESLESME_YOK
[2026-09-19 18:30:17] cavad306 | oylesine kime tp ata bilirim | enyakin=isinlanma-istegi puan=1 sebep=SINYAL_ZAYIF
[2026-09-19 18:31:00] Dlight | 3 demir verebilcek var mı | enyakin=- puan=0 sebep=ESLESME_YOK
[2026-09-19 18:32:20] kamran2 | elmas kazma varmı? | enyakin=- puan=0 sebep=ESLESME_YOK
[2026-09-19 18:32:32] cavad306 | oylesine kime tp ata bilirim | enyakin=isinlanma-istegi puan=1 sebep=SINYAL_ZAYIF
[2026-09-19 18:36:03] PikaKaan | ben yeniyim nasıl atcam | enyakin=oyuna-baslama puan=1 sebep=SINYAL_ZAYIF
[2026-09-19 18:36:25] ThewCan | neden elmas hıc yok | enyakin=- puan=0 sebep=ESLESME_YOK
[2026-09-19 18:44:13] kamran2 | neden kesiyonn | enyakin=- puan=0 sebep=ESLESME_YOK
[2026-09-19 18:50:48] TRAlevlord | ne oldu vuramadınız mı FABUFJHABFA | enyakin=- puan=0 sebep=ESLESME_YOK
[2026-09-19 18:51:05] TRAlevlord | vuramıyonuz mu AEUAJFIOKMLÖ | enyakin=- puan=0 sebep=ESLESME_YOK
[2026-09-19 18:52:35] Ahmetyt1323 | team olacak var mı????s | enyakin=takim puan=1 sebep=SINYAL_ZAYIF
[2026-09-19 18:52:56] cavad306 | seni bekliyom basliyim mi | enyakin=- puan=0 sebep=ESLESME_YOK
[2026-09-19 18:55:44] cavad306 | ipeksi dokunus lazim mi | enyakin=- puan=0 sebep=ESLESME_YOK
[2026-09-19 18:57:11] yusimamano2525 | ark olak mi | enyakin=- puan=0 sebep=ESLESME_YOK
[2026-09-19 18:57:48] cavad306 | butun yataklari kirsam olur mu | enyakin=- puan=0 sebep=ESLESME_YOK
[2026-09-19 18:58:01] Ahmetyt1323 | team olacak var mı | enyakin=takim puan=1 sebep=SINYAL_ZAYIF
[2026-09-19 18:59:31] uzumMC | beyler team olcak var mı | enyakin=takim puan=1 sebep=SINYAL_ZAYIF
[2026-09-19 19:00:27] Williamton1628 | yeniyim yardim edebilecek var mı | enyakin=oyuna-baslama puan=1 sebep=SINYAL_ZAYIF
[2026-09-19 19:03:22] cavad306 | simdi gideyim mi | enyakin=- puan=0 sebep=ESLESME_YOK
[2026-09-19 19:04:36] Ahmetyt1323 | team mi olak | enyakin=takim puan=1 sebep=SINYAL_ZAYIF
[2026-09-19 19:09:55] PikaKaan | nereye gidiyoz | enyakin=- puan=0 sebep=ESLESME_YOK
[2026-09-19 19:10:39] Ahmetyt1323 | o kazmayı nereden buldun | enyakin=- puan=0 sebep=ESLESME_YOK
[2026-09-19 19:11:17] PikaKaan | ben bu kalkanı kendimden nasıl kaldıracağım | enyakin=- puan=0 sebep=ESLESME_YOK
[2026-09-19 19:11:41] Williamton1628 | yeniler team olcak var mi | enyakin=takim puan=1 sebep=SINYAL_ZAYIF
[2026-09-19 19:14:08] akcadagg | lag bende mi var sadece | enyakin=- puan=0 sebep=ESLESME_YOK
[2026-09-19 19:14:37] PikaKaan | ben bu kalkanı kendimden nasıl kaldıracağım | enyakin=- puan=0 sebep=ESLESME_YOK
[2026-09-19 19:15:28] PikaKaan | ben koruma kalkanını nasıl kaldırıcam | enyakin=- puan=0 sebep=ESLESME_YOK
[2026-09-19 19:16:50] akcadagg | puanlamak isteyen demedin mi | enyakin=seviye puan=1 sebep=SINYAL_ZAYIF
[2026-09-19 19:20:13] AAAAAAAAAAAAAA | ıkı dk eve gıdıp malzama alım mı? | enyakin=- puan=0 sebep=ESLESME_YOK
[2026-09-19 19:23:24] Ahmetyt1323 | neden atladın | enyakin=- puan=0 sebep=ESLESME_YOK
[2026-09-19 19:24:13] maceswap | bana nasıl inanmıyorsun rehber yalan soylermi :D | enyakin=- puan=0 sebep=ESLESME_YOK
[2026-09-19 19:25:39] Williamton1628 | olduğum yerde iki spawner var değerli mi | enyakin=spawner puan=3 sebep=FARK_YETERSIZ
[2026-09-19 19:27:27] KickedSole6663 | arkadaşlar kömür cevheri nerden bulcam acaba | enyakin=- puan=0 sebep=ESLESME_YOK
[2026-09-19 19:30:14] Serhatq | efe beraber oynayak mı | enyakin=- puan=0 sebep=ESLESME_YOK
[2026-09-19 19:30:51] Dlight | base mi genisletsek | enyakin=- puan=0 sebep=ESLESME_YOK
[2026-09-19 19:30:53] Galaxypro_ | sunucu nasıl | enyakin=- puan=0 sebep=ESLESME_YOK
[2026-09-19 19:31:54] TriggerDarex | lan 4 bloktan dusup nasi oldum ben | enyakin=- puan=0 sebep=ESLESME_YOK
[2026-09-19 19:32:31] TriggerDarex | gercekten mi | enyakin=- puan=0 sebep=ESLESME_YOK
[2026-09-19 19:32:47] PikaKaan | nasıl ışınlanıyon AAAAAAAAAAAAAAAAA | enyakin=rtp puan=1 sebep=SINYAL_ZAYIF
[2026-09-19 19:32:48] TriggerDarex | ben bunu niye yeni ogrendim | enyakin=- puan=0 sebep=ESLESME_YOK
[2026-09-19 19:33:06] Dlight | elmaslazım mı | enyakin=- puan=0 sebep=ESLESME_YOK
[2026-09-19 19:33:42] Dlight | zumrutlazım mı | enyakin=- puan=0 sebep=ESLESME_YOK
[2026-09-19 19:35:13] akcadagg | eyeri olan var mı | enyakin=- puan=0 sebep=ESLESME_YOK
[2026-09-19 19:35:58] akcadagg | eyer nereden bulabilirim? | enyakin=- puan=0 sebep=ESLESME_YOK
[2026-09-19 19:36:12] TriggerDarex | eyer craftlanmıyo mu | enyakin=- puan=0 sebep=ESLESME_YOK
[2026-09-19 19:36:36] OnlyVan | onu sana kim verdi | enyakin=- puan=0 sebep=ESLESME_YOK
[2026-09-19 19:36:58] OnlyVan | onu sana kim verdi | enyakin=- puan=0 sebep=ESLESME_YOK
[2026-09-19 19:38:10] Kup_Seker6261 | yeni hesap nasıl açılır | enyakin=- puan=0 sebep=ESLESME_YOK
[2026-09-19 19:39:02] Kup_Seker6261 | yeni̇ hesap nasil açilir | enyakin=- puan=0 sebep=ESLESME_YOK
[2026-09-19 19:39:39] kamran2 | kim bana nedr set verer | enyakin=- puan=0 sebep=ESLESME_YOK
[2026-09-19 19:39:41] Kup_Seker6261 | yeni hesap nasıl açılırr | enyakin=- puan=0 sebep=ESLESME_YOK
[2026-09-19 19:40:35] Kup_Seker6261 | yeni hesap nasıl açılır !!!!!! | enyakin=- puan=0 sebep=ESLESME_YOK
[2026-09-19 19:41:06] maceswap | nerden oynuyorsan isim değiş aynı şekilde gir | enyakin=- puan=0 sebep=ESLESME_YOK
[2026-09-19 19:41:49] Kup_Seker6261 | isim nasıl değişiyor | enyakin=- puan=0 sebep=ESLESME_YOK
[2026-09-19 19:43:02] Eltac | eşya verseniz? | enyakin=- puan=0 sebep=ESLESME_YOK
[2026-09-19 19:44:57] Kup_Seker6261 | yönetici yeni hesap nasıl açılır | enyakin=- puan=0 sebep=ESLESME_YOK
[2026-09-19 19:45:01] Dlight | zırhımı nereye koysam almazlar | enyakin=- puan=0 sebep=ESLESME_YOK
[2026-09-19 19:45:14] PikaKaan | pvp atalım mı aaaaaaaaaaa | enyakin=savas-etiketi puan=1 sebep=SINYAL_ZAYIF
[2026-09-19 19:45:39] PikaKaan | pvp atalım mı AAAAAAAAAAA | enyakin=savas-etiketi puan=1 sebep=SINYAL_ZAYIF
[2026-09-19 19:46:02] PikaKaan | pvp atalim mi | enyakin=savas-etiketi puan=1 sebep=SINYAL_ZAYIF
[2026-09-19 19:46:59] Dlight | demir var mı | enyakin=- puan=0 sebep=ESLESME_YOK
[2026-09-19 19:47:36] PikaKaan | pvp atmak i̇steyen var mi | enyakin=savas-etiketi puan=1 sebep=SINYAL_ZAYIF
[2026-09-19 19:47:38] Dlight | demir var mı | enyakin=- puan=0 sebep=ESLESME_YOK
[2026-09-19 19:47:45] Dlight | demir var mıı ramazan | enyakin=- puan=0 sebep=ESLESME_YOK
[2026-09-19 19:47:45] uzumMC | tpa atabilcek var mı yeniyim | enyakin=isinlanma-istegi puan=1 sebep=SINYAL_ZAYIF
[2026-09-19 19:48:25] LavishInk2983 | nası satcam /se ll yazyom | enyakin=- puan=0 sebep=ESLESME_YOK
[2026-09-19 19:48:28] Williamton1628 | ipeksi dokunusu olan kim var gelsin alsin | enyakin=- puan=0 sebep=ESLESME_YOK
[2026-09-19 19:49:00] mertrrw | ramazan kaç veririsin | enyakin=- puan=0 sebep=ESLESME_YOK
[2026-09-19 19:50:06] AAAAAAAAAAAAAA | rehber sımdı ben adımı ısmımı degısıp sonra tekrar bu hesaba gırmek ıstesem aaaaaaa yabsam olmuyomu dıyelım 17var ben 8yaptım olurmu? | enyakin=- puan=0 sebep=ESLESME_YOK
[2026-09-19 19:50:33] AAAAAAAAAAAAAA | olurmu yanı kısaca aaaaa yabsam yetermı? | enyakin=- puan=0 sebep=ESLESME_YOK
[2026-09-19 19:50:36] akcadagg | bu kadar mı | enyakin=- puan=0 sebep=ESLESME_YOK
[2026-09-19 19:50:56] Ramazan6414 | over hasarlı mı | enyakin=- puan=0 sebep=ESLESME_YOK
[2026-09-19 19:51:49] Dlight | guzel kazma var mı | enyakin=- puan=0 sebep=ESLESME_YOK
[2026-09-19 19:54:17] OverLord | ramazan seti ne zaman alırsın | enyakin=- puan=0 sebep=ESLESME_YOK
[2026-09-19 19:54:39] RAMPAGE | sınırsız gece gorusu kodu neydı | enyakin=- puan=0 sebep=ESLESME_YOK
[2026-09-19 19:54:47] Talhabera646464 | beyler spaw er nasıl alınıyo | enyakin=- puan=0 sebep=ESLESME_YOK
[2026-09-19 19:54:54] kamran2 | nedr set yapakmı? | enyakin=- puan=0 sebep=ESLESME_YOK
[2026-09-19 19:55:16] PrimusLY | abi adam nasıl bulmuş olabilir sp leri | enyakin=- puan=0 sebep=ESLESME_YOK
[2026-09-19 19:57:46] TriggerDarex | atlar cıftlesmiyo mu | enyakin=- puan=0 sebep=ESLESME_YOK
[2026-09-19 19:59:12] OverLord | kac istiyorsun | enyakin=- puan=0 sebep=ESLESME_YOK
[2026-09-19 19:59:12] RahibBoss62062 | kim benle birlikde olur evde var | enyakin=- puan=0 sebep=ESLESME_YOK
[2026-09-19 19:59:36] lonewolf | kaç verirsin | enyakin=- puan=0 sebep=ESLESME_YOK
[2026-09-19 20:00:00] lonewolf | kaç verirsin | enyakin=- puan=0 sebep=ESLESME_YOK
[2026-09-19 20:00:26] PrimusLY | günlük ödül olarak ne veriyor? | enyakin=- puan=0 sebep=ESLESME_YOK
[2026-09-19 20:00:26] OverLord | kac istiyorsun | enyakin=- puan=0 sebep=ESLESME_YOK
[2026-09-19 20:00:34] Ramazan6414 | over mace e o setten kac parca verirsin | enyakin=- puan=0 sebep=ESLESME_YOK
[2026-09-19 20:00:39] lonewolf | kaç verirsin sen | enyakin=- puan=0 sebep=ESLESME_YOK
[2026-09-19 20:02:01] Dlight | yardıma gelcek var mı | enyakin=- puan=0 sebep=ESLESME_YOK
[2026-09-19 20:02:06] Dlight | claw gelcen mı | enyakin=- puan=0 sebep=ESLESME_YOK
[2026-09-19 20:02:44] PrimusLY | 1 tanede vip çekiliş???? | enyakin=vip-rutbe puan=1 sebep=SINYAL_ZAYIF
[2026-09-19 20:03:23] Dlight | artı nası yazıyoz | enyakin=- puan=0 sebep=ESLESME_YOK
[2026-09-19 20:04:02] LavishInk2983 | ipeksi büyüsü nerden alcam | enyakin=buyu-masasi puan=1 sebep=SINYAL_ZAYIF
[2026-09-19 20:04:16] Hamsi6363 | hangi piç bizim base patlati lannm | enyakin=- puan=0 sebep=ESLESME_YOK
[2026-09-19 20:04:40] secadSS1 | takas olan var mı pişmiş domuz takas ile tecrube iksiri | enyakin=takas puan=3 sebep=FARK_YETERSIZ
[2026-09-19 20:05:13] Williamton1628 | herkese anahtar mi | enyakin=kasa puan=1 sebep=SINYAL_ZAYIF
[2026-09-19 20:05:39] krallcik | admin abi bu koruma süresini nasıl kapatabiliyoz | enyakin=- puan=0 sebep=ESLESME_YOK
[2026-09-19 20:06:15] RAMPAGE | bana nıye hepsınde elmas gelıo | enyakin=- puan=0 sebep=ESLESME_YOK
[2026-09-19 20:07:53] RahibBoss62062 | admin sandıkdakılar alınmıyormu???? | enyakin=- puan=0 sebep=ESLESME_YOK
[2026-09-19 20:08:12] LavishInk2983 | ya admin banq tp atsan nası alcam | enyakin=isinlanma-istegi puan=1 sebep=SINYAL_ZAYIF
[2026-09-19 20:09:15] secadSS1 | pişmiş domuz 64 random eşya ????????? | enyakin=- puan=0 sebep=ESLESME_YOK
[2026-09-19 20:09:19] WITHER8763 | admin ipeksi var mı | enyakin=- puan=0 sebep=ESLESME_YOK
[2026-09-19 20:09:20] TriggerDarex | sezon bitince hersey mi gidiyo rehber | enyakin=- puan=0 sebep=ESLESME_YOK
[2026-09-19 20:09:28] Ramazan6414 | sence bunu kim yaptı | enyakin=- puan=0 sebep=ESLESME_YOK
[2026-09-19 20:09:42] krallcik | pvp yerinde nasıl gidiyoz | enyakin=savas-etiketi puan=1 sebep=SINYAL_ZAYIF
[2026-09-19 20:11:18] Hatayli2239 | peki ne zaman tekrar alabilirim | enyakin=- puan=0 sebep=ESLESME_YOK
[2026-09-19 20:11:19] Talhabera646464 | event kasası nasıl açılıyor | enyakin=kasa puan=1 sebep=SINYAL_ZAYIF
[2026-09-19 20:11:28] RahibBoss62062 | admin kasaya nasıl gidiyofuk | enyakin=kasa puan=1 sebep=SINYAL_ZAYIF
[2026-09-19 20:11:35] Talhabera646464 | event kasası nasıl açılıyo | enyakin=kasa puan=1 sebep=SINYAL_ZAYIF
[2026-09-19 20:11:52] krallcik | pvp yerine nasil gidiyoz | enyakin=savas-etiketi puan=1 sebep=SINYAL_ZAYIF
[2026-09-19 20:11:54] RahibBoss62062 | admin kasaya nasıl gidiyorduk | enyakin=kasa puan=1 sebep=SINYAL_ZAYIF
[2026-09-19 20:12:44] Hatayli2239 | ne zaman başka açabilirim rehberr | enyakin=- puan=0 sebep=ESLESME_YOK
[2026-09-19 20:13:11] kaan21065094 | niye ata binemiyom | enyakin=- puan=0 sebep=ESLESME_YOK
[2026-09-19 20:13:22] LavishInk2983 | ramazan spawni̇ri̇mi̇ çaldiii | enyakin=spawn-warp puan=1 sebep=SINYAL_ZAYIF
[2026-09-19 20:14:41] enes | 40 tane antik kalıntıya ne kadar verirsiniz | enyakin=- puan=0 sebep=ESLESME_YOK
[2026-09-19 20:15:18] xMitor | nası ada açıcam | enyakin=gokyuzu-etkinlik puan=1 sebep=SINYAL_ZAYIF
[2026-09-19 20:17:01] enes | 40 tane antik kalıntıya ne kadar verirsiniz | enyakin=- puan=0 sebep=ESLESME_YOK
[2026-09-19 20:17:09] LavishInk2983 | ipeksi büyü nerden alcam | enyakin=buyu-masasi puan=1 sebep=SINYAL_ZAYIF
[2026-09-19 20:17:57] LavishInk2983 | ipeksi nerden alcam | enyakin=- puan=0 sebep=ESLESME_YOK
[2026-09-19 20:18:17] efeongun7 | rehber nası dünyaya geri gitcem | enyakin=- puan=0 sebep=ESLESME_YOK
[2026-09-19 20:18:44] Talhabera646464 | ganimet ksa anahtarı var nasıl açılıyodu | enyakin=kasa puan=1 sebep=SINYAL_ZAYIF
[2026-09-19 20:18:55] Ramazan6414 | olum niye her gelişte daha fakirsin | enyakin=olunce-esya puan=1 sebep=SINYAL_ZAYIF
[2026-09-19 20:19:38] S19B150 | yemek varcek var mı pls | enyakin=- puan=0 sebep=ESLESME_YOK
[2026-09-19 20:20:15] enes | 70kya 40 tane antik kalıntı kim alır | enyakin=- puan=0 sebep=ESLESME_YOK
[2026-09-19 20:21:56] TriggerDarex | nasıl niye kırılmıyo | enyakin=- puan=0 sebep=ESLESME_YOK
[2026-09-19 20:21:58] LavishInk2983 | ee nası alcam peki | enyakin=- puan=0 sebep=ESLESME_YOK
[2026-09-19 20:22:29] TriggerDarex | vein miner mı | enyakin=- puan=0 sebep=ESLESME_YOK
[2026-09-19 20:22:50] M_SPOWER2204 | ah be kime çıktı | enyakin=acik-artirma puan=1 sebep=SINYAL_ZAYIF
[2026-09-19 20:23:42] LavishInk2983 | e neden kırınca ipeksi istiyo | enyakin=- puan=0 sebep=ESLESME_YOK
[2026-09-19 20:25:59] Talhabera646464 | nasıl arkadaşımıza tpa atcaz | enyakin=isinlanma-istegi puan=1 sebep=SINYAL_ZAYIF
[2026-09-19 20:26:24] Hatayli2239 | team mı yız | enyakin=takim puan=1 sebep=SINYAL_ZAYIF
[2026-09-19 20:28:56] akcadagg | 3 tane icin mi bedava verirdim | enyakin=- puan=0 sebep=ESLESME_YOK
[2026-09-19 20:29:13] Yasin051590 | Rehber nasil sinirsiz gece gorusu yapiyoz | enyakin=- puan=0 sebep=ESLESME_YOK
[2026-09-19 20:31:04] Talhabera646464 | beyler elytra falan ne kadar para birimi | enyakin=para-kazanma puan=1 sebep=SINYAL_ZAYIF
[2026-09-19 20:31:26] enes | eltra ne kadar | enyakin=- puan=0 sebep=ESLESME_YOK
[2026-09-19 20:33:54] efeongun7 | rehber nasıl ihaleye item koyuyoz | enyakin=- puan=0 sebep=ESLESME_YOK
[2026-09-19 20:35:08] akcadagg | BİRİLERİNİN Evlerini yagmalamak suc degil di mi | enyakin=- puan=0 sebep=ESLESME_YOK
[2026-09-19 20:40:17] TriggerDarex | kevın kim | enyakin=- puan=0 sebep=ESLESME_YOK
[2026-09-19 20:41:35] Clawlion | Lan nası Clawwolf oyunda değilimki | enyakin=- puan=0 sebep=ESLESME_YOK
[2026-09-19 20:41:53] Dlight | bize ametislazım mı | enyakin=- puan=0 sebep=ESLESME_YOK
[2026-09-19 20:42:19] Clawlion | nasıl oldu lan o | enyakin=- puan=0 sebep=ESLESME_YOK
[2026-09-19 20:42:59] RAMPAGE | denızın altında topraga nıye ekılmıyo | enyakin=- puan=0 sebep=ESLESME_YOK
[2026-09-19 20:43:35] Dlight | ipeksi var mı | enyakin=- puan=0 sebep=ESLESME_YOK
[2026-09-19 20:46:43] RAMPAGE | beyler yer altında nıye tohum ekılmıyo | enyakin=- puan=0 sebep=ESLESME_YOK
[2026-09-19 20:48:53] Dlight | adın mı degisti | enyakin=- puan=0 sebep=ESLESME_YOK
[2026-09-19 20:49:26] Clawlion | Kurucu OnlyVan?! | enyakin=- puan=0 sebep=ESLESME_YOK
[2026-09-19 20:49:27] Clawlion | Kurucu OnlyVan?! | enyakin=- puan=0 sebep=ESLESME_YOK
[2026-09-19 20:49:29] Clawlion | Kurucu OnlyVan? | enyakin=- puan=0 sebep=ESLESME_YOK
[2026-09-19 20:49:30] Clawlion | Kurucu OnlyVan? | enyakin=- puan=0 sebep=ESLESME_YOK
[2026-09-19 20:53:10] S19B150 | abi baze mi puan lar mısın | enyakin=seviye puan=1 sebep=SINYAL_ZAYIF
[2026-09-19 20:53:31] RAMPAGE | ben tek pc den 2hesab kulanıyorum bu hesabı /afk yapsam dıgerıne gırsem oluyomu? | enyakin=kristal puan=1 sebep=SINYAL_ZAYIF
[2026-09-19 20:53:40] S19B150 | kaç ta kaç abi | enyakin=- puan=0 sebep=ESLESME_YOK
[2026-09-19 20:55:32] RAMPAGE | ben afk bırakıp dıger hesabımdan tpa ıstegınden bulunup onu afk bıraksam sonra bu hesaba gecebılıyom mu | enyakin=kristal puan=1 sebep=SINYAL_ZAYIF
[2026-09-19 20:55:37] Yasin051590 | Hay ank ya Gitti eşalwr yav niye Yerdeki eşşalsr siliniyo allahallah ya | enyakin=- puan=0 sebep=ESLESME_YOK
[2026-09-19 20:57:05] Talhabera646464 | admin netherda ve endde heryer lootlandımı? | enyakin=nether-gitme puan=1 sebep=SINYAL_ZAYIF
[2026-09-19 21:01:32] Dlight | shulkerim sende mi kalmıs | enyakin=- puan=0 sebep=ESLESME_YOK
[2026-09-19 21:05:07] JakeMonkey5749 | la niye beni oldurdunuz | enyakin=- puan=0 sebep=ESLESME_YOK
[2026-09-19 21:06:14] Arasayan | nerde vs atalık | enyakin=- puan=0 sebep=ESLESME_YOK
[2026-09-19 21:08:41] AAAAAAAAAAAAAA | ama 10bın blok mu gıtcem | enyakin=- puan=0 sebep=ESLESME_YOK
[2026-09-19 21:09:04] JakeMonkey5749 | niye olm | enyakin=- puan=0 sebep=ESLESME_YOK
[2026-09-19 21:13:16] Dlight | ne far mı | enyakin=- puan=0 sebep=ESLESME_YOK
[2026-09-19 21:13:22] Talhabera646464 | admin spawmer bulunca nasıl alıyoz | enyakin=- puan=0 sebep=ESLESME_YOK
[2026-09-19 21:15:00] TriggerDarex | furkown nasıl biseysin | enyakin=- puan=0 sebep=ESLESME_YOK
[2026-09-19 21:16:03] zuri7yusufte | eşya verebilen var mı | enyakin=- puan=0 sebep=ESLESME_YOK
[2026-09-19 21:16:49] Ruzgarin432 | bitti mi | enyakin=- puan=0 sebep=ESLESME_YOK
[2026-09-19 21:21:21] malozurlu1238321 | beyler nasıl tp atılıyo | enyakin=isinlanma-istegi puan=1 sebep=SINYAL_ZAYIF
[2026-09-19 21:22:43] AAAAAAAAAAAAAA | ısmımın gozukmemesını nasıl saglarım afk kalcaktım | enyakin=kristal puan=1 sebep=SINYAL_ZAYIF
[2026-09-19 21:22:52] cavad306 | bana esya verecek ? | enyakin=- puan=0 sebep=ESLESME_YOK
[2026-09-19 21:26:19] Ruzgarin432 | adını gördün mü | enyakin=- puan=0 sebep=ESLESME_YOK
[2026-09-19 21:26:28] JakeMonkey5749 | ./sell le nası satış yapcaz GÖREVİM VAR | enyakin=esya-satma puan=1 sebep=SINYAL_ZAYIF
[2026-09-19 21:27:58] Clawwolf | tpa at lan aras korktunmu? | enyakin=isinlanma-istegi puan=1 sebep=SINYAL_ZAYIF
[2026-09-19 21:28:16] Dlight | korumasını kaldırdın mı | enyakin=- puan=0 sebep=ESLESME_YOK
[2026-09-19 21:28:38] JakeMonkey5749 | apathy sell gorev var nasi̇l sati̇s yapcam gor arti̇k | enyakin=esya-satma puan=1 sebep=SINYAL_ZAYIF
[2026-09-19 21:31:07] malozurlu1238321 | rehber abi biz nasıl bisiler satın alıcas | enyakin=site-kredi puan=2 sebep=SINYAL_ZAYIF
[2026-09-19 21:32:36] OnlyVan | acemi korumanı kaldırayım mı | enyakin=- puan=0 sebep=ESLESME_YOK
[2026-09-19 21:33:07] Dlight | niye boyle bisey yaptın | enyakin=- puan=0 sebep=ESLESME_YOK
[2026-09-19 21:34:11] Dlight | niye oldurdun | enyakin=- puan=0 sebep=ESLESME_YOK
[2026-09-19 21:40:44] Ramazan6414 | kim kimler | enyakin=- puan=0 sebep=ESLESME_YOK
[2026-09-19 21:41:32] LavishInk2983 | elimdeki kaktüsleri nası satcam | enyakin=- puan=0 sebep=ESLESME_YOK
[2026-09-19 21:42:30] Eneswq8431 | pvp gelen var mi | enyakin=savas-etiketi puan=1 sebep=SINYAL_ZAYIF
[2026-09-19 21:43:02] DrivingStorm667 | kime Dion | enyakin=- puan=0 sebep=ESLESME_YOK
[2026-09-19 21:44:09] Ramazan6414 | claw sandıktakileri mi aldın bekle | enyakin=- puan=0 sebep=ESLESME_YOK
[2026-09-19 21:44:11] Y1K7LMAZ | kim team olmak ister | enyakin=takim puan=1 sebep=SINYAL_ZAYIF
[2026-09-19 21:44:30] malozurlu1238321 | esya nası satılıyodu | enyakin=- puan=0 sebep=ESLESME_YOK
[2026-09-19 21:45:19] DrivingStorm667 | eee y1k1lmaz tpa atam mı | enyakin=isinlanma-istegi puan=1 sebep=SINYAL_ZAYIF
[2026-09-19 21:46:13] DrivingStorm667 | sleppy gelion mu y1k1lmazla team olduk | enyakin=takim puan=1 sebep=SINYAL_ZAYIF
[2026-09-19 21:46:16] Dlight | nası ısnınlancaz | enyakin=- puan=0 sebep=ESLESME_YOK
[2026-09-19 21:47:05] apathyharbi | tamamı? Eneswq8431 | enyakin=- puan=0 sebep=ESLESME_YOK
[2026-09-19 21:47:36] Y1K7LMAZ | abi sana özelden nası yazabilirim | enyakin=- puan=0 sebep=ESLESME_YOK
[2026-09-19 21:49:20] Dlight | 1v1 gelcen mi | enyakin=- puan=0 sebep=ESLESME_YOK
[2026-09-19 21:49:37] Skyler | kimse söylemiyor mu? | enyakin=- puan=0 sebep=ESLESME_YOK
[2026-09-19 21:51:19] Skyler | sen mi yağmaladın ln | enyakin=- puan=0 sebep=ESLESME_YOK
[2026-09-19 21:54:55] DrivingStorm667 | itemlerimi alam mı | enyakin=- puan=0 sebep=ESLESME_YOK
[2026-09-19 21:57:20] Dlight | vs gelcen mi | enyakin=- puan=0 sebep=ESLESME_YOK
[2026-09-19 21:57:32] Ramazan6414 | kılcın ismini gordunuz mu | enyakin=- puan=0 sebep=ESLESME_YOK
[2026-09-19 21:58:09] Y1K7LMAZ | Ben eşit olcak mı diye sordum | enyakin=- puan=0 sebep=ESLESME_YOK
[2026-09-19 21:58:23] LavishInk2983 | onarım kitabı neden bu kdr değerli | enyakin=- puan=0 sebep=ESLESME_YOK
[2026-09-19 21:59:02] Dlight | gelcen mi enes | enyakin=- puan=0 sebep=ESLESME_YOK
[2026-09-19 22:02:10] sleepybaba | nasıl atalıyor | enyakin=- puan=0 sebep=ESLESME_YOK
[2026-09-19 22:02:54] LavishInk2983 | sleepy nası tp atcak | enyakin=isinlanma-istegi puan=1 sebep=SINYAL_ZAYIF
[2026-09-19 22:02:54] Dlight | mace niye yaptın | enyakin=- puan=0 sebep=ESLESME_YOK
[2026-09-19 22:04:45] LavishInk2983 | rehber sleepy bNa nası yp atcak | enyakin=- puan=0 sebep=ESLESME_YOK
[2026-09-19 22:04:55] secadSS1 | rehber antik kılıntıyı neden kıramıyorum | enyakin=- puan=0 sebep=ESLESME_YOK
[2026-09-19 22:05:56] Clawwolf | mace bana versen? | enyakin=- puan=0 sebep=ESLESME_YOK
[2026-09-19 22:07:51] Dlight | niye atıyon | enyakin=- puan=0 sebep=ESLESME_YOK
[2026-09-19 22:07:54] secadSS1 | rehber kazma falan versen olur mu ? | enyakin=- puan=0 sebep=ESLESME_YOK
[2026-09-19 22:08:05] Dlight | niye almıyon | enyakin=- puan=0 sebep=ESLESME_YOK
[2026-09-19 22:08:35] secadSS1 | rehber nasıl fazla yok yaw | enyakin=- puan=0 sebep=ESLESME_YOK
[2026-09-19 22:10:05] trox7 | rehber nasıl ah a koyacam | enyakin=acik-artirma puan=1 sebep=SINYAL_ZAYIF
[2026-09-19 22:11:15] JustDoDucky | kristal shopa nasıl gitcez spawner ve anahtarların olduğu yere | enyakin=kristal puan=3 sebep=FARK_YETERSIZ
[2026-09-19 22:14:36] SungBeatle3744 | nasil ezya sayabilirim | enyakin=- puan=0 sebep=ESLESME_YOK
[2026-09-19 22:15:02] SungBeatle3744 | nasıl eşya sayabilirim | enyakin=- puan=0 sebep=ESLESME_YOK
[2026-09-19 22:18:56] alfakurt | bişey satmak için hangi komutu kullanıyoz | enyakin=esya-satma puan=1 sebep=SINYAL_ZAYIF
[2026-09-19 22:19:53] vynexx99 | eşya verebilecek var mı | enyakin=- puan=0 sebep=ESLESME_YOK
[2026-09-19 22:20:03] OverLord | 2.set home olarak nası cekicektim ya | enyakin=ev-home puan=1 sebep=SINYAL_ZAYIF
[2026-09-19 22:21:22] vynexx99 | pvp yeri nerde | enyakin=savas-etiketi puan=1 sebep=SINYAL_ZAYIF
[2026-09-19 22:22:05] TriggerDarex | hangı buyu | enyakin=buyu-masasi puan=1 sebep=SINYAL_ZAYIF
[2026-09-19 22:24:24] OverLord | kamıs farmı nerde | enyakin=en-iyi-farm puan=1 sebep=SINYAL_ZAYIF
[2026-09-19 22:25:22] egemen1559 | arkadaşlar kim kakrüs istiyodu | enyakin=- puan=0 sebep=ESLESME_YOK
[2026-09-19 22:26:45] krallcik | pvp yeri nerede | enyakin=savas-etiketi puan=1 sebep=SINYAL_ZAYIF
[2026-09-19 22:27:41] krallcik | mert neresi | enyakin=- puan=0 sebep=ESLESME_YOK
[2026-09-19 22:29:44] egemen1559 | elmas mindemir mi ne. | enyakin=- puan=0 sebep=ESLESME_YOK
[2026-09-19 22:34:53] Dlight | girelim mi | enyakin=- puan=0 sebep=ESLESME_YOK
[2026-09-19 22:35:08] Dlight | girelim mi | enyakin=- puan=0 sebep=ESLESME_YOK
[2026-09-19 22:35:12] Dlight | girek mi | enyakin=- puan=0 sebep=ESLESME_YOK
[2026-09-19 22:35:33] Dlight | girelim mi | enyakin=- puan=0 sebep=ESLESME_YOK
[2026-09-19 22:37:08] Antrix1807 | ben bacak zırhı versem kabul mü | enyakin=- puan=0 sebep=ESLESME_YOK
[2026-09-19 22:37:12] akcadagg | vahşi bölge nedir | enyakin=- puan=0 sebep=ESLESME_YOK
[2026-09-19 22:38:35] alfakurt | istediğimizi satın almak için hangi komut lazım | enyakin=site-kredi puan=2 sebep=SINYAL_ZAYIF
[2026-09-19 22:39:54] alfakurt | Satın almak için ne yapmamız lazım | enyakin=site-kredi puan=2 sebep=SINYAL_ZAYIF
[2026-09-19 22:40:55] Ermenkesen61 | ev nerde | enyakin=- puan=0 sebep=ESLESME_YOK
[2026-09-19 22:41:13] Dlight | niye topalcoo | enyakin=- puan=0 sebep=ESLESME_YOK
[2026-09-19 22:41:29] Dlight | niye yapıyon bunu topalcoo | enyakin=- puan=0 sebep=ESLESME_YOK
[2026-09-19 22:42:33] Dlight | olur mu mace | enyakin=- puan=0 sebep=ESLESME_YOK
[2026-09-19 22:42:48] faksbunny | baslangiç koruması nezaman bitcek | enyakin=- puan=0 sebep=ESLESME_YOK
[2026-09-19 22:43:01] Dlight | olur mu mace | enyakin=- puan=0 sebep=ESLESME_YOK
[2026-09-19 22:50:16] Dlight | niye attın | enyakin=- puan=0 sebep=ESLESME_YOK
[2026-09-19 22:51:16] UNDERTALESSANS | koruma nasıl kapatıyom | enyakin=- puan=0 sebep=ESLESME_YOK
[2026-09-19 22:53:55] PikachuMC | team olakmi? | enyakin=takim puan=1 sebep=SINYAL_ZAYIF
[2026-09-19 22:54:33] RahibBoss62062 | antrix bedavamı??? | enyakin=- puan=0 sebep=ESLESME_YOK
[2026-09-19 22:56:19] alfakurt | rehber biz set falan almak için ne yapmamız lazım | enyakin=- puan=0 sebep=ESLESME_YOK
[2026-09-19 22:56:38] RahibBoss62062 | hataylı beni neden kandırdın?? | enyakin=- puan=0 sebep=ESLESME_YOK
[2026-09-19 22:57:14] Dlight | vs gelcen mi̇ | enyakin=- puan=0 sebep=ESLESME_YOK
[2026-09-19 22:57:50] Dlight | gelcen mi̇ topalco | enyakin=- puan=0 sebep=ESLESME_YOK
[2026-09-19 23:00:27] SungBeatle3744 | nasil tek attın | enyakin=- puan=0 sebep=ESLESME_YOK
[2026-09-19 23:01:47] PrimusLY | nasıl yardımcı olabiliriz | enyakin=- puan=0 sebep=ESLESME_YOK
[2026-09-19 23:03:14] OverLord | egemen neden la | enyakin=- puan=0 sebep=ESLESME_YOK
[2026-09-19 23:05:34] mertrrw | over kime diyon | enyakin=- puan=0 sebep=ESLESME_YOK
[2026-09-19 23:06:54] Dlight | nası atcam | enyakin=- puan=0 sebep=ESLESME_YOK
[2026-09-19 23:07:08] Dlight | nası atcam para | enyakin=para-kazanma puan=1 sebep=SINYAL_ZAYIF
[2026-09-19 23:07:55] SungBeatle3744 | kim verdi | enyakin=- puan=0 sebep=ESLESME_YOK
[2026-09-19 23:08:24] JustDoDucky | beni chattemn kim banlamıştı | enyakin=- puan=0 sebep=ESLESME_YOK
[2026-09-19 23:09:17] JustDoDucky | kılıçı nerden aldn | enyakin=- puan=0 sebep=ESLESME_YOK
[2026-09-19 23:11:29] faksbunny | kasaları nasıl acıcam yada nerden | enyakin=kasa puan=1 sebep=SINYAL_ZAYIF
[2026-09-19 23:12:14] UNDERTALESSANS | beyler sp var kim isteeer | enyakin=- puan=0 sebep=ESLESME_YOK
[2026-09-19 23:12:48] UNDERTALESSANS | beyler sp var kim isteeer | enyakin=- puan=0 sebep=ESLESME_YOK
[2026-09-19 23:12:58] UNDERTALESSANS | beyler sp var kim isteeer | enyakin=- puan=0 sebep=ESLESME_YOK
[2026-09-19 23:19:17] RahibBoss62062 | bu toprak neden düzelmiyor | enyakin=- puan=0 sebep=ESLESME_YOK
[2026-09-19 23:20:27] DR_TK187 | ender chast nasi açılıo | enyakin=- puan=0 sebep=ESLESME_YOK
[2026-09-19 23:21:29] EFEMAH | koruma nasi açiliyo | enyakin=- puan=0 sebep=ESLESME_YOK
[2026-09-19 23:22:26] faksbunny | nasıl zırh alabiliri | enyakin=- puan=0 sebep=ESLESME_YOK
[2026-09-19 23:22:29] Dlight | totemi̇m bi̇tti̇de totem veri̇r mi̇si̇n | enyakin=- puan=0 sebep=ESLESME_YOK
[2026-09-19 23:24:05] faksbunny | beyler zırh nasıl alabilirim | enyakin=- puan=0 sebep=ESLESME_YOK
[2026-09-19 23:25:07] faksbunny | nasıl alıyorduk elmas zırh | enyakin=- puan=0 sebep=ESLESME_YOK
[2026-09-19 23:28:36] DR_TK187 | elmas set komudu neydi | enyakin=- puan=0 sebep=ESLESME_YOK
[2026-09-19 23:30:18] Dlight | bize tahta verebilcek var mı madendeyizde | enyakin=- puan=0 sebep=ESLESME_YOK
[2026-09-19 23:30:28] Anilreisss | acemi koruması nasıl kapanıyo | enyakin=- puan=0 sebep=ESLESME_YOK
[2026-09-19 23:31:37] Dlight | tahta var mı | enyakin=- puan=0 sebep=ESLESME_YOK
[2026-09-19 23:32:59] RahibBoss62062 | bakır kazma filan daha güclümü elmasdan yokksa? | enyakin=- puan=0 sebep=ESLESME_YOK
[2026-09-19 23:34:02] Dlight | attlma lav var mı diye | enyakin=- puan=0 sebep=ESLESME_YOK
[2026-09-19 23:34:51] RahibBoss62062 | bu toprak neden yeşileşmiyo | enyakin=- puan=0 sebep=ESLESME_YOK
[2026-09-19 23:37:31] OverLord | apathy nerde la | enyakin=- puan=0 sebep=ESLESME_YOK
[2026-09-19 23:38:39] DR_TK187 | yani nerde oynuosun :) | enyakin=- puan=0 sebep=ESLESME_YOK
[2026-09-19 23:43:46] DR_TK187 | neden spear yok kimsede | enyakin=- puan=0 sebep=ESLESME_YOK
[2026-09-19 23:45:16] Dlight | oldurcen mi | enyakin=- puan=0 sebep=ESLESME_YOK
[2026-09-19 23:47:47] maceswap | ismini doğru yazdınmı ? | enyakin=- puan=0 sebep=ESLESME_YOK
[2026-09-19 23:49:36] Dlight | oldurdun mu wheel | enyakin=- puan=0 sebep=ESLESME_YOK
[2026-09-19 23:50:04] Dlight | oldun mu | enyakin=- puan=0 sebep=ESLESME_YOK
[2026-09-19 23:53:47] akcadagg | o neydi dsfsgd | enyakin=- puan=0 sebep=ESLESME_YOK
[2026-09-19 23:54:01] akcadagg | cok mantıklı nasıl yaptın ki onu | enyakin=- puan=0 sebep=ESLESME_YOK
[2026-09-19 23:56:33] Dlight | noldu oldun mu whell | enyakin=- puan=0 sebep=ESLESME_YOK
[2026-09-19 23:57:36] Dlight | hainlik kurtarmadı mı | enyakin=- puan=0 sebep=ESLESME_YOK
[2026-09-20 00:00:32] RivalWheel8582 | niye baltayla geliyorsun | enyakin=- puan=0 sebep=ESLESME_YOK
[2026-09-20 00:02:01] RivalWheel8582 | korka niye hile yaptın | enyakin=sikayet puan=1 sebep=SINYAL_ZAYIF
[2026-09-20 00:04:13] Antrix1807 | kk kim çağırdı werdeni | enyakin=- puan=0 sebep=ESLESME_YOK
[2026-09-20 00:05:40] akcadagg | zor mu bulunuyor | enyakin=- puan=0 sebep=ESLESME_YOK
[2026-09-20 00:07:26] akcadagg | nasıl yanı siz suan telefondan mı oynuyosunuz | enyakin=- puan=0 sebep=ESLESME_YOK
[2026-09-20 00:07:38] RivalWheel8582 | eşyanı nasıl vercem | enyakin=- puan=0 sebep=ESLESME_YOK
[2026-09-20 00:11:03] akcadagg | çöl biomunda olan var mı geleyim | enyakin=- puan=0 sebep=ESLESME_YOK
[2026-09-20 00:11:20] DR_TK187 | nasi alıoz | enyakin=- puan=0 sebep=ESLESME_YOK
[2026-09-20 00:11:29] DR_TK187 | nasi alıoz | enyakin=- puan=0 sebep=ESLESME_YOK
[2026-09-20 00:11:57] DR_TK187 | nasi̇ 00 ödülüni̇ alioz | enyakin=- puan=0 sebep=ESLESME_YOK
[2026-09-20 00:14:21] Antrix1807 | nasil gitcez | enyakin=- puan=0 sebep=ESLESME_YOK
[2026-09-20 00:15:07] RahibBoss62062 | sandığı nasıl açıyoduk değerli eşyelarımız olanı | enyakin=- puan=0 sebep=ESLESME_YOK
[2026-09-20 00:17:26] Dlight | mes mi olsun | enyakin=- puan=0 sebep=ESLESME_YOK
[2026-09-20 00:17:35] Dlight | mese mi bu odun mu | enyakin=- puan=0 sebep=ESLESME_YOK
[2026-09-20 00:17:42] Dlight | mese mi bumu | enyakin=- puan=0 sebep=ESLESME_YOK
[2026-09-20 00:22:41] Antrix1807 | 50 tl mi 5000 mi | enyakin=- puan=0 sebep=ESLESME_YOK
[2026-09-20 00:23:16] Dlight | ne kadar oldu | enyakin=- puan=0 sebep=ESLESME_YOK
[2026-09-20 00:23:37] Kyururuu | antrix alıcan mı onu bosver | enyakin=- puan=0 sebep=ESLESME_YOK
[2026-09-20 00:24:29] Semihtaha1230 | kyuru nası atcam 50 tl | enyakin=- puan=0 sebep=ESLESME_YOK
[2026-09-20 00:24:31] mertrrw | ne kadar laxım | enyakin=- puan=0 sebep=ESLESME_YOK
[2026-09-20 00:28:19] Ruzgarin432 | aga bunlar bi̇zi̇m baseler mi̇ | enyakin=- puan=0 sebep=ESLESME_YOK
[2026-09-20 00:29:44] akcadagg | ben de bakiyim mi | enyakin=- puan=0 sebep=ESLESME_YOK
[2026-09-20 00:30:34] RivalWheel8582 | niyeki niye guveneyim | enyakin=- puan=0 sebep=ESLESME_YOK
[2026-09-20 00:36:22] Ruzgarin432 | hayır nasıl indircez | enyakin=- puan=0 sebep=ESLESME_YOK
[2026-09-20 00:38:29] Dlight | yanımdakiler mi | enyakin=- puan=0 sebep=ESLESME_YOK
[2026-09-20 00:39:32] akcadagg | yer altına mı | enyakin=- puan=0 sebep=ESLESME_YOK
[2026-09-20 00:39:46] RahibBoss62062 | nasıl iptal ede bilirim ./nv nı ben | enyakin=- puan=0 sebep=ESLESME_YOK
[2026-09-20 00:41:15] RahibBoss62062 | nv ne işe yarıyor??? | enyakin=- puan=0 sebep=ESLESME_YOK
[2026-09-20 00:42:16] Dlight | bitti mi | enyakin=- puan=0 sebep=ESLESME_YOK
[2026-09-20 00:43:14] RahibBoss62062 | ada yok olacak nasıl iptal edeyim | enyakin=gokyuzu-etkinlik puan=1 sebep=SINYAL_ZAYIF
[2026-09-20 00:44:22] Dlight | elmas kazman var mı | enyakin=- puan=0 sebep=ESLESME_YOK
[2026-09-20 00:52:35] AhmetYigit92 | herkesle savaşma alanı nerde | enyakin=- puan=0 sebep=ESLESME_YOK
[2026-09-20 00:55:40] oguzhan_MC_ | ben sana tp atım mı | enyakin=isinlanma-istegi puan=1 sebep=SINYAL_ZAYIF
[2026-09-20 00:56:42] RivalWheel8582 | yeterli mi Dlight | enyakin=- puan=0 sebep=ESLESME_YOK
[2026-09-20 00:59:59] oguzhan_MC_ | diyorum ki keserim diye mi tp yı kabur etmiyosun yoksa istemediğin için mi? | enyakin=isinlanma-istegi puan=1 sebep=SINYAL_ZAYIF
[2026-09-20 01:01:26] RahibBoss62062 | gece görüşü komutu neydi? | enyakin=menu puan=1 sebep=SINYAL_ZAYIF
[2026-09-20 01:01:51] RahibBoss62062 | admin gece görüş komutu neydi | enyakin=menu puan=1 sebep=SINYAL_ZAYIF
[2026-09-20 01:06:12] RahibBoss62062 | crx bedavamı? | enyakin=- puan=0 sebep=ESLESME_YOK
[2026-09-20 01:06:38] CRxDarking | kac verirsin | enyakin=- puan=0 sebep=ESLESME_YOK
[2026-09-20 01:07:22] CRxDarking | sen ne kadar verirsin ben yeniyim chicken smpden geldim | enyakin=oyuna-baslama puan=1 sebep=SINYAL_ZAYIF
[2026-09-20 01:11:28] Knowsunuz1 | nerdeyim la | enyakin=- puan=0 sebep=ESLESME_YOK
[2026-09-20 01:15:00] RivalWheel8582 | nasıl bilmiyorum ki | enyakin=- puan=0 sebep=ESLESME_YOK
[2026-09-20 01:17:13] akcadagg | ne kadar verdi mace | enyakin=- puan=0 sebep=ESLESME_YOK
[2026-09-20 01:19:52] RahibBoss62062 | lavı olan varmı???? | enyakin=- puan=0 sebep=ESLESME_YOK
[2026-09-20 01:20:03] RivalWheel8582 | rüzgar nerde | enyakin=- puan=0 sebep=ESLESME_YOK
[2026-09-20 01:21:36] RahibBoss62062 | nasıl bula bilirim ya lazım | enyakin=- puan=0 sebep=ESLESME_YOK
[2026-09-20 01:24:54] Dlight | tarla yapalım mı | enyakin=- puan=0 sebep=ESLESME_YOK
[2026-09-20 01:26:05] PromptCast6331 | lan bursı türk mu | enyakin=- puan=0 sebep=ESLESME_YOK
[2026-09-20 01:26:24] Dlight | ordan mı yapalım | enyakin=- puan=0 sebep=ESLESME_YOK
[2026-09-20 01:27:38] akcadagg | nerden buldun eyeri | enyakin=- puan=0 sebep=ESLESME_YOK
[2026-09-20 01:27:50] PromptCast6331 | burası türk smp mi | enyakin=- puan=0 sebep=ESLESME_YOK
[2026-09-20 01:28:16] Dlight | buraya mı yapalıom tarla | enyakin=- puan=0 sebep=ESLESME_YOK
[2026-09-20 01:28:26] uchihasasukemc | nasil hızlı kemik tozu alabilirim | enyakin=- puan=0 sebep=ESLESME_YOK
[2026-09-20 01:28:26] Knowsunuz1 | 3 kafalı mı | enyakin=- puan=0 sebep=ESLESME_YOK
[2026-09-20 01:28:48] PromptCast6331 | agalr envateri korunaçık mı | enyakin=- puan=0 sebep=ESLESME_YOK
[2026-09-20 01:30:19] PromptCast6331 | elytrayı nası alıyoz | enyakin=- puan=0 sebep=ESLESME_YOK
[2026-09-20 01:32:48] PromptCast6331 | sana VIP diyem mi | enyakin=vip-rutbe puan=1 sebep=SINYAL_ZAYIF
[2026-09-20 01:33:34] Dlight | sen buraya set home cektin mi | enyakin=ev-home puan=1 sebep=SINYAL_ZAYIF
[2026-09-20 01:33:36] PromptCast6331 | kim kurcu lan 2 tane var | enyakin=- puan=0 sebep=ESLESME_YOK
[2026-09-20 01:34:17] PromptCast6331 | envantire korunaçık mı | enyakin=- puan=0 sebep=ESLESME_YOK
[2026-09-20 01:35:25] PromptCast6331 | nası bi sujucu | enyakin=- puan=0 sebep=ESLESME_YOK
[2026-09-20 01:37:44] Dlight | verim mi | enyakin=- puan=0 sebep=ESLESME_YOK
[2026-09-20 01:41:45] PromptCast6331 | bbiz oynamaya devam mı edecez | enyakin=- puan=0 sebep=ESLESME_YOK
[2026-09-20 01:42:38] akcadagg | ölme riski var mı | enyakin=- puan=0 sebep=ESLESME_YOK
[2026-09-20 01:44:29] Dlight | toprak var mı | enyakin=- puan=0 sebep=ESLESME_YOK
[2026-09-20 01:48:44] PromptCast6331 | napacam set mi verecen | enyakin=- puan=0 sebep=ESLESME_YOK
[2026-09-20 01:55:05] PromptCast6331 | olm doğduğum yere nası dönecem | enyakin=- puan=0 sebep=ESLESME_YOK
[2026-09-20 01:58:36] PromptCast6331 | ende nası gidiyoz | enyakin=- puan=0 sebep=ESLESME_YOK
[2026-09-20 01:59:22] PromptCast6331 | ende nası gidiyoz | enyakin=- puan=0 sebep=ESLESME_YOK
[2026-09-20 02:00:02] PromptCast6331 | ende nası gidiyoruz | enyakin=- puan=0 sebep=ESLESME_YOK
[2026-09-20 02:05:36] PromptCast6331 | elytra bitti mi end de | enyakin=end-gitme puan=1 sebep=SINYAL_ZAYIF
[2026-09-20 02:06:31] Dlight | nerden gidiyoz eve | enyakin=- puan=0 sebep=ESLESME_YOK
[2026-09-20 02:06:58] Dlight | ev nerde | enyakin=- puan=0 sebep=ESLESME_YOK
[2026-09-20 02:07:24] Dlight | ev nerde onu soyle | enyakin=- puan=0 sebep=ESLESME_YOK
[2026-09-20 02:07:45] Dlight | nerde evv | enyakin=- puan=0 sebep=ESLESME_YOK
[2026-09-20 02:08:04] Dlight | yok ben eve gitcem ev nerde | enyakin=- puan=0 sebep=ESLESME_YOK
[2026-09-20 02:10:08] Dlight | nerden buldun | enyakin=- puan=0 sebep=ESLESME_YOK
[2026-09-20 02:15:58] RivalWheel8582 | gittin mi | enyakin=- puan=0 sebep=ESLESME_YOK
[2026-09-20 02:16:04] RivalWheel8582 | nereye gittin | enyakin=- puan=0 sebep=ESLESME_YOK
[2026-09-20 02:18:44] uchihasasukemc | nasil aticam | enyakin=- puan=0 sebep=ESLESME_YOK
[2026-09-20 02:23:21] RivalWheel8582 | E sen niye ćıkmıyom | enyakin=- puan=0 sebep=ESLESME_YOK
[2026-09-20 02:27:21] RivalWheel8582 | niye değiştirdin | enyakin=- puan=0 sebep=ESLESME_YOK
[2026-09-20 02:35:09] BayChimera10097 | bu ekrandaki yazıları nasıl kapatıyoruz bilen var mı ekranım hep yazı dolu ya | enyakin=- puan=0 sebep=ESLESME_YOK
[2026-09-20 02:40:50] BayChimera10097 | bu yazılarla ilgili ekrandaki onlara nasıl yok ediyoruz ben telefondan oynuyorum da | enyakin=- puan=0 sebep=ESLESME_YOK
[2026-09-20 02:41:49] RahibBoss62062 | kim takım olmak ister benle | enyakin=takim puan=1 sebep=SINYAL_ZAYIF
[2026-09-20 02:42:35] berat | nasil attcam, | enyakin=- puan=0 sebep=ESLESME_YOK
[2026-09-20 02:43:03] BayChimera10097 | bu kış teması hep böyle mi ya yaz bulamadık | enyakin=- puan=0 sebep=ESLESME_YOK
[2026-09-20 02:59:57] Knowsunuz1 | b12 mi var knk | enyakin=- puan=0 sebep=ESLESME_YOK
[2026-09-20 03:13:30] RahibBoss62062 | ./back ne?? | enyakin=- puan=0 sebep=ESLESME_YOK
[2026-09-20 03:14:07] RahibBoss62062 | ne kadar değerli eşyamı kayb ettdim | enyakin=- puan=0 sebep=ESLESME_YOK
[2026-09-20 03:19:49] berat | portali nereye kurim | enyakin=- puan=0 sebep=ESLESME_YOK
[2026-09-20 03:20:40] RahibBoss62062 | nereye istersen kanka | enyakin=- puan=0 sebep=ESLESME_YOK
[2026-09-20 03:38:06] berat | oy nasi veriliyo | enyakin=oy-verme puan=1 sebep=SINYAL_ZAYIF
[2026-09-20 03:39:23] berat | hangi block | enyakin=- puan=0 sebep=ESLESME_YOK
[2026-09-20 03:44:24] Knowsunuz1 | buna nasıl yapıoz | enyakin=- puan=0 sebep=ESLESME_YOK
[2026-09-20 03:46:19] BayChimera10097 | yaratıkların canı çok mu ya ölmüyorlar vuruyorum vuruyorum | enyakin=- puan=0 sebep=ESLESME_YOK
[2026-09-20 03:53:17] berat | kac elmasimiz vaer | enyakin=- puan=0 sebep=ESLESME_YOK
[2026-09-20 03:59:03] RahibBoss62062 | evemt sandığını açmaya nasıl gidiyorduk | enyakin=- puan=0 sebep=ESLESME_YOK
[2026-09-20 04:40:04] akcadagg | var mı aktif | enyakin=- puan=0 sebep=ESLESME_YOK
[2026-09-20 04:42:03] Syrox9945 | kimse var mıııııı | enyakin=- puan=0 sebep=ESLESME_YOK
[2026-09-20 04:56:45] Syrox9945 | başladım haydi bismillah bitince bakalım nasıl görüncek | enyakin=- puan=0 sebep=ESLESME_YOK
[2026-09-20 04:57:32] Syrox9945 | para mı veriliyo | enyakin=para-kazanma puan=1 sebep=SINYAL_ZAYIF
[2026-09-20 05:13:48] _Jesuz_ | do u guys know any english smp server i can join with tl? | enyakin=- puan=0 sebep=ESLESME_YOK
[2026-09-20 05:21:36] Syrox9945 | bana tp atıp baksana. nasıl olmuş çapalayıp tohumu ekcem | enyakin=isinlanma-istegi puan=1 sebep=SINYAL_ZAYIF
[2026-09-20 05:24:51] Hamsi6363 | abla mi deyem | enyakin=- puan=0 sebep=ESLESME_YOK
[2026-09-20 05:25:54] akcadagg | kim acaba | enyakin=- puan=0 sebep=ESLESME_YOK
[2026-09-20 05:39:52] Hamsi6363 | sunucuda kim var | enyakin=- puan=0 sebep=ESLESME_YOK
[2026-09-20 05:43:56] Syrox9945 | sen mi öldürdün | enyakin=- puan=0 sebep=ESLESME_YOK
[2026-09-20 05:45:42] Syrox9945 | sizin yas kaç | enyakin=- puan=0 sebep=ESLESME_YOK
[2026-09-20 05:47:04] Syrox9945 | isimin pok gibi biz nası okuyao | enyakin=- puan=0 sebep=ESLESME_YOK
[2026-09-20 05:50:24] akcadagg | neden coni | enyakin=- puan=0 sebep=ESLESME_YOK
[2026-09-20 05:53:53] Hamsi6363 | nasil para vercez | enyakin=para-kazanma puan=1 sebep=SINYAL_ZAYIF
[2026-09-20 05:54:20] alal52 | sen kac ıstıon sole 32 tanwyw | enyakin=- puan=0 sebep=ESLESME_YOK
[2026-09-20 05:54:41] alal52 | 5k mı 5mı | enyakin=- puan=0 sebep=ESLESME_YOK
[2026-09-20 05:55:48] alal52 | la 12 k mı | enyakin=- puan=0 sebep=ESLESME_YOK
[2026-09-20 05:56:20] alal52 | kac ten var | enyakin=- puan=0 sebep=ESLESME_YOK
[2026-09-20 05:56:27] alal52 | tmm kac ıstıon Hamsi6363 | enyakin=- puan=0 sebep=ESLESME_YOK
[2026-09-20 06:10:57] Hamsi6363 | sen mi la o | enyakin=- puan=0 sebep=ESLESME_YOK
[2026-09-20 06:20:46] akcadagg | kumtaşı var mı la | enyakin=- puan=0 sebep=ESLESME_YOK
[2026-09-20 06:21:35] akcadagg | var mı elinde o kadar | enyakin=- puan=0 sebep=ESLESME_YOK
[2026-09-20 06:26:03] akcadagg | tamam mı gelim mi | enyakin=- puan=0 sebep=ESLESME_YOK
[2026-09-20 06:44:14] Syrox9945 | event kasaları nerden açıyoz | enyakin=kasa puan=1 sebep=SINYAL_ZAYIF
[2026-09-20 06:51:53] Syrox9945 | eee neden gelmedim | enyakin=site-paket puan=1 sebep=SINYAL_ZAYIF
[2026-09-20 07:06:11] Ramazan6414 | ne kadar | enyakin=- puan=0 sebep=ESLESME_YOK
[2026-09-20 07:06:30] Knowsunuz1 | 2k kac tane gelir | enyakin=para-kazanma puan=1 sebep=SINYAL_ZAYIF
[2026-09-20 07:39:31] Syrox9945 | kimse var mı | enyakin=- puan=0 sebep=ESLESME_YOK
[2026-09-20 07:49:20] Ramazan6414 | su buyu çıkaran aletin ismi neydi | enyakin=buyu-masasi puan=1 sebep=SINYAL_ZAYIF
[2026-09-20 07:49:50] Ramazan6414 | @here buyu cıkaran şey neydi | enyakin=buyu-masasi puan=1 sebep=SINYAL_ZAYIF
[2026-09-20 08:08:15] Ramazan6414 | sego ne kadara | enyakin=- puan=0 sebep=ESLESME_YOK
[2026-09-20 08:09:50] Syrox9945 | base arayak mı | enyakin=- puan=0 sebep=ESLESME_YOK
[2026-09-20 08:13:18] SEGOV2 | siz nası netherite oldunuz | enyakin=nether-gitme puan=1 sebep=SINYAL_ZAYIF
[2026-09-20 08:13:50] Ramazan6414 | arkadaslar büu cıkaran seyin ismi neydi | enyakin=- puan=0 sebep=ESLESME_YOK
[2026-09-20 08:15:00] Ramazan6414 | primus nasıl yapılıyor | enyakin=- puan=0 sebep=ESLESME_YOK
[2026-09-20 08:17:25] UMUT433 | okyanus bloku o,an var mıl | enyakin=- puan=0 sebep=ESLESME_YOK
[2026-09-20 08:18:06] KURT0619 | kaç k Ramazan6414 | enyakin=- puan=0 sebep=ESLESME_YOK
[2026-09-20 08:18:11] RivalWheel8582 | ramazan kaç lira | enyakin=- puan=0 sebep=ESLESME_YOK
[2026-09-20 08:18:22] KURT0619 | kaç k Ramazan6414 | enyakin=- puan=0 sebep=ESLESME_YOK
[2026-09-20 08:18:24] KURT0619 | kaç k Ramazan641 | enyakin=- puan=0 sebep=ESLESME_YOK
[2026-09-20 08:20:13] Syrox9945 | köy bulan var mı zümrütüm var | enyakin=- puan=0 sebep=ESLESME_YOK
[2026-09-20 08:23:43] Syrox9945 | anahtar var bende ona olur mu 1 mace lütfeeennn | enyakin=kasa puan=1 sebep=SINYAL_ZAYIF
[2026-09-20 08:35:09] RivalWheel8582 | primus rehber olunca noluyor ve bu ünvanı kim veriyor | enyakin=- puan=0 sebep=ESLESME_YOK
[2026-09-20 08:35:45] RivalWheel8582 | peki nasıl aldın ve yararları ne | enyakin=- puan=0 sebep=ESLESME_YOK
[2026-09-20 08:59:06] PrimusLY | arkadaşının ismi nedir | enyakin=- puan=0 sebep=ESLESME_YOK
[2026-09-20 09:01:18] Hatayli2239 | gece görüşü nasıl açılıyo | enyakin=- puan=0 sebep=ESLESME_YOK
[2026-09-20 09:01:47] PromptCast6331 | elytra ver sen olur mu | enyakin=- puan=0 sebep=ESLESME_YOK
[2026-09-20 09:06:26] PromptCast6331 | adın niye böyle | enyakin=- puan=0 sebep=ESLESME_YOK
[2026-09-20 09:06:32] PrimusLY | benim mi | enyakin=- puan=0 sebep=ESLESME_YOK
[2026-09-20 09:09:35] krallcik | o nasıl olcak yav allahtan mobilim | enyakin=- puan=0 sebep=ESLESME_YOK
[2026-09-20 09:10:07] PrimusLY | PromptCast633" nasıl yardımcı olabilir | enyakin=- puan=0 sebep=ESLESME_YOK
[2026-09-20 09:10:11] PromptCast6331 | hasat et tohum ekmek mi | enyakin=- puan=0 sebep=ESLESME_YOK
[2026-09-20 09:11:05] PromptCast6331 | ekmek mi yapacam | enyakin=- puan=0 sebep=ESLESME_YOK
[2026-09-20 09:12:47] PromptCast6331 | eşşalarımı düşer se geri nası alıyom | enyakin=- puan=0 sebep=ESLESME_YOK
[2026-09-20 09:13:10] Lykia_13 | birilerinin basesini nası bulcam | enyakin=- puan=0 sebep=ESLESME_YOK
[2026-09-20 09:13:36] Lykia_13 | acemi koruması nası kapanıyp | enyakin=- puan=0 sebep=ESLESME_YOK
[2026-09-20 09:13:36] PromptCast6331 | eşşalarım düşer şe back mi yazıyoz | enyakin=- puan=0 sebep=ESLESME_YOK
[2026-09-20 09:14:06] Lykia_13 | eklenene kadar acemi korumam biter ztn | enyakin=- puan=0 sebep=ESLESME_YOK
[2026-09-20 09:23:36] PromptCast6331 | zaten niye evanteri koru açık değil? | enyakin=- puan=0 sebep=ESLESME_YOK
[2026-09-20 09:25:06] kamran2 | apat canım takılakmı? | enyakin=- puan=0 sebep=ESLESME_YOK
[2026-09-20 09:31:30] egemen1559 | olm.l nasıl ya | enyakin=- puan=0 sebep=ESLESME_YOK
[2026-09-20 09:31:51] Syrox9945 | zümrüt olur mu köylüyle ticaret yap | enyakin=- puan=0 sebep=ESLESME_YOK
[2026-09-20 09:32:23] kamran2 | kim benle takılır | enyakin=- puan=0 sebep=ESLESME_YOK
[2026-09-20 09:36:20] PromptCast6331 | noktadama mı yazacam | enyakin=- puan=0 sebep=ESLESME_YOK
[2026-09-20 09:38:40] kamran2 | takılakmı? | enyakin=- puan=0 sebep=ESLESME_YOK
[2026-09-20 09:39:48] Haliko | sizde slime blok var mı | enyakin=- puan=0 sebep=ESLESME_YOK
[2026-09-20 09:39:53] PromptCast6331 | nası alacam | enyakin=- puan=0 sebep=ESLESME_YOK
[2026-09-20 09:45:39] PromptCast6331 | nası alım envanteri koruyu | enyakin=envanter-koruma puan=1 sebep=SINYAL_ZAYIF
[2026-09-20 09:47:58] PromptCast6331 | bi dak ka envanteri koru 80 k mi | enyakin=envanter-koruma puan=1 sebep=SINYAL_ZAYIF
[2026-09-20 09:48:29] PromptCast6331 | nası aç ozm bana tek | enyakin=- puan=0 sebep=ESLESME_YOK
[2026-09-20 09:48:40] RivalWheel8582 | nasıl alcam sağ da 111 yazıyor | enyakin=- puan=0 sebep=ESLESME_YOK
[2026-09-20 09:50:56] adala7 | aktif rehber var mı | enyakin=- puan=0 sebep=ESLESME_YOK
[2026-09-20 09:52:32] Lykia_13 | baseleri nası bulcaz | enyakin=- puan=0 sebep=ESLESME_YOK
[2026-09-20 09:52:47] PrimusLY | base bulmak için bir kaç taktik var ama zor | enyakin=- puan=0 sebep=ESLESME_YOK
[2026-09-20 09:54:04] adala7 | sunucuda problem olabilir mi | enyakin=- puan=0 sebep=ESLESME_YOK
[2026-09-20 09:55:05] kerem | admin kim | enyakin=- puan=0 sebep=ESLESME_YOK
[2026-09-20 09:56:50] adala7 | nasıl oluyor | enyakin=- puan=0 sebep=ESLESME_YOK
[2026-09-20 10:00:32] adala7 | nasıl bulurlar aw | enyakin=- puan=0 sebep=ESLESME_YOK
[2026-09-20 10:00:32] Syrox9945 | base buldum patlatmak isteyen gar mı | enyakin=- puan=0 sebep=ESLESME_YOK
[2026-09-20 10:02:03] adala7 | syrox basemimi sen mi patlattın | enyakin=- puan=0 sebep=ESLESME_YOK
[2026-09-20 10:02:30] kerem | admin sunucuyu zor mod mu yaptın | enyakin=- puan=0 sebep=ESLESME_YOK
[2026-09-20 10:02:54] kerem | 2 admin mi var | enyakin=- puan=0 sebep=ESLESME_YOK
[2026-09-20 10:03:17] trox7 | rehber pğara nasıl atılıyordu la | enyakin=- puan=0 sebep=ESLESME_YOK
[2026-09-20 10:03:35] kerem | sen ingiltereden mi geliyon :D | enyakin=- puan=0 sebep=ESLESME_YOK
[2026-09-20 10:07:25] apathyharbi | gencler vote verince spawner veren bir sistem olsa nasıl olurdu | enyakin=spawner puan=3 sebep=FARK_YETERSIZ
[2026-09-20 10:07:52] kamran2 | kim benle takılarrr | enyakin=- puan=0 sebep=ESLESME_YOK
[2026-09-20 10:09:06] Vexlera | oha lt3 üzeri yok mu | enyakin=- puan=0 sebep=ESLESME_YOK
[2026-09-20 10:09:18] Vexlera | nasıl set kascam | enyakin=- puan=0 sebep=ESLESME_YOK
[2026-09-20 10:10:37] kerem | admin iskeletleri neden oklarını büyülü yaptın | enyakin=buyu-masasi puan=1 sebep=SINYAL_ZAYIF
[2026-09-20 10:10:51] emir232425 | baslangıc seti? | enyakin=- puan=0 sebep=ESLESME_YOK
[2026-09-20 10:16:20] kamran2 | atayımı? 5 k | enyakin=- puan=0 sebep=ESLESME_YOK
[2026-09-20 10:21:08] SmallTree615593 | nereden anahtar kazanabilirim | enyakin=kasa puan=1 sebep=SINYAL_ZAYIF
[2026-09-20 10:22:56] kerem | admin hangi biyomdasın | enyakin=- puan=0 sebep=ESLESME_YOK
[2026-09-20 10:27:17] kamran2 | beni neden atdın takımdan | enyakin=takim puan=1 sebep=SINYAL_ZAYIF
[2026-09-20 10:27:25] 34KRAL2525 | bunu sen mi yaptın | enyakin=- puan=0 sebep=ESLESME_YOK
[2026-09-20 10:27:30] kamran2 | kim atdı | enyakin=- puan=0 sebep=ESLESME_YOK
[2026-09-20 10:27:43] 34KRAL2525 | evde ki suyu sen mi boşalttın | enyakin=- puan=0 sebep=ESLESME_YOK
[2026-09-20 10:28:35] kerem | kim sinirlendi | enyakin=- puan=0 sebep=ESLESME_YOK
[2026-09-20 10:30:48] kamran2 | kim benle takım olur | enyakin=takim puan=1 sebep=SINYAL_ZAYIF
[2026-09-20 10:31:42] kamran2 | kim benle takım olurr | enyakin=takim puan=1 sebep=SINYAL_ZAYIF
[2026-09-20 10:32:51] kamran2 | kim benle takım olurr | enyakin=takim puan=1 sebep=SINYAL_ZAYIF
[2026-09-20 10:35:47] RivalWheel8582 | clawmwolf Dlight nezaman gelir | enyakin=para-kazanma puan=1 sebep=SINYAL_ZAYIF
[2026-09-20 10:40:01] kamran2 | la bunlar kim | enyakin=- puan=0 sebep=ESLESME_YOK
[2026-09-20 10:40:44] RivalWheel8582 | Kamran clawni niye öldürdün | enyakin=- puan=0 sebep=ESLESME_YOK
[2026-09-20 10:45:19] RivalWheel8582 | niye kavga ettiniz | enyakin=- puan=0 sebep=ESLESME_YOK
[2026-09-20 10:46:27] kerem | ne zamana biter | enyakin=- puan=0 sebep=ESLESME_YOK
[2026-09-20 10:49:40] RivalWheel8582 | adamı niye oldurdiki | enyakin=- puan=0 sebep=ESLESME_YOK
[2026-09-20 10:50:26] RivalWheel8582 | onu nasıl alıyorsunuz | enyakin=- puan=0 sebep=ESLESME_YOK
[2026-09-20 10:51:38] mamilokkovol2 | @rehber bey nasıl takıma birisini eklicez | enyakin=takim puan=1 sebep=SINYAL_ZAYIF
[2026-09-20 10:51:49] Syrox9945 | nethere gidek mi | enyakin=nether-gitme puan=1 sebep=SINYAL_ZAYIF
[2026-09-20 10:53:19] Syrox9945 | olur mu o | enyakin=- puan=0 sebep=ESLESME_YOK
[2026-09-20 10:54:25] furham5656 | kitap mı | enyakin=- puan=0 sebep=ESLESME_YOK
[2026-09-20 10:54:38] furham5656 | nasıl çıkartcaz | enyakin=- puan=0 sebep=ESLESME_YOK
[2026-09-20 10:57:07] mamilokkovol2 | @rehber bey nasıl takıma birisini eklicez alooooo | enyakin=takim puan=1 sebep=SINYAL_ZAYIF
[2026-09-20 10:57:19] mamilokkovol2 | @rehber bey nasıl takıma birisini eklicez alooooo aloo | enyakin=takim puan=1 sebep=SINYAL_ZAYIF
[2026-09-20 11:00:05] furham5656 | eren sen bana neden böyle yaptınnnnnnnnnnnnnnnn | enyakin=- puan=0 sebep=ESLESME_YOK
[2026-09-20 11:03:03] Yigit_14964 | yok ya nasıl açılıyor | enyakin=- puan=0 sebep=ESLESME_YOK
[2026-09-20 11:08:14] PrimusLY | anladın mı | enyakin=- puan=0 sebep=ESLESME_YOK
[2026-09-20 11:10:51] Semihtaha1230 | tarla yaparken koydugum su miktarı tarlanın daha hızlı buyumesine neden olurmu | enyakin=buyu-masasi puan=1 sebep=SINYAL_ZAYIF
[2026-09-20 11:12:09] PrimusLY | anlamadım? | enyakin=- puan=0 sebep=ESLESME_YOK
[2026-09-20 11:12:27] kamran2 | kim baseye gelmek istiyoooo basıcazz | enyakin=- puan=0 sebep=ESLESME_YOK
[2026-09-20 11:18:48] Clawwolf | şey beraber ely arayalımmı? istermisin | enyakin=- puan=0 sebep=ESLESME_YOK
[2026-09-20 11:18:52] Semihtaha1230 | lan niye tıhum koyamıyom | enyakin=- puan=0 sebep=ESLESME_YOK
[2026-09-20 11:20:17] Semihtaha1230 | nasıl rehber olabilirim | enyakin=- puan=0 sebep=ESLESME_YOK
[2026-09-20 11:20:24] 06erenw06 | niye glip duruyon | enyakin=- puan=0 sebep=ESLESME_YOK
[2026-09-20 11:20:35] kamran2 | yapayımıı? | enyakin=- puan=0 sebep=ESLESME_YOK
[2026-09-20 11:20:45] Semihtaha1230 | ne zaman açılır ve nasıl haber alırım | enyakin=- puan=0 sebep=ESLESME_YOK
[2026-09-20 11:20:46] furham5656 | eren team olup bunları öldürek mi basen kurtulur | enyakin=takim puan=1 sebep=SINYAL_ZAYIF
[2026-09-20 11:21:22] kamran2 | yapayımı baseni? | enyakin=- puan=0 sebep=ESLESME_YOK
[2026-09-20 11:21:35] Clawwolf | eren basen tehlikedemi? | enyakin=- puan=0 sebep=ESLESME_YOK
[2026-09-20 11:22:17] furham5656 | bana mı diyon | enyakin=- puan=0 sebep=ESLESME_YOK
[2026-09-20 11:23:04] kamran2 | la abi benim slkeri verimisin? | enyakin=- puan=0 sebep=ESLESME_YOK
[2026-09-20 11:23:15] furham5656 | örs için kaç demir lazım | enyakin=- puan=0 sebep=ESLESME_YOK
[2026-09-20 11:25:26] SungBeatle3744 | nasil bu kadar gelişti | enyakin=- puan=0 sebep=ESLESME_YOK
[2026-09-20 11:26:26] Semihtaha1230 | neden ama | enyakin=- puan=0 sebep=ESLESME_YOK
[2026-09-20 11:26:42] Semihtaha1230 | mc ye nası sorcam | enyakin=- puan=0 sebep=ESLESME_YOK
[2026-09-20 11:26:53] 06erenw06 | niye yaqrdım ediyim size | enyakin=- puan=0 sebep=ESLESME_YOK
[2026-09-20 11:27:14] Semihtaha1230 | görevimi nası geçiçem nası yemek yicem ben | enyakin=gunluk-gorev puan=1 sebep=SINYAL_ZAYIF
[2026-09-20 11:28:25] SungBeatle3744 | niye eşyamı aldinmi | enyakin=- puan=0 sebep=ESLESME_YOK
[2026-09-20 11:30:22] SungBeatle3744 | Kamran zümrüt nerede | enyakin=- puan=0 sebep=ESLESME_YOK
[2026-09-20 11:31:02] SungBeatle3744 | eren abi mobilmisin pc mi | enyakin=- puan=0 sebep=ESLESME_YOK
[2026-09-20 11:31:33] PrimusLY | Mustafa konu nedir | enyakin=- puan=0 sebep=ESLESME_YOK
[2026-09-20 11:31:46] PrimusLY | durum nedir | enyakin=- puan=0 sebep=ESLESME_YOK
[2026-09-20 11:32:15] AyiBogan064 | dün base bulan var mi | enyakin=- puan=0 sebep=ESLESME_YOK
[2026-09-20 11:36:26] kamran2 | bura nere yardım edeyimi? | enyakin=- puan=0 sebep=ESLESME_YOK
[2026-09-20 11:36:28] HASANXBABA | 2.500 TL ile birşey alına biliyormu? | enyakin=- puan=0 sebep=ESLESME_YOK
[2026-09-20 11:38:49] HASANXBABA | la TNT mı patlatınız | enyakin=- puan=0 sebep=ESLESME_YOK
[2026-09-20 11:41:07] AyiBogan064 | nasıl aq | enyakin=- puan=0 sebep=ESLESME_YOK
[2026-09-20 11:43:07] mamilokkovol2 | takımdan nasıl yazıyon | enyakin=takim puan=1 sebep=SINYAL_ZAYIF
[2026-09-20 11:44:03] adala7 | o nasıl oluyor | enyakin=- puan=0 sebep=ESLESME_YOK
[2026-09-20 11:44:10] furham5656 | eren niye yaptım | enyakin=- puan=0 sebep=ESLESME_YOK
[2026-09-20 11:45:45] AyiBogan064 | admin rehper mi | enyakin=- puan=0 sebep=ESLESME_YOK
[2026-09-20 11:46:07] 06erenw06 | 3v1 mi laaıjsahfghgf | enyakin=- puan=0 sebep=ESLESME_YOK
[2026-09-20 11:47:09] adala7 | benim base yi bulurlar mı | enyakin=- puan=0 sebep=ESLESME_YOK
[2026-09-20 11:47:30] adala7 | nasıl bulurlark8 | enyakin=- puan=0 sebep=ESLESME_YOK
[2026-09-20 11:47:47] AyiBogan064 | seninki mi | enyakin=- puan=0 sebep=ESLESME_YOK
[2026-09-20 11:48:30] kadoxpro35 | takimin gar mi | enyakin=takim puan=1 sebep=SINYAL_ZAYIF
[2026-09-20 11:49:53] apathyharbi | yan hesaplarınızı /ewarp afkda bırakan varmı? | enyakin=- puan=0 sebep=ESLESME_YOK
[2026-09-20 11:51:50] AyiBogan064 | ben gidem mi | enyakin=- puan=0 sebep=ESLESME_YOK
[2026-09-20 11:52:30] Clawwolf | kaç tane | enyakin=- puan=0 sebep=ESLESME_YOK
[2026-09-20 11:52:31] apathyharbi | kaç tane var | enyakin=- puan=0 sebep=ESLESME_YOK
[2026-09-20 11:52:32] Clawwolf | kaç tane | enyakin=- puan=0 sebep=ESLESME_YOK
[2026-09-20 11:52:55] Anume4613 | şuan piyasa 50k mi | enyakin=- puan=0 sebep=ESLESME_YOK
[2026-09-20 11:52:57] AyiBogan064 | sende TNT var mi | enyakin=- puan=0 sebep=ESLESME_YOK
[2026-09-20 11:53:25] apathyharbi | kaç tane Clawwolf | enyakin=- puan=0 sebep=ESLESME_YOK
[2026-09-20 11:57:12] Clawwolf | rehber kalıntıya nerden gidebilirim | enyakin=- puan=0 sebep=ESLESME_YOK
[2026-09-20 11:57:44] Clawwolf | rehber kalıntıya nerden gidebilirim? | enyakin=- puan=0 sebep=ESLESME_YOK
[2026-09-20 11:58:48] RahibBoss62062 | iyim kanka kanka kuyuru gel bak nasıl olmuş yerim | enyakin=- puan=0 sebep=ESLESME_YOK
[2026-09-20 12:01:18] Arasayan | neden eren | enyakin=- puan=0 sebep=ESLESME_YOK
[2026-09-20 12:02:02] kamran2 | bende yardım edeyimi? | enyakin=- puan=0 sebep=ESLESME_YOK
[2026-09-20 12:03:25] HASANXBABA | 2.500 TL ye birşey alıcam nasıl alıcam | enyakin=- puan=0 sebep=ESLESME_YOK
[2026-09-20 12:04:10] Clawwolf | şey bu kalıntıya nerden gitcez | enyakin=- puan=0 sebep=ESLESME_YOK
[2026-09-20 12:10:39] adala7 | bulurlar mı | enyakin=- puan=0 sebep=ESLESME_YOK
[2026-09-20 12:11:03] adala7 | bulurlar mı | enyakin=- puan=0 sebep=ESLESME_YOK
[2026-09-20 12:11:11] adala7 | bulurlar mı | enyakin=- puan=0 sebep=ESLESME_YOK
[2026-09-20 12:11:18] adala7 | bulabilirler mi | enyakin=- puan=0 sebep=ESLESME_YOK
[2026-09-20 12:12:08] 06erenw06 | niye kestin | enyakin=- puan=0 sebep=ESLESME_YOK
[2026-09-20 12:18:12] adala7 | kazayım mı | enyakin=- puan=0 sebep=ESLESME_YOK
[2026-09-20 12:18:29] Clawwolf | event varmı onlyvan abi?? | enyakin=- puan=0 sebep=ESLESME_YOK
[2026-09-20 12:19:00] adala7 | nereye yapcaz | enyakin=- puan=0 sebep=ESLESME_YOK
[2026-09-20 12:20:41] Clawwolf | apthyharbi basemi puanlarmısın? | enyakin=seviye puan=1 sebep=SINYAL_ZAYIF
[2026-09-20 12:21:04] adala7 | Ali nereye yapcaz baseyi | enyakin=- puan=0 sebep=ESLESME_YOK
[2026-09-20 12:22:28] 34KRAL2525 | beğendinizmi? | enyakin=- puan=0 sebep=ESLESME_YOK
[2026-09-20 12:23:05] kamran2 | takım olakmı? | enyakin=takim puan=1 sebep=SINYAL_ZAYIF
[2026-09-20 12:23:39] RivalWheel8582 | beni unuttun mu | enyakin=- puan=0 sebep=ESLESME_YOK
[2026-09-20 12:24:11] kamran2 | base yapakmı? | enyakin=- puan=0 sebep=ESLESME_YOK
[2026-09-20 12:24:21] RivalWheel8582 | yapalım birde pvp nasıl | enyakin=savas-etiketi puan=1 sebep=SINYAL_ZAYIF
[2026-09-20 12:26:03] mamilokkovol2 | nasıl @rehber bey | enyakin=- puan=0 sebep=ESLESME_YOK
[2026-09-20 12:26:09] mamilokkovol2 | nasıl @rehber bey beyendinizmi | enyakin=- puan=0 sebep=ESLESME_YOK
[2026-09-20 12:29:31] Anume4613 | apat sunucuda kac saatin var | enyakin=- puan=0 sebep=ESLESME_YOK
[2026-09-20 12:29:34] kamran2 | neden kesdinizz | enyakin=- puan=0 sebep=ESLESME_YOK
[2026-09-20 12:29:52] kamran2 | kim benle takım olur | enyakin=takim puan=1 sebep=SINYAL_ZAYIF
[2026-09-20 12:30:10] 34KRAL2525 | tamam ne zaman şimdi lazımda | enyakin=- puan=0 sebep=ESLESME_YOK
[2026-09-20 12:30:39] HASANXBABA | ben niye altın yapamıyorum | enyakin=- puan=0 sebep=ESLESME_YOK
[2026-09-20 12:31:38] ghostmean | takımız ya?? | enyakin=takim puan=1 sebep=SINYAL_ZAYIF
[2026-09-20 12:32:25] siyahipatates | kac blok | enyakin=- puan=0 sebep=ESLESME_YOK
[2026-09-20 12:34:29] Clawwolf | nasıll rehber? | enyakin=- puan=0 sebep=ESLESME_YOK
[2026-09-20 12:35:00] RivalWheel8582 | Kamran niye reddettim | enyakin=- puan=0 sebep=ESLESME_YOK
[2026-09-20 12:35:14] Yasin051590 | Rehber Sunucuda Pvp varmi varsa nasil atticam | enyakin=savas-etiketi puan=1 sebep=SINYAL_ZAYIF
[2026-09-20 12:35:18] Clawwolf | rehber_? | enyakin=- puan=0 sebep=ESLESME_YOK
[2026-09-20 12:36:41] 34KRAL2525 | @rehber bir tane daha varmı? | enyakin=- puan=0 sebep=ESLESME_YOK
[2026-09-20 12:37:02] RivalWheel8582 | ağa beni niye kestiniz | enyakin=- puan=0 sebep=ESLESME_YOK
[2026-09-20 12:39:48] AyiBogan064 | sen nasıl iki evide belirliyon | enyakin=- puan=0 sebep=ESLESME_YOK
[2026-09-20 12:41:26] Yasin051590 | Rehber Nasil pvp aficem | enyakin=savas-etiketi puan=1 sebep=SINYAL_ZAYIF
[2026-09-20 12:41:57] Yasin051590 | Rehber nasil PVP aticam | enyakin=savas-etiketi puan=1 sebep=SINYAL_ZAYIF
[2026-09-20 12:43:32] apathyharbi | suyun üstündemi yürüdü? | enyakin=- puan=0 sebep=ESLESME_YOK
[2026-09-20 12:43:39] apathyharbi | adı nedir | enyakin=- puan=0 sebep=ESLESME_YOK
[2026-09-20 12:44:47] kamran2 | bende kalsa olur mu? | enyakin=- puan=0 sebep=ESLESME_YOK
[2026-09-20 12:45:15] Yasin051590 | Rehber Ms 2 Fakat Çok fazla Ping oluyod nedennn Oynayamiyorum oynu | enyakin=- puan=0 sebep=ESLESME_YOK
[2026-09-20 12:46:27] Yasin051590 | Rehber Ms 1 fakat Oynarken çok ping oluyor bakiyorum haylen 1 ms Sunucu ile mi sikinti var aceba | enyakin=- puan=0 sebep=ESLESME_YOK
[2026-09-20 12:48:02] GainedSine97723 | nasıl yönetici bey | enyakin=- puan=0 sebep=ESLESME_YOK
[2026-09-20 12:49:13] Semihtaha1230 | lan oyunla nasıl konuşiyim | enyakin=- puan=0 sebep=ESLESME_YOK
[2026-09-20 12:49:36] Semihtaha1230 | ama neden | enyakin=- puan=0 sebep=ESLESME_YOK
[2026-09-20 12:49:41] OnlyVan | sorun nedir | enyakin=- puan=0 sebep=ESLESME_YOK
[2026-09-20 12:54:03] algomii4649 | yoneticiii tpa at sana beas mi göstereyim | enyakin=isinlanma-istegi puan=1 sebep=SINYAL_ZAYIF
[2026-09-20 12:54:51] algomii4649 | yönetici tpa at beas mi göstereyim | enyakin=isinlanma-istegi puan=1 sebep=SINYAL_ZAYIF
[2026-09-20 12:55:16] OnlyVan | bakmadığım base kaldı mı | enyakin=- puan=0 sebep=ESLESME_YOK
[2026-09-20 12:56:51] algomii4649 | tpa at yönetici tpa at sana beas mi göstereyim | enyakin=isinlanma-istegi puan=1 sebep=SINYAL_ZAYIF
[2026-09-20 12:57:44] RivalWheel8582 | knk burayı nasıl yaptın ozaman | enyakin=- puan=0 sebep=ESLESME_YOK
[2026-09-20 12:57:45] algomii4649 | yönetici tpa at sana beas mi göstereyim | enyakin=isinlanma-istegi puan=1 sebep=SINYAL_ZAYIF
[2026-09-20 12:58:18] algomii4649 | yönetici nasıl 10/ | enyakin=- puan=0 sebep=ESLESME_YOK
[2026-09-20 12:58:34] zuri7yusufte | benimkine kaç veriyorsun | enyakin=- puan=0 sebep=ESLESME_YOK
[2026-09-20 12:58:39] PrimusLY | açılmıyor mu | enyakin=- puan=0 sebep=ESLESME_YOK
[2026-09-20 13:00:42] Mert | sunucunun amacı ne? | enyakin=- puan=0 sebep=ESLESME_YOK
[2026-09-20 13:06:44] EREN_6202 | acemi koruması nasıl kapatılır süre olmadan | enyakin=- puan=0 sebep=ESLESME_YOK
[2026-09-20 13:07:14] OnlyVan | kapatayım mı korumanı | enyakin=- puan=0 sebep=ESLESME_YOK
[2026-09-20 13:09:46] Ysmaster | tp nası atıyoz | enyakin=isinlanma-istegi puan=1 sebep=SINYAL_ZAYIF
[2026-09-20 13:15:07] SubZerowww | kasalar nasıl açılıyo | enyakin=kasa puan=1 sebep=SINYAL_ZAYIF
[2026-09-20 13:16:31] cavad306 | kime tp ata bilirim | enyakin=isinlanma-istegi puan=1 sebep=SINYAL_ZAYIF
[2026-09-20 13:17:03] cavad306 | kime tp ata bilirim | enyakin=isinlanma-istegi puan=1 sebep=SINYAL_ZAYIF
[2026-09-20 13:17:12] cavad306 | kime tp ata bilirim? | enyakin=isinlanma-istegi puan=1 sebep=SINYAL_ZAYIF
[2026-09-20 13:22:45] kamran2 | nerede base | enyakin=- puan=0 sebep=ESLESME_YOK
[2026-09-20 13:23:30] RahibBoss62062 | hataylı takım olakmı? | enyakin=takim puan=1 sebep=SINYAL_ZAYIF
[2026-09-20 13:24:10] apathyharbi | bütcen nedir | enyakin=- puan=0 sebep=ESLESME_YOK
[2026-09-20 13:27:07] kamran2 | piksel seni takıma alayımı? | enyakin=takim puan=1 sebep=SINYAL_ZAYIF
[2026-09-20 13:28:59] mertrrw | kim kim msg den yaz | enyakin=- puan=0 sebep=ESLESME_YOK
[2026-09-20 13:31:24] kamran2 | takım oluyonmu? | enyakin=takim puan=1 sebep=SINYAL_ZAYIF
[2026-09-20 13:35:53] RahibBoss62062 | sende kazma filan yokmu??? | enyakin=- puan=0 sebep=ESLESME_YOK
[2026-09-20 13:36:09] kamran2 | olurr pvp nasıl | enyakin=savas-etiketi puan=1 sebep=SINYAL_ZAYIF
[2026-09-20 13:36:13] ptrckjane | kasalara nasıl giderim bilen varmı | enyakin=kasa puan=1 sebep=SINYAL_ZAYIF
[2026-09-20 13:37:35] RahibBoss62062 | bu diyilmi o? | enyakin=- puan=0 sebep=ESLESME_YOK
[2026-09-20 13:38:13] kamran2 | yumruk yumrukamı? | enyakin=- puan=0 sebep=ESLESME_YOK
[2026-09-20 13:39:20] cavad306 | isçi isdeyen varmi ? | enyakin=- puan=0 sebep=ESLESME_YOK
[2026-09-20 13:39:29] kamran2 | cupuk olurmu? | enyakin=- puan=0 sebep=ESLESME_YOK
[2026-09-20 13:40:08] Antrix1807 | Evi tamamlayak mi | enyakin=- puan=0 sebep=ESLESME_YOK
[2026-09-20 13:41:34] Antrix1807 | Evi tamamlayak mi | enyakin=- puan=0 sebep=ESLESME_YOK
[2026-09-20 13:43:01] Hatayli2239 | setin nerde | enyakin=- puan=0 sebep=ESLESME_YOK
[2026-09-20 13:47:13] Wenom_62 | nasıl zırvalama geçioz ilk defa onuyomda | enyakin=- puan=0 sebep=ESLESME_YOK
[2026-09-20 13:47:24] apathyharbi | Wenom_62 sorun nedir | enyakin=- puan=0 sebep=ESLESME_YOK
[2026-09-20 13:51:10] Wenom_62 | rehber bey nasıl arkadaş edlinirim | enyakin=- puan=0 sebep=ESLESME_YOK
[2026-09-20 13:52:08] Wenom_62 | oturumda nerde | enyakin=- puan=0 sebep=ESLESME_YOK
[2026-09-20 13:53:50] RivalWheel8582 | sen nasıl oldun | enyakin=- puan=0 sebep=ESLESME_YOK
[2026-09-20 13:54:13] Hatayli2239 | kılıçta hangi büyüler var seni | enyakin=buyu-masasi puan=1 sebep=SINYAL_ZAYIF
[2026-09-20 13:54:24] berat | demirler nerde | enyakin=- puan=0 sebep=ESLESME_YOK
[2026-09-20 13:56:22] Antrix1807 | bende gelim mi | enyakin=- puan=0 sebep=ESLESME_YOK
[2026-09-20 13:56:26] ghostmean | dalakmı?? | enyakin=- puan=0 sebep=ESLESME_YOK
[2026-09-20 13:59:39] Antrix1807 | bende gelim mi | enyakin=- puan=0 sebep=ESLESME_YOK
[2026-09-20 14:01:40] RAMPAGE | ama kac tane | enyakin=- puan=0 sebep=ESLESME_YOK
[2026-09-20 14:02:11] cavad306 | kac tane varsa | enyakin=- puan=0 sebep=ESLESME_YOK
[2026-09-20 14:04:35] oguzhan_MC_ | ben lava değmedim ki nası yandım | enyakin=- puan=0 sebep=ESLESME_YOK
[2026-09-20 14:07:31] RivalWheel8582 | sen nasıl yanmiyon skyler | enyakin=- puan=0 sebep=ESLESME_YOK
[2026-09-20 14:11:42] faksbunny | gunluk ödülleri nasıl alıyoz | enyakin=- puan=0 sebep=ESLESME_YOK
[2026-09-20 14:18:09] kamran2 | rival takılakmı? | enyakin=- puan=0 sebep=ESLESME_YOK
[2026-09-20 14:18:37] Clawwolf | apatyhharbi base gezimi ne zaman | enyakin=- puan=0 sebep=ESLESME_YOK
[2026-09-20 14:23:44] EREN_6202 | biri bizi ziyaret etmeye gelebilirmi? | enyakin=- puan=0 sebep=ESLESME_YOK
[2026-09-20 14:23:56] ptrckjane | ben evede set point aldım ama nasıl ışınlanıcamı bilmiom | enyakin=rtp puan=1 sebep=SINYAL_ZAYIF
[2026-09-20 14:24:12] EREN_6202 | biri bizi ziyaret etmeye gelebilirmi? | enyakin=- puan=0 sebep=ESLESME_YOK
[2026-09-20 14:24:22] EREN_6202 | biri bizi ziyarete gelebilirmi? | enyakin=- puan=0 sebep=ESLESME_YOK
[2026-09-20 14:24:25] HASANXBABA | bı kişi beni tp Ler mi bu yerden bıktım | enyakin=isinlanma-istegi puan=1 sebep=SINYAL_ZAYIF
[2026-09-20 14:24:37] EREN_6202 | biri bizi ziyarete gelebilirmi? | enyakin=- puan=0 sebep=ESLESME_YOK
[2026-09-20 14:24:52] EREN_6202 | biri bize ziyarete gelebilirmi? | enyakin=- puan=0 sebep=ESLESME_YOK
[2026-09-20 14:26:33] ptrckjane | eve ışınlanma komutu neydi | enyakin=rtp puan=1 sebep=SINYAL_ZAYIF
[2026-09-20 14:26:56] BSX3425 | çarpişan tekne etki̇nli̇ği̇mi̇z alilmiştir | enyakin=- puan=0 sebep=ESLESME_YOK
[2026-09-20 14:27:05] BSX3425 | çarpişan tekne etki̇nli̇ği̇mi̇z açilmiştir | enyakin=- puan=0 sebep=ESLESME_YOK
[2026-09-20 14:30:04] wtt_ssa | gerçek para ticaret nası yapcaz zaten aq | enyakin=para-kazanma puan=1 sebep=SINYAL_ZAYIF
[2026-09-20 14:30:15] oguzhan_MC_ | ne kadar fazla yürüdüysem nedırda dünyanın sınırına germişim | enyakin=- puan=0 sebep=ESLESME_YOK
[2026-09-20 14:31:31] OverLord | dier rehber nerde | enyakin=- puan=0 sebep=ESLESME_YOK
[2026-09-20 14:31:53] JustDoDucky | o hile nerde | enyakin=sikayet puan=1 sebep=SINYAL_ZAYIF
[2026-09-20 14:37:20] JakeMonkey5749 | hasan kaç verirsin | enyakin=- puan=0 sebep=ESLESME_YOK
[2026-09-20 14:37:44] JakeMonkey5749 | hasan kaç lira verirsin | enyakin=- puan=0 sebep=ESLESME_YOK
[2026-09-20 14:42:01] HASANXBABA | nasıl yapıcam | enyakin=- puan=0 sebep=ESLESME_YOK
[2026-09-20 14:42:40] Hega_Ly4248 | apathy yardim????????? | enyakin=- puan=0 sebep=ESLESME_YOK
[2026-09-20 14:42:42] HASANXBABA | rehber nasıl tp atanların yanına gidicem | enyakin=isinlanma-istegi puan=1 sebep=SINYAL_ZAYIF
[2026-09-20 14:45:09] HASANXBABA | neden yaptın | enyakin=- puan=0 sebep=ESLESME_YOK
[2026-09-20 14:45:17] 34KRAL2525 | neyi neden yaptım | enyakin=- puan=0 sebep=ESLESME_YOK
[2026-09-20 14:45:19] kamran2 | kim tavlıyoo | enyakin=- puan=0 sebep=ESLESME_YOK
[2026-09-20 14:45:46] 34KRAL2525 | ahmet kim? | enyakin=- puan=0 sebep=ESLESME_YOK
[2026-09-20 14:45:54] Adal | magrada olana tp atım mı kasıllalım | enyakin=isinlanma-istegi puan=1 sebep=SINYAL_ZAYIF
[2026-09-20 14:46:10] Adal | anıme kızı mı | enyakin=- puan=0 sebep=ESLESME_YOK
[2026-09-20 14:46:53] HASANXBABA | geri nasıl gelicem | enyakin=- puan=0 sebep=ESLESME_YOK
[2026-09-20 14:47:22] HASANXBABA | rehber geri nasıl gidicem | enyakin=- puan=0 sebep=ESLESME_YOK
[2026-09-20 14:48:20] HASANXBABA | geri oraya nasıl gelicem | enyakin=- puan=0 sebep=ESLESME_YOK
[2026-09-20 14:48:38] RAMPAGE | nerde kız | enyakin=- puan=0 sebep=ESLESME_YOK
[2026-09-20 14:48:40] ptrckjane | sezon kaç | enyakin=- puan=0 sebep=ESLESME_YOK
[2026-09-20 14:48:44] sevo_16 | item verecek? | enyakin=- puan=0 sebep=ESLESME_YOK
[2026-09-20 14:48:51] RAMPAGE | nerde kız | enyakin=- puan=0 sebep=ESLESME_YOK
[2026-09-20 14:48:55] RAMPAGE | kız nerde kamran | enyakin=- puan=0 sebep=ESLESME_YOK
[2026-09-20 14:49:05] HASANXBABA | eşya vericek? | enyakin=- puan=0 sebep=ESLESME_YOK
[2026-09-20 14:50:01] apathyharbi | roller coster nerde:D | enyakin=- puan=0 sebep=ESLESME_YOK
[2026-09-20 14:50:44] kamran2 | kız bu guzelmi? | enyakin=- puan=0 sebep=ESLESME_YOK
[2026-09-20 14:51:17] KeremQA_22 | mağara buldum büyük beraber kasılcak var mı | enyakin=buyu-masasi puan=1 sebep=SINYAL_ZAYIF
[2026-09-20 14:51:23] 34KRAL2525 | @rehber ler beğendinizmi? | enyakin=- puan=0 sebep=ESLESME_YOK
[2026-09-20 14:52:44] HASANXBABA | tp nasıl atıcam | enyakin=isinlanma-istegi puan=1 sebep=SINYAL_ZAYIF
[2026-09-20 14:52:45] BSX3425 | @rehber nasıl begendiniz mi ? | enyakin=- puan=0 sebep=ESLESME_YOK
[2026-09-20 14:53:06] Anume4613 | apat aesir ne alaka? | enyakin=- puan=0 sebep=ESLESME_YOK
[2026-09-20 14:53:08] apathyharbi | nerde 34KRAL2525 carpısan | enyakin=- puan=0 sebep=ESLESME_YOK
[2026-09-20 14:53:09] HASANXBABA | @rehber tp nasıl atıcam | enyakin=isinlanma-istegi puan=1 sebep=SINYAL_ZAYIF
[2026-09-20 14:53:17] akcadagg | kız niye öldürüyon ::D | enyakin=- puan=0 sebep=ESLESME_YOK
[2026-09-20 14:54:16] mamilokkovol2 | gelin nereye gittiniz | enyakin=- puan=0 sebep=ESLESME_YOK
[2026-09-20 14:54:16] 34KRAL2525 | nereye gittiniz? | enyakin=- puan=0 sebep=ESLESME_YOK
[2026-09-20 14:54:30] 34KRAL2525 | niye geçtiniz:D | enyakin=- puan=0 sebep=ESLESME_YOK
[2026-09-20 14:55:41] BSX3425 | @rehebr nasıl | enyakin=- puan=0 sebep=ESLESME_YOK
[2026-09-20 14:56:38] 34KRAL2525 | @rehber en çok hangisini beğendiniz? | enyakin=- puan=0 sebep=ESLESME_YOK
[2026-09-20 14:56:41] mamilokkovol2 | niye durdunuz | enyakin=- puan=0 sebep=ESLESME_YOK
[2026-09-20 14:57:07] kamran2 | seviyo senii vlendirelimi? | enyakin=- puan=0 sebep=ESLESME_YOK
[2026-09-20 14:58:17] RAMPAGE | kurt sen kzımısın erk mı | enyakin=- puan=0 sebep=ESLESME_YOK
[2026-09-20 15:00:17] uchihasasukemc | beni olduren domuz adam kim | enyakin=- puan=0 sebep=ESLESME_YOK
[2026-09-20 15:01:14] RivalWheel8582 | kerem çok kotusun nasıl oldun | enyakin=- puan=0 sebep=ESLESME_YOK
[2026-09-20 15:01:34] JustDoDucky | kitler nası alınıyo | enyakin=- puan=0 sebep=ESLESME_YOK
[2026-09-20 15:03:11] kamran2 | bende olurmu? | enyakin=- puan=0 sebep=ESLESME_YOK
[2026-09-20 15:03:21] RAMPAGE | helal olsun nasıl yayagınsanız adal gelmıs | enyakin=- puan=0 sebep=ESLESME_YOK
[2026-09-20 15:06:45] oguzhan_MC_ | mutlu gastlar kaç dakkada büyüyo bilen var mı) | enyakin=buyu-masasi puan=1 sebep=SINYAL_ZAYIF
[2026-09-20 15:07:26] Hega_Ly4248 | ipekis dokunus kazma kac elmasa verirsiniz | enyakin=- puan=0 sebep=ESLESME_YOK
[2026-09-20 15:07:33] SmallTree615593 | kim zümrüt ister | enyakin=- puan=0 sebep=ESLESME_YOK
[2026-09-20 15:08:42] KURT0619 | kaç bayabi | enyakin=- puan=0 sebep=ESLESME_YOK
[2026-09-20 15:08:51] faksbunny | büyülri nerden alabilirim | enyakin=buyu-masasi puan=1 sebep=SINYAL_ZAYIF
[2026-09-20 15:08:57] SmallTree615593 | nasıl koyuluo | enyakin=- puan=0 sebep=ESLESME_YOK
[2026-09-20 15:09:00] 34KRAL2525 | kaç tane var | enyakin=- puan=0 sebep=ESLESME_YOK
[2026-09-20 15:09:22] 34KRAL2525 | hepsine kaç istiyon | enyakin=- puan=0 sebep=ESLESME_YOK
[2026-09-20 15:09:38] 34KRAL2525 | hepsine kaç istiyon? | enyakin=- puan=0 sebep=ESLESME_YOK
[2026-09-20 15:11:03] Hega_Ly4248 | sethomw yaptim nasil oraya isinlarinirm | enyakin=- puan=0 sebep=ESLESME_YOK
[2026-09-20 15:11:29] Hega_Ly4248 | 1 den fazla home yapabiliyoemuyum? | enyakin=ev-home puan=1 sebep=SINYAL_ZAYIF
[2026-09-20 15:11:47] Hega_Ly4248 | 1 den fazla home yapiliyormu? | enyakin=ev-home puan=1 sebep=SINYAL_ZAYIF
[2026-09-20 15:12:04] HASANXBABA | bı kişi beni tp Ler mi | enyakin=isinlanma-istegi puan=1 sebep=SINYAL_ZAYIF
[2026-09-20 15:12:32] HASANXBABA | event kasası nerede | enyakin=kasa puan=1 sebep=SINYAL_ZAYIF
[2026-09-20 15:13:14] HASANXBABA | event kasası nerede | enyakin=kasa puan=1 sebep=SINYAL_ZAYIF
[2026-09-20 15:13:58] akifhep | arkadaşlar netherite yükseltme şablonu olan var mı | enyakin=nether-gitme puan=1 sebep=SINYAL_ZAYIF
[2026-09-20 15:15:45] Arasayan | macein canı neden gitmiyo | enyakin=- puan=0 sebep=ESLESME_YOK
[2026-09-20 15:18:02] Antrix1807 | oynayak mi | enyakin=- puan=0 sebep=ESLESME_YOK
[2026-09-20 15:18:31] Clawwolf | ramazan nerde | enyakin=- puan=0 sebep=ESLESME_YOK
[2026-09-20 15:18:31] kamran2 | nedr adam kesekmİ? | enyakin=savas-etiketi puan=2 sebep=SINYAL_ZAYIF
[2026-09-20 15:19:17] 34KRAL2525 | @rehber at nereden bulabiliriz | enyakin=- puan=0 sebep=ESLESME_YOK
[2026-09-20 15:19:43] lonewolf | aktifhep kimsin? | enyakin=- puan=0 sebep=ESLESME_YOK
[2026-09-20 15:19:52] 34KRAL2525 | @rehber yardımcı olurmusunuz? | enyakin=- puan=0 sebep=ESLESME_YOK
[2026-09-20 15:20:08] PrimusLY | nasıl yardımcı olabiliriz | enyakin=- puan=0 sebep=ESLESME_YOK
[2026-09-20 15:20:56] Selim0137 | odun satan? | enyakin=- puan=0 sebep=ESLESME_YOK
[2026-09-20 15:21:25] lonewolf | knk kımsenın tpa sını kabul etme tm mı | enyakin=isinlanma-istegi puan=1 sebep=SINYAL_ZAYIF
[2026-09-20 15:23:07] 34KRAL2525 | @rehber bize atılma lazım nereden bulunur | enyakin=- puan=0 sebep=ESLESME_YOK
[2026-09-20 15:23:50] Adal | bana cevap verıdlımı? | enyakin=- puan=0 sebep=ESLESME_YOK
[2026-09-20 15:24:59] Adal | ev sınırımı nasıl artırım | enyakin=- puan=0 sebep=ESLESME_YOK
[2026-09-20 15:25:10] Adal | o ne kadar | enyakin=- puan=0 sebep=ESLESME_YOK
[2026-09-20 15:27:17] akifhep | beraber oynayak mı | enyakin=- puan=0 sebep=ESLESME_YOK
[2026-09-20 15:28:18] Antrix1807 | lone baseyi yaptın mi | enyakin=- puan=0 sebep=ESLESME_YOK
[2026-09-20 15:28:49] akifhep | netherit yükseltme seti var mı | enyakin=nether-gitme puan=1 sebep=SINYAL_ZAYIF
[2026-09-20 15:29:12] Dlight | ipeksi var mı | enyakin=- puan=0 sebep=ESLESME_YOK
[2026-09-20 15:29:13] SmallTree615593 | kim barut satıo tp atsin | enyakin=isinlanma-istegi puan=1 sebep=SINYAL_ZAYIF
[2026-09-20 15:29:37] Dlight | ipeksi var mı | enyakin=- puan=0 sebep=ESLESME_YOK
[2026-09-20 15:32:11] kamran2 | abi alıyonmu? | enyakin=- puan=0 sebep=ESLESME_YOK
[2026-09-20 15:33:21] Selim0137 | ipeksili kazması olan var mı | enyakin=- puan=0 sebep=ESLESME_YOK
[2026-09-20 15:35:01] SmallTree615593 | neden elytra satilmio | enyakin=- puan=0 sebep=ESLESME_YOK
[2026-09-20 15:35:32] akifhep | nasıl yani | enyakin=- puan=0 sebep=ESLESME_YOK
[2026-09-20 15:35:39] Swight | kaç tane var kamran | enyakin=- puan=0 sebep=ESLESME_YOK
[2026-09-20 15:39:12] Dlight | esyaları aldın mı claw | enyakin=- puan=0 sebep=ESLESME_YOK
[2026-09-20 15:42:23] maceswap | şuan yok sorun nedir | enyakin=- puan=0 sebep=ESLESME_YOK
[2026-09-20 15:44:11] RivalWheel8582 | claw knk beraber takılalım mi | enyakin=- puan=0 sebep=ESLESME_YOK
[2026-09-20 15:45:05] akifhep | arkadaşlar yükseltme şablonu olan var mı | enyakin=- puan=0 sebep=ESLESME_YOK
[2026-09-20 15:46:18] 34KRAL2525 | @rehber atı nasıl tp yapıyoruz | enyakin=isinlanma-istegi puan=1 sebep=SINYAL_ZAYIF
[2026-09-20 15:46:20] akifhep | arkadaşlar netherite yükseltme şablonu var mı | enyakin=nether-gitme puan=1 sebep=SINYAL_ZAYIF
[2026-09-20 15:46:47] 34KRAL2525 | @rehber yolu kaybettim eve ışınlıycam at nasıl olcaak | enyakin=- puan=0 sebep=ESLESME_YOK
[2026-09-20 15:46:56] 34KRAL2525 | @rehber atı nasıl tp lşycem | enyakin=isinlanma-istegi puan=1 sebep=SINYAL_ZAYIF
[2026-09-20 15:48:58] kamran2 | kim elmas satıyoooo | enyakin=- puan=0 sebep=ESLESME_YOK
[2026-09-20 15:51:42] kamran2 | bana elmas verimisin? | enyakin=- puan=0 sebep=ESLESME_YOK
[2026-09-20 15:51:53] Antrix1807 | ne kadar lzm | enyakin=- puan=0 sebep=ESLESME_YOK
[2026-09-20 15:52:14] akifhep | netherite yükseltme şablonun var mı | enyakin=nether-gitme puan=1 sebep=SINYAL_ZAYIF
[2026-09-20 15:53:04] MehmetMC3667 | rehber neden köylülerde satın alma hakkı var | enyakin=site-kredi puan=2 sebep=SINYAL_ZAYIF
[2026-09-20 15:57:23] AyiBogan064 | var kaç k veriyon | enyakin=- puan=0 sebep=ESLESME_YOK
[2026-09-20 15:57:38] AyiBogan064 | kaç vercen | enyakin=- puan=0 sebep=ESLESME_YOK
[2026-09-20 15:58:03] RivalWheel8582 | onlar nerde claw | enyakin=- puan=0 sebep=ESLESME_YOK
[2026-09-20 15:59:13] Antrix1807 | Yardım edim mi kk | enyakin=- puan=0 sebep=ESLESME_YOK
[2026-09-20 15:59:42] Antrix1807 | kk yardım edim mi | enyakin=- puan=0 sebep=ESLESME_YOK
[2026-09-20 16:00:39] maceswap | benim önümdekine nasıl vurdun arkan dönük | enyakin=- puan=0 sebep=ESLESME_YOK
[2026-09-20 16:00:46] Clawwolf | nasıl yani | enyakin=- puan=0 sebep=ESLESME_YOK
[2026-09-20 16:02:29] akifhep | netherite yükseltme şablonu olan var mı | enyakin=nether-gitme puan=1 sebep=SINYAL_ZAYIF
[2026-09-20 16:05:02] Clawwolf | ben çıkıyom bu nasıl sunucu :% | enyakin=- puan=0 sebep=ESLESME_YOK
[2026-09-20 16:06:06] RivalWheel8582 | mace pvp nasıl ona baktım | enyakin=savas-etiketi puan=1 sebep=SINYAL_ZAYIF
[2026-09-20 16:06:26] Selim0137 | sunucuda trail chambers var mı | enyakin=- puan=0 sebep=ESLESME_YOK
[2026-09-20 16:07:51] RivalWheel8582 | zaten eşyam yok mace nasıl olduriyim seni | enyakin=- puan=0 sebep=ESLESME_YOK
[2026-09-20 16:08:18] Selim0137 | sunucuda trail chambers var mı | enyakin=- puan=0 sebep=ESLESME_YOK
[2026-09-20 16:10:01] RivalWheel8582 | benim şuan eşyam yok vallaha seni oldurmicem zaten nasıl öldürün | enyakin=- puan=0 sebep=ESLESME_YOK
[2026-09-20 16:10:30] MojoBest | anarsi mi bura ben gpt den baktım da | enyakin=- puan=0 sebep=ESLESME_YOK
[2026-09-20 16:10:31] RivalWheel8582 | seni nasıl oldurim eşyam yok vallaha öldürmek | enyakin=- puan=0 sebep=ESLESME_YOK
[2026-09-20 16:10:48] MojoBest | anarsi mi bura ben gpt den baktım da | enyakin=- puan=0 sebep=ESLESME_YOK
[2026-09-20 16:10:50] MojoBest | anarsi mi bura ben gpt den baktım da | enyakin=- puan=0 sebep=ESLESME_YOK
[2026-09-20 16:10:52] MojoBest | anarsi mi bura ben gpt den baktım da | enyakin=- puan=0 sebep=ESLESME_YOK
[2026-09-20 16:11:05] MehmetMC3667 | rehber günlük ödül nasıl alınıyor ve ne veriyor | enyakin=- puan=0 sebep=ESLESME_YOK
[2026-09-20 16:11:06] ptrckjane | kri̇stal nerde ullanilio | enyakin=- puan=0 sebep=ESLESME_YOK
[2026-09-20 16:12:50] MojoBest | anarsi mi bura | enyakin=- puan=0 sebep=ESLESME_YOK
[2026-09-20 16:14:07] RivalWheel8582 | kesmek ben seni bu şuan bahane nasıl kesim seni eşyam yok zaten | enyakin=- puan=0 sebep=ESLESME_YOK
[2026-09-20 16:21:38] xtentaction | biriniz ışınlayabilir mi beni lütfen | enyakin=- puan=0 sebep=ESLESME_YOK
[2026-09-20 16:24:41] ptrckjane | ben mi atim sen mi atıcan tpa | enyakin=isinlanma-istegi puan=1 sebep=SINYAL_ZAYIF
[2026-09-20 16:25:28] 34KRAL2525 | @rehber atlar çiftleşiyormu? | enyakin=- puan=0 sebep=ESLESME_YOK
[2026-09-20 16:26:48] Barlas93 | Kurt knk? | enyakin=- puan=0 sebep=ESLESME_YOK
[2026-09-20 16:27:12] mamilokkovol2 | nasıl peki @rehber | enyakin=- puan=0 sebep=ESLESME_YOK
[2026-09-20 16:27:22] mamilokkovol2 | nasıl peki @rehber bey | enyakin=- puan=0 sebep=ESLESME_YOK
[2026-09-20 16:29:48] ptrckjane | gelcen mi | enyakin=- puan=0 sebep=ESLESME_YOK
[2026-09-20 16:32:50] xtentaction | kızlar ark olcak var mı | enyakin=- puan=0 sebep=ESLESME_YOK
[2026-09-20 16:34:35] xtentaction | nası satcam | enyakin=- puan=0 sebep=ESLESME_YOK
[2026-09-20 16:35:19] xtentaction | kaç verion | enyakin=- puan=0 sebep=ESLESME_YOK
[2026-09-20 16:37:53] ptrckjane | benim base gelce mi sevo | enyakin=- puan=0 sebep=ESLESME_YOK
[2026-09-20 16:38:13] RivalWheel8582 | knk sende tnt niye koyuyon sandiga | enyakin=- puan=0 sebep=ESLESME_YOK
[2026-09-20 16:38:24] lonewolf | sen neden patlatıyorsun ? | enyakin=- puan=0 sebep=ESLESME_YOK
[2026-09-20 16:41:13] ptrckjane | ee nasıl | enyakin=- puan=0 sebep=ESLESME_YOK
[2026-09-20 16:44:25] xLaku | yeni mause mi alsam | enyakin=- puan=0 sebep=ESLESME_YOK
[2026-09-20 16:44:39] sevo_16 | ne uçurum? | enyakin=- puan=0 sebep=ESLESME_YOK
[2026-09-20 16:45:36] xLaku | ya baseyi mi kaptırdı | enyakin=- puan=0 sebep=ESLESME_YOK
[2026-09-20 16:48:28] AyiBogan064 | yetkililer dolandïrmıyo mu base patlamiyo mu | enyakin=- puan=0 sebep=ESLESME_YOK
[2026-09-20 16:51:42] sevo_16 | blok vr mı? | enyakin=- puan=0 sebep=ESLESME_YOK
[2026-09-20 16:52:01] ptrckjane | yeter mi | enyakin=- puan=0 sebep=ESLESME_YOK
[2026-09-20 16:52:13] ghostmean | abi çocuğun net set nerde | enyakin=- puan=0 sebep=ESLESME_YOK
[2026-09-20 16:56:32] sevo_16 | ne var mı | enyakin=- puan=0 sebep=ESLESME_YOK
[2026-09-20 16:58:29] sevo_16 | tentikra benim ark tpayı alim mi? | enyakin=- puan=0 sebep=ESLESME_YOK
[2026-09-20 16:59:04] Kerem1287 | kasyı nerden accam | enyakin=- puan=0 sebep=ESLESME_YOK
[2026-09-20 16:59:06] samirbabapro | arkadaş olucak var mı | enyakin=- puan=0 sebep=ESLESME_YOK
[2026-09-20 16:59:21] Kerem1287 | kasayı nerden açıcam | enyakin=kasa puan=1 sebep=SINYAL_ZAYIF
[2026-09-20 17:00:28] sevo_16 | neden kestin onu? | enyakin=- puan=0 sebep=ESLESME_YOK
[2026-09-20 17:02:10] uguritaa58 | abi vc varmı? | enyakin=- puan=0 sebep=ESLESME_YOK
[2026-09-20 17:02:22] uguritaa58 | abi vc varmı? | enyakin=- puan=0 sebep=ESLESME_YOK
[2026-09-20 17:02:25] uguritaa58 | abi vc varmı?s | enyakin=- puan=0 sebep=ESLESME_YOK
[2026-09-20 17:03:45] Adal | benım arkı nıye muteledınız | enyakin=- puan=0 sebep=ESLESME_YOK
[2026-09-20 17:03:58] xLaku | özel mesajları neden kapattın | enyakin=- puan=0 sebep=ESLESME_YOK
[2026-09-20 17:06:58] TriggerDarex | ne kadar istiyon | enyakin=- puan=0 sebep=ESLESME_YOK
[2026-09-20 17:07:23] TriggerDarex | kac vercen | enyakin=- puan=0 sebep=ESLESME_YOK
[2026-09-20 17:07:41] Muttali21 | ne kadar istersen yani çok istemesen veririm | enyakin=- puan=0 sebep=ESLESME_YOK
[2026-09-20 17:07:56] TriggerDarex | knk ne kadar piyasa bilmiyorum | enyakin=- puan=0 sebep=ESLESME_YOK
[2026-09-20 17:08:48] TriggerDarex | muttali kac tane lazım | enyakin=- puan=0 sebep=ESLESME_YOK
[2026-09-20 17:09:20] TriggerDarex | muttali kac tane lazım cnm | enyakin=- puan=0 sebep=ESLESME_YOK
[2026-09-20 17:10:34] Haliko | slime biyomunda olan var mı | enyakin=- puan=0 sebep=ESLESME_YOK
[2026-09-20 17:12:48] yusufsnmz0619 | nası atıoz | enyakin=- puan=0 sebep=ESLESME_YOK
[2026-09-20 17:13:26] KURT0619 | kaç kaç kaç | enyakin=- puan=0 sebep=ESLESME_YOK
[2026-09-20 17:14:25] Adal | baseıne gelım mı | enyakin=- puan=0 sebep=ESLESME_YOK
[2026-09-20 17:14:59] Barlas93 | neden base gidiyorum | enyakin=- puan=0 sebep=ESLESME_YOK
[2026-09-20 17:17:04] samirbabapro | korumayı nasıl kapatcam | enyakin=- puan=0 sebep=ESLESME_YOK
[2026-09-20 17:18:31] Adal | yenı vıdeo nasıl attım | enyakin=- puan=0 sebep=ESLESME_YOK
[2026-09-20 17:21:44] mamilokkovol2 | hımm adaları nasıl korucaz @rehber | enyakin=- puan=0 sebep=ESLESME_YOK
[2026-09-20 17:23:28] 34KRAL2525 | @rehber ok satışı nereden alırım yada siz satıyormusunuz | enyakin=- puan=0 sebep=ESLESME_YOK
[2026-09-20 17:24:54] samirbabapro | nasıl gelişicem hiçbişeyim yok | enyakin=- puan=0 sebep=ESLESME_YOK
[2026-09-20 17:26:46] RivalWheel8582 | nasıl alcam | enyakin=- puan=0 sebep=ESLESME_YOK
[2026-09-20 17:29:58] TriggerDarex | yeni nesil nasıl oluyo | enyakin=- puan=0 sebep=ESLESME_YOK
[2026-09-20 17:32:24] ghostmean | nedennnn | enyakin=- puan=0 sebep=ESLESME_YOK
[2026-09-20 17:32:28] Adal | aynı anda 5tane creper yanyane normal mı rehber | enyakin=- puan=0 sebep=ESLESME_YOK
[2026-09-20 17:32:36] kadoxpro35 | nasil buldun | enyakin=- puan=0 sebep=ESLESME_YOK
[2026-09-20 17:32:52] maceswap | kararsız ?, | enyakin=- puan=0 sebep=ESLESME_YOK
[2026-09-20 17:32:56] PrimusLY | kararsız? | enyakin=- puan=0 sebep=ESLESME_YOK
[2026-09-20 17:33:12] Adal | demır verım mı | enyakin=- puan=0 sebep=ESLESME_YOK
[2026-09-20 17:33:24] Xarot4604 | yeni̇ başladim eşya atabi̇lecek var mi pls | enyakin=- puan=0 sebep=ESLESME_YOK
[2026-09-20 17:33:44] kadoxpro35 | yav bunu niye getiridin | enyakin=- puan=0 sebep=ESLESME_YOK
[2026-09-20 17:34:13] kadoxpro35 | sen niye geldin | enyakin=- puan=0 sebep=ESLESME_YOK
[2026-09-20 17:34:32] kadoxpro35 | elmaslari niye kaziyon | enyakin=- puan=0 sebep=ESLESME_YOK
[2026-09-20 17:35:01] TriggerDarex | rehber bey benim bi tene kopegim var rtpo yapsam bu gelir mi benle | enyakin=para-kazanma puan=1 sebep=SINYAL_ZAYIF
[2026-09-20 17:35:11] faksbunny | beni afk ya kim aldı | enyakin=kristal puan=1 sebep=SINYAL_ZAYIF
[2026-09-20 17:36:40] kadoxpro35 | chate yazim mi | enyakin=- puan=0 sebep=ESLESME_YOK
[2026-09-20 17:36:46] TriggerDarex | napsınlar iceri mi alsınlar | enyakin=- puan=0 sebep=ESLESME_YOK
[2026-09-20 17:37:21] kadoxpro35 | nasil alak kirdi tabelayi | enyakin=- puan=0 sebep=ESLESME_YOK
[2026-09-20 17:38:33] Xarot4604 | event kasasi nası kazaniliyo | enyakin=kasa puan=1 sebep=SINYAL_ZAYIF
[2026-09-20 17:40:02] TriggerDarex | btw kim kopek gelir dediyse yalanlandı gelmiyomus | enyakin=para-kazanma puan=1 sebep=SINYAL_ZAYIF
[2026-09-20 17:40:06] AyiBogan064 | hatayli arkadaş ekleyim mi | enyakin=- puan=0 sebep=ESLESME_YOK
[2026-09-20 17:45:58] RivalWheel8582 | anlatayım mı | enyakin=- puan=0 sebep=ESLESME_YOK
[2026-09-20 17:46:05] AyiBogan064 | bura senin mi | enyakin=- puan=0 sebep=ESLESME_YOK
[2026-09-20 17:47:42] samirbabapro | item vercek var mı | enyakin=- puan=0 sebep=ESLESME_YOK
[2026-09-20 17:48:39] Adal | para nasıl kaslııo | enyakin=para-kazanma puan=1 sebep=SINYAL_ZAYIF
[2026-09-20 17:48:55] AyiBogan064 | hatayli amacın neydi | enyakin=- puan=0 sebep=ESLESME_YOK
[2026-09-20 17:50:23] AyiBogan064 | hatayli amacın neydi söylesene | enyakin=- puan=0 sebep=ESLESME_YOK
[2026-09-20 17:50:43] Adal | kendımı /kıll gıbı nasıl odlururrunm | enyakin=- puan=0 sebep=ESLESME_YOK
[2026-09-20 17:56:24] mamilokkovol2 | ixpi farmı nasıl yapılıyo | enyakin=en-iyi-farm puan=1 sebep=SINYAL_ZAYIF
[2026-09-20 17:58:41] mamilokkovol2 | ama başkasına atcam @rehber nasıl yapcam | enyakin=- puan=0 sebep=ESLESME_YOK
[2026-09-20 18:03:23] kadoxpro35 | ne kadar istyon | enyakin=- puan=0 sebep=ESLESME_YOK
[2026-09-20 18:04:17] BetaPro51 | rehber net piyasa kaç | enyakin=- puan=0 sebep=ESLESME_YOK
[2026-09-20 18:07:22] 34KRAL2525 | @rehber bey xp farmı nasıl yapılır | enyakin=en-iyi-farm puan=1 sebep=SINYAL_ZAYIF
[2026-09-20 18:08:13] 34KRAL2525 | @rehber bey ne kadar veriyor | enyakin=- puan=0 sebep=ESLESME_YOK
[2026-09-20 18:10:25] HamsiTava | bu sunucuda para sistemi yok mu | enyakin=para-kazanma puan=1 sebep=SINYAL_ZAYIF
[2026-09-20 18:10:31] 34KRAL2525 | @rehber bey 85 tane yi kaç dakikada yaparım | enyakin=- puan=0 sebep=ESLESME_YOK
[2026-09-20 18:12:04] HamsiTava | bana elmas set verebilcek var mı | enyakin=- puan=0 sebep=ESLESME_YOK
[2026-09-20 18:15:47] 34KRAL2525 | sayı sayma ne zaman başlıyacak | enyakin=- puan=0 sebep=ESLESME_YOK
[2026-09-20 18:16:05] RAMPAGE | nether mobları nerde | enyakin=nether-gitme puan=1 sebep=SINYAL_ZAYIF
[2026-09-20 18:17:38] TriggerDarex | sansı kac | enyakin=- puan=0 sebep=ESLESME_YOK
[2026-09-20 18:18:09] RivalWheel8582 | kadox hediyem nasıl | enyakin=- puan=0 sebep=ESLESME_YOK
[2026-09-20 18:19:38] RankCloth1754 | 5 elmasa olur mu | enyakin=- puan=0 sebep=ESLESME_YOK
[2026-09-20 18:19:41] SungBeatle3744 | ben nasil esyama netherhit bascam | enyakin=nether-gitme puan=1 sebep=SINYAL_ZAYIF
[2026-09-20 18:26:22] maceswap | nasıl yani ChillDoor6022 anlamadım | enyakin=- puan=0 sebep=ESLESME_YOK
[2026-09-20 18:27:07] 34KRAL2525 | @rehber bey bu sayı bilme oyunu kaç dakikada bir | enyakin=- puan=0 sebep=ESLESME_YOK
[2026-09-20 18:29:23] 34KRAL2525 | @rehber bey lunaparka gelmek istermisiniz? | enyakin=- puan=0 sebep=ESLESME_YOK
[2026-09-20 18:29:49] 34KRAL2525 | @rehber bey lunaparka gelmek istermisiniz? | enyakin=- puan=0 sebep=ESLESME_YOK
[2026-09-20 18:29:52] 34KRAL2525 | @rehber bey lunaparka gelmek istermisiniz?. | enyakin=- puan=0 sebep=ESLESME_YOK
[2026-09-20 18:29:54] 34KRAL2525 | @rehber bey lunaparka gelmek istermisiniz?. | enyakin=- puan=0 sebep=ESLESME_YOK
[2026-09-20 18:31:41] kadoxpro35 | sen niye istemiyon | enyakin=- puan=0 sebep=ESLESME_YOK
[2026-09-20 18:31:56] kadoxpro35 | okadar var mi | enyakin=- puan=0 sebep=ESLESME_YOK
[2026-09-20 18:34:14] kadoxpro35 | yatskiniz var mi | enyakin=- puan=0 sebep=ESLESME_YOK
[2026-09-20 18:35:25] faksbunny | rehber ipeksi dokunusla sp kırdım ama bana gelmedi neden | enyakin=site-paket puan=1 sebep=SINYAL_ZAYIF
[2026-09-20 18:36:07] kadoxpro35 | hangi sunucudan | enyakin=- puan=0 sebep=ESLESME_YOK
[2026-09-20 18:37:28] RivalWheel8582 | ya kadox niye | enyakin=- puan=0 sebep=ESLESME_YOK
[2026-09-20 18:38:23] TriggerDarex | niye zengin brom | enyakin=para-kazanma puan=1 sebep=SINYAL_ZAYIF
[2026-09-20 18:38:27] RankCloth1754 | kim ark olmak ister | enyakin=- puan=0 sebep=ESLESME_YOK
[2026-09-20 18:39:36] TriggerDarex | sence niye | enyakin=- puan=0 sebep=ESLESME_YOK
[2026-09-20 18:39:44] RivalWheel8582 | unuttum niye | enyakin=- puan=0 sebep=ESLESME_YOK
[2026-09-20 18:43:50] HASANXBABA | kime tp atim | enyakin=isinlanma-istegi puan=1 sebep=SINYAL_ZAYIF
[2026-09-20 18:44:20] Skyler | niye durdunuz | enyakin=- puan=0 sebep=ESLESME_YOK
[2026-09-20 18:44:44] RankCloth1754 | gerçek mi | enyakin=- puan=0 sebep=ESLESME_YOK
[2026-09-20 18:45:18] RankCloth1754 | kaç peki | enyakin=- puan=0 sebep=ESLESME_YOK
[2026-09-20 18:45:49] kadoxpro35 | hamsi 1 tane var mi | enyakin=- puan=0 sebep=ESLESME_YOK
[2026-09-20 18:46:14] RankCloth1754 | nası alcan | enyakin=- puan=0 sebep=ESLESME_YOK
[2026-09-20 18:53:02] faksbunny | rehber ipeksi dokunus elmas kazmayla örümcek sp si kırdım ama gelmdei bana neden | enyakin=- puan=0 sebep=ESLESME_YOK
[2026-09-20 18:55:52] RankCloth1754 | nasıl elmas satılıyor? | enyakin=- puan=0 sebep=ESLESME_YOK
[2026-09-20 18:56:07] RankCloth1754 | nası elmas satılıyo | enyakin=- puan=0 sebep=ESLESME_YOK
[2026-09-20 18:58:17] kadoxpro35 | net mi kalnitimi | enyakin=- puan=0 sebep=ESLESME_YOK
[2026-09-20 18:58:30] kadoxpro35 | kac tane | enyakin=- puan=0 sebep=ESLESME_YOK
[2026-09-20 18:58:50] kadoxpro35 | kac tane | enyakin=- puan=0 sebep=ESLESME_YOK
[2026-09-20 19:07:55] 34KRAL2525 | @rehber bey bi yanımıza gelirmisiniz? | enyakin=para-kazanma puan=1 sebep=SINYAL_ZAYIF
[2026-09-20 19:12:43] HASANXBABA | kasa yerine nasıl gidiyorum | enyakin=kasa puan=1 sebep=SINYAL_ZAYIF
[2026-09-20 19:15:49] HASANXBABA | eski yerime nasıl gidicem | enyakin=- puan=0 sebep=ESLESME_YOK
[2026-09-20 19:16:20] 34KRAL2525 | @rehber bey acil yanıma gelirmisiniz? | enyakin=para-kazanma puan=1 sebep=SINYAL_ZAYIF
[2026-09-20 19:17:15] 34KRAL2525 | sizce doğru yapmışmıyız? | enyakin=- puan=0 sebep=ESLESME_YOK
[2026-09-20 19:17:21] 34KRAL2525 | nasıl yapıcaktık | enyakin=- puan=0 sebep=ESLESME_YOK
[2026-09-20 19:18:32] BENEREN0480 | admin nasıl acıkcaz acemi koruması yüzunden acıkılmıyo | enyakin=- puan=0 sebep=ESLESME_YOK
[2026-09-20 19:19:27] YUSUFBABAPRAXDD | birinizin kulubune bende geliyim mi | enyakin=- puan=0 sebep=ESLESME_YOK
[2026-09-20 19:20:16] YUSUFBABAPRAXDD | birinizin kulubune bende geliyim mi | enyakin=- puan=0 sebep=ESLESME_YOK
[2026-09-20 19:21:37] Anume4613 | lavın altında hızlı nasıl haraket edebilirim | enyakin=- puan=0 sebep=ESLESME_YOK
[2026-09-20 19:24:08] xtentaction | biri beni kendine ışınlayabilir mi kardan kurtulamiom | enyakin=- puan=0 sebep=ESLESME_YOK
[2026-09-20 19:25:08] Barlas93 | sen kime artislik yapıyon | enyakin=- puan=0 sebep=ESLESME_YOK
[2026-09-20 19:25:40] YUSUFBABAPRAXDD | rehber sen kaç yaşındasın | enyakin=- puan=0 sebep=ESLESME_YOK
[2026-09-20 19:26:21] Barlas93 | apaytharbi ozaman niye adam akıllı işte çalışıp aileni kurup bakmak yerine burda oynuyorsun | enyakin=- puan=0 sebep=ESLESME_YOK
[2026-09-20 19:33:02] HASANXBABA | sabah oldumu? | enyakin=- puan=0 sebep=ESLESME_YOK
[2026-09-20 19:36:59] andreatiosserva | guys im new can somebody give me something? | enyakin=- puan=0 sebep=ESLESME_YOK
[2026-09-20 19:41:01] Dlight | sen mi yaptın evişmizi oyl | enyakin=- puan=0 sebep=ESLESME_YOK
[2026-09-20 19:41:12] Dlight | sen mi yıktın | enyakin=- puan=0 sebep=ESLESME_YOK
[2026-09-20 19:41:22] RivalWheel8582 | hangi evi | enyakin=- puan=0 sebep=ESLESME_YOK
[2026-09-20 19:42:26] Clawwolf | kim yapmış bilmiyom | enyakin=- puan=0 sebep=ESLESME_YOK
[2026-09-20 19:46:23] Dlight | git beni tpa mı kabul et | enyakin=isinlanma-istegi puan=1 sebep=SINYAL_ZAYIF
[2026-09-20 19:48:09] HamsiTava | sa ark olcak var mı | enyakin=- puan=0 sebep=ESLESME_YOK
[2026-09-20 19:48:24] RivalWheel8582 | vallaha ben yapmadım birde hangi ev | enyakin=- puan=0 sebep=ESLESME_YOK
[2026-09-20 19:50:31] sevo_16 | nası yanı? | enyakin=- puan=0 sebep=ESLESME_YOK
[2026-09-20 19:51:34] HamsiTava | bana elmas kazma vercek var mı | enyakin=- puan=0 sebep=ESLESME_YOK
[2026-09-20 19:52:26] BENEREN0480 | spawder nasıl alinıyor | enyakin=- puan=0 sebep=ESLESME_YOK
[2026-09-20 19:53:02] BENEREN0480 | spawnder buldum onu nasıl alcam | enyakin=spawn-warp puan=1 sebep=SINYAL_ZAYIF
[2026-09-20 19:54:58] ptrckjane | beni biri alabilir mi | enyakin=- puan=0 sebep=ESLESME_YOK
[2026-09-20 19:56:10] cavad306 | piyasa kac | enyakin=- puan=0 sebep=ESLESME_YOK
[2026-09-20 19:57:40] HamsiTava | elmas kazma vercek var mı | enyakin=- puan=0 sebep=ESLESME_YOK
[2026-09-20 19:59:41] mdoruk | kaç tane istion | enyakin=- puan=0 sebep=ESLESME_YOK
[2026-09-20 20:00:22] Mustafa_4721 | bana hani elmas set ve magzeme nasl alırm | enyakin=- puan=0 sebep=ESLESME_YOK
[2026-09-20 20:01:03] Dlight | ipeksi var mı | enyakin=- puan=0 sebep=ESLESME_YOK
[2026-09-20 20:01:50] Dlight | ipeksi var mıı | enyakin=- puan=0 sebep=ESLESME_YOK
[2026-09-20 20:02:55] Dlight | masce ne zaman gelir oyuna | enyakin=para-kazanma puan=1 sebep=SINYAL_ZAYIF
[2026-09-20 20:03:49] Dlight | kazman iyi mi | enyakin=- puan=0 sebep=ESLESME_YOK
[2026-09-20 20:03:54] batuhan66 | mehmet 30 sn nasıl 13 tane topladın | enyakin=- puan=0 sebep=ESLESME_YOK
[2026-09-20 20:08:48] HamsiTava | ark olcak var mı | enyakin=- puan=0 sebep=ESLESME_YOK
[2026-09-20 20:10:22] MehmetMC3667 | base nasıl | enyakin=- puan=0 sebep=ESLESME_YOK
[2026-09-20 20:11:03] HamsiTava | kazma mı ver | enyakin=- puan=0 sebep=ESLESME_YOK
[2026-09-20 20:12:05] yusimamano2525 | Ark olacaklar var mı | enyakin=- puan=0 sebep=ESLESME_YOK
[2026-09-20 20:13:01] Dlight | var mı sende | enyakin=- puan=0 sebep=ESLESME_YOK
[2026-09-20 20:13:30] samirsamir2323 | selam kim ark olmak isder gelyimk | enyakin=- puan=0 sebep=ESLESME_YOK
[2026-09-20 20:14:13] samirsamir2323 | gizlioyncu52 nerde sin\ | enyakin=- puan=0 sebep=ESLESME_YOK
[2026-09-20 20:14:24] samirsamir2323 | olak nerde sin | enyakin=- puan=0 sebep=ESLESME_YOK
[2026-09-20 20:14:27] yusimamano2525 | Ark olacak var mı | enyakin=- puan=0 sebep=ESLESME_YOK
[2026-09-20 20:15:02] samirsamir2323 | nasil ediyim | enyakin=- puan=0 sebep=ESLESME_YOK
[2026-09-20 20:15:03] Dlight | rehber shulker var mı | enyakin=- puan=0 sebep=ESLESME_YOK
[2026-09-20 20:15:20] Dlight | var mı sende | enyakin=- puan=0 sebep=ESLESME_YOK
[2026-09-20 20:15:40] Swight | abi yanlışıkla köylüye vurdum zam yaptı nası düzelcek | enyakin=- puan=0 sebep=ESLESME_YOK
[2026-09-20 20:15:40] Dlight | shulker var mı | enyakin=- puan=0 sebep=ESLESME_YOK
[2026-09-20 20:15:42] MehmetMC3667 | rehber lvip+ alınca net set mi elmas mı göremiyorum bedrockta olunca tlf dan gözükmüyor | enyakin=vip-rutbe puan=3 sebep=FARK_YETERSIZ
[2026-09-20 20:15:57] Ronaldo65679 | anahtarlarımi nerede harcicam | enyakin=kasa puan=1 sebep=SINYAL_ZAYIF
[2026-09-20 20:16:29] yusimamano2525 | Ark olacak var mı | enyakin=- puan=0 sebep=ESLESME_YOK
[2026-09-20 20:17:41] samirsamir2323 | nerde sin burda mi gizli | enyakin=- puan=0 sebep=ESLESME_YOK
[2026-09-20 20:18:41] samirsamir2323 | ark olan var mi | enyakin=- puan=0 sebep=ESLESME_YOK
[2026-09-20 20:19:32] maceswap | hangisine vurdun sana kaçtan satıyor | enyakin=- puan=0 sebep=ESLESME_YOK
[2026-09-20 20:20:08] samirsamir2323 | nasil geliyim | enyakin=- puan=0 sebep=ESLESME_YOK
[2026-09-20 20:21:54] mertrrw | beyler herşeyim gitti bu sunucudan çıkarım artık kime atim paramo | enyakin=para-kazanma puan=1 sebep=SINYAL_ZAYIF
[2026-09-20 20:22:17] mertrrw | beyler herşeyim gitti bu sunucudan çıkarım artık kime atim paramI | enyakin=para-kazanma puan=1 sebep=SINYAL_ZAYIF
[2026-09-20 20:23:55] PrimusLY | sunucuda trapler başladı mı | enyakin=- puan=0 sebep=ESLESME_YOK
[2026-09-20 20:24:17] mertrrw | beyler herşeyim gitti bu sunucudan çıkarım artık kime atim paramı | enyakin=para-kazanma puan=1 sebep=SINYAL_ZAYIF
[2026-09-20 20:24:51] AyiBogan064 | netherit göğüslık sıfır büyülü kaçtan gider bilen anlayan | enyakin=nether-gitme puan=1 sebep=SINYAL_ZAYIF
[2026-09-20 20:25:14] AyiBogan064 | netherit göğüslık sıfır büyülü kaçtan gidiyo bilen var mi | enyakin=nether-gitme puan=1 sebep=SINYAL_ZAYIF
[2026-09-20 20:25:23] ptrckjane | semih abi gelcen mi | enyakin=- puan=0 sebep=ESLESME_YOK
[2026-09-20 20:25:35] PrimusLY | nasıl bir yardım birkaç eşya verebilirim istersen | enyakin=- puan=0 sebep=ESLESME_YOK
[2026-09-20 20:26:06] mertrrw | primus bana mı diyon | enyakin=- puan=0 sebep=ESLESME_YOK
[2026-09-20 20:26:16] maceswap | mending ? | enyakin=- puan=0 sebep=ESLESME_YOK
[2026-09-20 20:29:00] levrxX | event kasasını nasıl açiyoz | enyakin=kasa puan=1 sebep=SINYAL_ZAYIF
[2026-09-20 20:30:43] maceswap | sevo_16 tpa neden attın | enyakin=isinlanma-istegi puan=1 sebep=SINYAL_ZAYIF
[2026-09-20 20:31:30] Hamsi6363 | rehber nasil eşya satişya koymaz | enyakin=- puan=0 sebep=ESLESME_YOK
[2026-09-20 20:32:00] MuhammetMC7895 | gezegen yok edi̇ci̇ ki̇mi̇n cok tatli̇i̇i̇ | enyakin=- puan=0 sebep=ESLESME_YOK
[2026-09-20 20:38:16] maceswap | bana neden trap yaptınız | enyakin=- puan=0 sebep=ESLESME_YOK
[2026-09-20 20:42:40] 06erenw06 | kaç tane lazım | enyakin=- puan=0 sebep=ESLESME_YOK
[2026-09-20 20:42:49] Swight | kaç tane var | enyakin=- puan=0 sebep=ESLESME_YOK
[2026-09-20 20:43:01] Dlight | elmas lazım mı | enyakin=- puan=0 sebep=ESLESME_YOK
[2026-09-20 20:43:13] Dlight | ne kadar lazım | enyakin=- puan=0 sebep=ESLESME_YOK
[2026-09-20 20:43:26] maceswap | ne kadar varsa | enyakin=- puan=0 sebep=ESLESME_YOK
[2026-09-20 20:44:50] Clawwolf | şey mattan 10 sorudan 2 boş var iyimi mace abi? | enyakin=- puan=0 sebep=ESLESME_YOK
[2026-09-20 20:45:42] Clawwolf | şey mattan 10 sorudan 2 boş var iyimi mace abi?? | enyakin=- puan=0 sebep=ESLESME_YOK
[2026-09-20 20:49:28] 06erenw06 | nası gidiyo | enyakin=- puan=0 sebep=ESLESME_YOK
[2026-09-20 20:51:02] ApolloMci | nerden buldun | enyakin=- puan=0 sebep=ESLESME_YOK
[2026-09-20 20:51:36] RahibBoss62062 | kim yağmaladı );;;; | enyakin=- puan=0 sebep=ESLESME_YOK
[2026-09-20 20:58:36] Dlight | obsidyen var mı | enyakin=- puan=0 sebep=ESLESME_YOK
[2026-09-20 20:59:29] Dlight | mace obsidyen var mı | enyakin=- puan=0 sebep=ESLESME_YOK
[2026-09-20 21:00:24] Clawwolf | nası boşver | enyakin=- puan=0 sebep=ESLESME_YOK
[2026-09-20 21:01:38] PrimusLY | iskelet sp si mi istiyorsun base in patladığı için | enyakin=- puan=0 sebep=ESLESME_YOK
[2026-09-20 21:02:10] Dlight | knk nereye | enyakin=- puan=0 sebep=ESLESME_YOK
[2026-09-20 21:03:16] 06erenw06 | mace niye kesiyon | enyakin=- puan=0 sebep=ESLESME_YOK
[2026-09-20 21:04:43] sevo_16 | neden bizi kestin? | enyakin=- puan=0 sebep=ESLESME_YOK
[2026-09-20 21:09:28] PromptCast6331 | [event cancelled]kim | enyakin=- puan=0 sebep=ESLESME_YOK
[2026-09-20 21:09:44] AyiBogan064 | şu hayatliyi sikem mi | enyakin=- puan=0 sebep=ESLESME_YOK
[2026-09-20 21:11:19] Dlight | ardiy komutu hala calısıyo mu | enyakin=menu puan=1 sebep=SINYAL_ZAYIF
[2026-09-20 21:11:31] sevo_16 | ark mıyız? | enyakin=- puan=0 sebep=ESLESME_YOK
[2026-09-20 21:11:45] Dlight | arkadasıma set anlamında yardımcı olur musun | enyakin=- puan=0 sebep=ESLESME_YOK
[2026-09-20 21:12:52] samirsamir2323 | para nasil kasyim | enyakin=para-kazanma puan=1 sebep=SINYAL_ZAYIF
[2026-09-20 21:17:06] maceswap | ne kadar | enyakin=- puan=0 sebep=ESLESME_YOK
[2026-09-20 21:17:28] YUSUFBABAPRAXDD | ya niye vurdun | enyakin=- puan=0 sebep=ESLESME_YOK
[2026-09-20 21:23:51] YUSUFBABAPRAXDD | kim benimle team olur | enyakin=takim puan=1 sebep=SINYAL_ZAYIF
[2026-09-20 21:25:20] Clawwolf | mace neden? | enyakin=- puan=0 sebep=ESLESME_YOK
[2026-09-20 21:31:17] KRALINGOO | yeniyim ede nası görecem | enyakin=oyuna-baslama puan=1 sebep=SINYAL_ZAYIF
[2026-09-20 21:36:55] krallcik | neden hiç bir şeyin yok | enyakin=- puan=0 sebep=ESLESME_YOK
[2026-09-20 21:37:34] Ysmaster | tp yi nası atıyoz | enyakin=isinlanma-istegi puan=1 sebep=SINYAL_ZAYIF
[2026-09-20 21:39:55] AyiBogan064 | senin baswn var mi | enyakin=- puan=0 sebep=ESLESME_YOK
[2026-09-20 21:42:02] Ysmaster | lobiye nası gidiyoz | enyakin=- puan=0 sebep=ESLESME_YOK
[2026-09-20 21:42:09] YUSUFBABAPRAXDD | nereye gittin mertrrw | enyakin=- puan=0 sebep=ESLESME_YOK
[2026-09-20 21:47:47] eymzn | nası kızıltaş bloğu satarım | enyakin=- puan=0 sebep=ESLESME_YOK
[2026-09-20 21:51:46] 06erenw06 | napcan banlıcan mı sapklgjahg | enyakin=- puan=0 sebep=ESLESME_YOK
[2026-09-20 21:51:47] maceswap | dostum neden yaptın | enyakin=- puan=0 sebep=ESLESME_YOK
[2026-09-20 21:51:56] 06erenw06 | sen neden beni kestin hic bi sebep yok ken | enyakin=- puan=0 sebep=ESLESME_YOK
[2026-09-20 21:54:14] maceswap | sorun nedir | enyakin=- puan=0 sebep=ESLESME_YOK
[2026-09-20 21:55:32] maceswap | neden yaptın dostum | enyakin=- puan=0 sebep=ESLESME_YOK
[2026-09-20 22:01:01] maceswap | neden yaptın trap | enyakin=- puan=0 sebep=ESLESME_YOK
[2026-09-20 22:01:09] 06erenw06 | sen beni bi sebep yok ken neden kestin | enyakin=- puan=0 sebep=ESLESME_YOK
[2026-09-20 22:01:42] 06erenw06 | nası kesmedin | enyakin=- puan=0 sebep=ESLESME_YOK
[2026-09-20 22:01:52] RivalWheel8582 | takılalım mi | enyakin=- puan=0 sebep=ESLESME_YOK
[2026-09-20 22:04:04] 06erenw06 | bak hep baana laf ediyon bide kendin i benim yerime koy ? | enyakin=- puan=0 sebep=ESLESME_YOK
[2026-09-20 22:05:24] LavishInk2983 | kaktüs koysabr mi biri | enyakin=- puan=0 sebep=ESLESME_YOK
[2026-09-20 22:08:14] HASANXBABA | nasıl afk açıcam | enyakin=kristal puan=1 sebep=SINYAL_ZAYIF
[2026-09-20 22:09:01] eymzn | kac tane alcan | enyakin=- puan=0 sebep=ESLESME_YOK
[2026-09-20 22:09:08] eymzn | kac elmas alcanki | enyakin=- puan=0 sebep=ESLESME_YOK
[2026-09-20 22:09:42] RahibBoss62062 | rehber doğulacaım yeri nasıl evim yapa bilirim | enyakin=ev-home puan=1 sebep=SINYAL_ZAYIF
[2026-09-20 22:10:17] eymzn | 34 taneye ne kadar macewap | enyakin=- puan=0 sebep=ESLESME_YOK
[2026-09-20 22:11:55] eymzn | kasa nası acıcam | enyakin=kasa puan=1 sebep=SINYAL_ZAYIF
[2026-09-20 22:13:07] RahibBoss62062 | gece görüş komutu neydi | enyakin=menu puan=1 sebep=SINYAL_ZAYIF
[2026-09-20 22:14:58] cavad306 | satayim mi snaa | enyakin=- puan=0 sebep=ESLESME_YOK
[2026-09-20 22:15:16] cavad306 | Ok kac vercen ve ya ne vercen | enyakin=- puan=0 sebep=ESLESME_YOK
[2026-09-20 22:15:32] cavad306 | kac elmas | enyakin=- puan=0 sebep=ESLESME_YOK
[2026-09-20 22:15:45] eymzn | kac ıstıyon | enyakin=- puan=0 sebep=ESLESME_YOK
[2026-09-20 22:16:31] RahibBoss62062 | bende ev var gizli rival belki sen gelesin? | enyakin=- puan=0 sebep=ESLESME_YOK
[2026-09-20 22:17:07] Clawwolf | baseyi sen mi yağmaladın | enyakin=- puan=0 sebep=ESLESME_YOK
[2026-09-20 22:18:03] Agonyy13 | beyler selamın aleyküm bir soru sorucam dürüst olun bu sunucu oynamaya değer bir sunucu mu | enyakin=- puan=0 sebep=ESLESME_YOK
[2026-09-20 22:18:09] YUSUFBABAPRAXDD | niye zehirlendin | enyakin=- puan=0 sebep=ESLESME_YOK
[2026-09-20 22:20:31] RahibBoss62062 | malmıyım sence?? | enyakin=- puan=0 sebep=ESLESME_YOK
[2026-09-20 22:20:41] Dlight | evi yaptın mı | enyakin=- puan=0 sebep=ESLESME_YOK
[2026-09-20 22:24:24] Clawwolf | nası base | enyakin=- puan=0 sebep=ESLESME_YOK
[2026-09-20 22:24:31] Ramazan6414 | hb kim patlattı orayı | enyakin=- puan=0 sebep=ESLESME_YOK
[2026-09-20 22:25:05] Dlight | burası mı bizim | enyakin=- puan=0 sebep=ESLESME_YOK
[2026-09-20 22:25:16] Dlight | mustafada bizden olabilir mi | enyakin=- puan=0 sebep=ESLESME_YOK
[2026-09-20 22:27:24] Dlight | olsun mu bizle | enyakin=- puan=0 sebep=ESLESME_YOK
[2026-09-20 22:28:54] Dlight | gelsin mi | enyakin=- puan=0 sebep=ESLESME_YOK
[2026-09-20 22:28:57] Dlight | gelsin mi | enyakin=- puan=0 sebep=ESLESME_YOK
[2026-09-20 22:29:51] Dlight | knk gelsin mi | enyakin=- puan=0 sebep=ESLESME_YOK
[2026-09-20 22:35:30] cavad306 | sizden bi yardim isteye bilir miyim? | enyakin=- puan=0 sebep=ESLESME_YOK
[2026-09-20 22:37:29] Tenticra | gidiyon mu | enyakin=- puan=0 sebep=ESLESME_YOK
[2026-09-20 22:38:32] cavad306 | olm nasil | enyakin=- puan=0 sebep=ESLESME_YOK
[2026-09-20 22:38:56] IMBestpvp | ender sandigi neden alınmıyo bilen varmi | enyakin=- puan=0 sebep=ESLESME_YOK
[2026-09-20 22:40:23] RahibBoss62062 | özelden nasıl yazılıyor | enyakin=- puan=0 sebep=ESLESME_YOK
[2026-09-20 22:42:25] Clawwolf | sp nerde | enyakin=- puan=0 sebep=ESLESME_YOK
[2026-09-20 22:42:32] Clawwolf | ramo nerde | enyakin=- puan=0 sebep=ESLESME_YOK
[2026-09-20 22:46:24] RahibBoss62062 | ozaman takım olakmı???? | enyakin=takim puan=1 sebep=SINYAL_ZAYIF
[2026-09-20 22:47:24] Dlight | sung kemik var mı | enyakin=- puan=0 sebep=ESLESME_YOK
[2026-09-20 22:48:21] Dlight | vercen mi | enyakin=- puan=0 sebep=ESLESME_YOK
[2026-09-20 22:48:25] Dlight | vercen mi | enyakin=- puan=0 sebep=ESLESME_YOK
[2026-09-20 22:48:35] samirsamir2323 | tmm nasil veriyim | enyakin=- puan=0 sebep=ESLESME_YOK
[2026-09-20 22:49:50] eymzn | nerde yayın | enyakin=- puan=0 sebep=ESLESME_YOK
[2026-09-20 22:50:09] Dlight | kemik vercen mi | enyakin=- puan=0 sebep=ESLESME_YOK
[2026-09-20 22:53:34] Baddcat6609_Qs | neden yagmaladin | enyakin=- puan=0 sebep=ESLESME_YOK
[2026-09-20 22:58:45] YUSUFBABAPRAXDD | bende mi yayın açsam | enyakin=- puan=0 sebep=ESLESME_YOK
[2026-09-20 23:00:57] kadoxpro35 | base isteyen yok mu ucuz | enyakin=- puan=0 sebep=ESLESME_YOK
[2026-09-20 23:01:11] Dlight | kemigi olan var mı | enyakin=- puan=0 sebep=ESLESME_YOK
[2026-09-20 23:01:25] kadoxpro35 | bana mi dedin | enyakin=- puan=0 sebep=ESLESME_YOK
[2026-09-20 23:03:01] Dlight | niye bu kadar kucuk | enyakin=- puan=0 sebep=ESLESME_YOK
[2026-09-20 23:03:21] samirsamir2323 | ben esya satmiyom nasi satyim | enyakin=- puan=0 sebep=ESLESME_YOK
[2026-09-20 23:06:33] Dlight | biraz bende kalsın mı kazma | enyakin=- puan=0 sebep=ESLESME_YOK
[2026-09-20 23:15:36] RahibBoss62062 | kaç taş lazım olur oraya??? | enyakin=- puan=0 sebep=ESLESME_YOK
[2026-09-20 23:18:19] memati_09876 | kasa nası açarım? | enyakin=kasa puan=1 sebep=SINYAL_ZAYIF
[2026-09-20 23:19:32] oguzhan_MC_ | böyle iskeret mi olur ya 5 karp vuluyo | enyakin=- puan=0 sebep=ESLESME_YOK
[2026-09-20 23:19:37] eymzn | sattıgım seyın fıyatını nası degıscem | enyakin=- puan=0 sebep=ESLESME_YOK
[2026-09-20 23:23:42] memati_09876 | kim benle ark olmak ister | enyakin=- puan=0 sebep=ESLESME_YOK
[2026-09-20 23:26:17] memati_09876 | kim benle ark olmak ister çok yanlızım:( | enyakin=- puan=0 sebep=ESLESME_YOK
[2026-09-20 23:27:34] kadoxpro35 | yav hic base fln isteyen yok mu | enyakin=- puan=0 sebep=ESLESME_YOK
[2026-09-20 23:28:12] oguzhan_MC_ | sen çok yannızım mı demiştin | enyakin=- puan=0 sebep=ESLESME_YOK
[2026-09-20 23:32:53] oguzhan_MC_ | kabur etcen mi? | enyakin=- puan=0 sebep=ESLESME_YOK
[2026-09-20 23:35:28] ShinyDart7444 | kaç istiyon | enyakin=- puan=0 sebep=ESLESME_YOK
[2026-09-20 23:36:02] KawaiiAllyy | Voicechat kullanan var mı | enyakin=- puan=0 sebep=ESLESME_YOK
[2026-09-20 23:36:18] oguzhan_MC_ | şimdi kabur edebirdin mi? | enyakin=- puan=0 sebep=ESLESME_YOK
[2026-09-20 23:46:16] oguzhan_MC_ | memati evin yanına yeni bi ev yapıyım mı bizim için | enyakin=- puan=0 sebep=ESLESME_YOK
[2026-09-20 23:49:56] kadoxpro35 | build yaptircak var mi | enyakin=- puan=0 sebep=ESLESME_YOK
[2026-09-20 23:50:05] KawaiiAllyy | build yapan birisi vardı, burada mı? | enyakin=- puan=0 sebep=ESLESME_YOK
[2026-09-20 23:51:49] ShinyDart7444 | aa dur lan pardon topliyim mi simdi | enyakin=- puan=0 sebep=ESLESME_YOK
[2026-09-20 23:53:20] DR_TK187 | rehberler online miii | enyakin=- puan=0 sebep=ESLESME_YOK
[2026-09-21 00:00:33] MuhammetMC7895 | neden iptal etti | enyakin=- puan=0 sebep=ESLESME_YOK
[2026-09-21 00:02:02] oguzhan_MC_ | ben maden kazıyom evin yanına ok mu | enyakin=- puan=0 sebep=ESLESME_YOK
[2026-09-21 00:02:29] kadoxpro35 | build yaptircak yok mu | enyakin=- puan=0 sebep=ESLESME_YOK
[2026-09-21 00:03:07] kadoxpro35 | build yaptircsk var mi | enyakin=- puan=0 sebep=ESLESME_YOK
[2026-09-21 00:03:56] kadoxpro35 | yav sıkıldım hic build yaptircak yok mu | enyakin=- puan=0 sebep=ESLESME_YOK
[2026-09-21 00:08:24] kadoxpro35 | build yaptircak vwr mi | enyakin=- puan=0 sebep=ESLESME_YOK
[2026-09-21 00:09:45] kadoxpro35 | sade mi detayli mi | enyakin=- puan=0 sebep=ESLESME_YOK
[2026-09-21 00:10:43] kadoxpro35 | ev mi base mi | enyakin=- puan=0 sebep=ESLESME_YOK
[2026-09-21 00:11:19] kadoxpro35 | kucuk sademi detayli mi | enyakin=- puan=0 sebep=ESLESME_YOK
[2026-09-21 00:11:25] kadoxpro35 | akvaryum mu | enyakin=- puan=0 sebep=ESLESME_YOK
[2026-09-21 00:11:31] kadoxpro35 | karisisik mi | enyakin=- puan=0 sebep=ESLESME_YOK
[2026-09-21 00:26:55] Anume4613 | it that turkis server? | enyakin=- puan=0 sebep=ESLESME_YOK
[2026-09-21 00:27:19] Anume4613 | or greek server? | enyakin=- puan=0 sebep=ESLESME_YOK
[2026-09-21 00:30:47] Anume4613 | what i do this server? | enyakin=- puan=0 sebep=ESLESME_YOK
[2026-09-21 00:31:02] akcadagg | tf anume? what does ıt mean | enyakin=- puan=0 sebep=ESLESME_YOK
[2026-09-21 00:39:20] akcadagg | geleyim mi | enyakin=- puan=0 sebep=ESLESME_YOK
[2026-09-21 00:40:08] memati_09876 | ben nası atcaz bilmiyorum yeniyim | enyakin=oyuna-baslama puan=1 sebep=SINYAL_ZAYIF
[2026-09-21 00:40:21] erdem_vvp | beyler çoklu oyunculu hayatta kalmaya nasıl girebilirim | enyakin=- puan=0 sebep=ESLESME_YOK
[2026-09-21 00:43:18] akcadagg | kömür stan var mı | enyakin=- puan=0 sebep=ESLESME_YOK
[2026-09-21 00:54:42] memati_09876 | bi dk üçümğz gurup kuralım mı | enyakin=kurallar puan=1 sebep=SINYAL_ZAYIF
[2026-09-21 00:57:57] memati_09876 | ESSEK mi ne o varya | enyakin=- puan=0 sebep=ESLESME_YOK
[2026-09-21 01:07:52] memati_09876 | ne oldu niye ağlıycan | enyakin=- puan=0 sebep=ESLESME_YOK
[2026-09-21 01:09:47] memati_09876 | geliyim mi | enyakin=- puan=0 sebep=ESLESME_YOK
[2026-09-21 01:14:51] memati_09876 | senin yere nası gelcem | enyakin=- puan=0 sebep=ESLESME_YOK
[2026-09-21 01:17:59] oguzhan_MC_ | yarın gircen mi | enyakin=- puan=0 sebep=ESLESME_YOK
[2026-09-21 01:20:05] oguzhan_MC_ | çıkmadın mı sen? | enyakin=- puan=0 sebep=ESLESME_YOK
[2026-09-21 01:20:37] memati_09876 | nasıl atıyom | enyakin=- puan=0 sebep=ESLESME_YOK
[2026-09-21 01:22:24] oguzhan_MC_ | sen hangi tuşla koşuyon | enyakin=- puan=0 sebep=ESLESME_YOK
[2026-09-21 01:30:41] RahibBoss62062 | bana lav vere bilecek varmı?? | enyakin=- puan=0 sebep=ESLESME_YOK
[2026-09-21 01:36:36] RahibBoss62062 | bana lav vere bilecek varmı lütfen veya nerden sla bilirim | enyakin=- puan=0 sebep=ESLESME_YOK
[2026-09-21 01:37:24] OnlyVan | sunucuda bir eksik var mı | enyakin=- puan=0 sebep=ESLESME_YOK
[2026-09-21 01:37:54] Hega_Ly4248 | nasi rehberlere sordum yok dediler | enyakin=- puan=0 sebep=ESLESME_YOK
[2026-09-21 01:39:45] OnlyVan | sunucunun akıcılığı nasıl ? | enyakin=- puan=0 sebep=ESLESME_YOK
[2026-09-21 01:39:49] OnlyVan | keyif veriyor mu | enyakin=- puan=0 sebep=ESLESME_YOK
[2026-09-21 01:42:29] M_SPOWER2204 | admin bizim yer ne zaman kamu arazisi olur | enyakin=- puan=0 sebep=ESLESME_YOK
[2026-09-21 01:44:16] M_SPOWER2204 | hocam ziyaret ne zaman | enyakin=- puan=0 sebep=ESLESME_YOK
[2026-09-21 01:45:05] M_SPOWER2204 | only peki base ziyaretleri ne zaman geliyor bide admin seçimleri yaklasio sandikta goruscez :) | enyakin=- puan=0 sebep=ESLESME_YOK
[2026-09-21 01:46:38] akcadagg | gencolar yaslar kac sizin | enyakin=- puan=0 sebep=ESLESME_YOK
[2026-09-21 01:55:31] oguzhan_MC_ | meşale dursun mu, | enyakin=- puan=0 sebep=ESLESME_YOK
[2026-09-21 01:56:24] oguzhan_MC_ | meşale dursun mu | enyakin=- puan=0 sebep=ESLESME_YOK
[2026-09-21 02:03:11] RahibBoss62062 | cave spider hörümçekmi?? | enyakin=- puan=0 sebep=ESLESME_YOK
[2026-09-21 02:06:25] RahibBoss62062 | cow ne peki? | enyakin=- puan=0 sebep=ESLESME_YOK
[2026-09-21 02:06:45] RahibBoss62062 | yer altında spamlarsam olurmu? | enyakin=- puan=0 sebep=ESLESME_YOK
[2026-09-21 02:11:42] oguzhan_MC_ | başlangıçta biri var mı | enyakin=- puan=0 sebep=ESLESME_YOK
[2026-09-21 02:15:23] Hega_Ly4248 | mob niye spawn olmuyo ya rehber | enyakin=spawn-warp puan=1 sebep=SINYAL_ZAYIF
[2026-09-21 02:22:30] Anume4613 | peki niye | enyakin=- puan=0 sebep=ESLESME_YOK
[2026-09-21 03:46:20] M_SPOWER2204 | yakop osta ondan alalim tanesi ne kadar | enyakin=- puan=0 sebep=ESLESME_YOK
[2026-09-21 04:00:25] M_SPOWER2204 | 493 ????? | enyakin=- puan=0 sebep=ESLESME_YOK
[2026-09-21 04:01:05] M_SPOWER2204 | ayip ama 230+230 kaç edio | enyakin=- puan=0 sebep=ESLESME_YOK
[2026-09-21 04:02:21] M_SPOWER2204 | hm 485 sonnn? | enyakin=- puan=0 sebep=ESLESME_YOK
[2026-09-21 08:01:59] adala7 | eşyaları sen mi aldın | enyakin=- puan=0 sebep=ESLESME_YOK
[2026-09-21 08:02:23] AyiBogan064 | hee satiştan mi | enyakin=- puan=0 sebep=ESLESME_YOK
[2026-09-21 08:16:36] AyiBogan064 | admin yok mu | enyakin=- puan=0 sebep=ESLESME_YOK
[2026-09-21 09:49:56] GainedSine97723 | neden yaptın | enyakin=- puan=0 sebep=ESLESME_YOK
[2026-09-21 09:52:54] DR_TK187 | kim kesti | enyakin=- puan=0 sebep=ESLESME_YOK
[2026-09-21 09:52:58] DR_TK187 | kim kesti | enyakin=- puan=0 sebep=ESLESME_YOK
[2026-09-21 09:57:12] Valentina186684 | bak kim kimi yer | enyakin=- puan=0 sebep=ESLESME_YOK
[2026-09-21 09:58:03] Valentina186684 | kim kimi yerse bu seven bende bı dolu shullker var | enyakin=- puan=0 sebep=ESLESME_YOK
[2026-09-21 09:58:25] DR_TK187 | nasi yaptın la | enyakin=- puan=0 sebep=ESLESME_YOK
[2026-09-21 10:01:16] GainedSine97723 | en az para mi eşya mi | enyakin=para-kazanma puan=1 sebep=SINYAL_ZAYIF
[2026-09-21 10:06:45] GainedSine97723 | mace i alirken sizce kaç kere öldüm | enyakin=- puan=0 sebep=ESLESME_YOK
[2026-09-21 10:07:36] GainedSine97723 | setin var mi dio | enyakin=- puan=0 sebep=ESLESME_YOK
[2026-09-21 10:07:48] Valentina186684 | 1 tane mi | enyakin=- puan=0 sebep=ESLESME_YOK
[2026-09-21 10:13:26] GainedSine97723 | burasi niye bu kadar karanlik | enyakin=- puan=0 sebep=ESLESME_YOK
[2026-09-21 10:18:48] DR_TK187 | kaç tane ban | enyakin=ceza-itiraz puan=1 sebep=SINYAL_ZAYIF
[2026-09-21 10:21:32] DR_TK187 | bana şuan kaç tane var | enyakin=- puan=0 sebep=ESLESME_YOK
[2026-09-21 10:24:56] GainedSine97723 | 7k param var 14 dj nerden cikarim | enyakin=para-kazanma puan=1 sebep=SINYAL_ZAYIF
[2026-09-21 10:25:38] DR_TK187 | 3 kaya kaç verirsin | enyakin=- puan=0 sebep=ESLESME_YOK
[2026-09-21 10:29:16] memati_09876 | kim benle ark olmak ister | enyakin=- puan=0 sebep=ESLESME_YOK
[2026-09-21 10:30:22] GainedSine97723 | vurim mi | enyakin=- puan=0 sebep=ESLESME_YOK
[2026-09-21 10:32:23] GainedSine97723 | 1 elmasj olan var mi | enyakin=- puan=0 sebep=ESLESME_YOK
[2026-09-21 10:36:06] Valentina186684 | kim benden. nethbisyse | enyakin=- puan=0 sebep=ESLESME_YOK
[2026-09-21 10:36:29] Valentina186684 | kim benden neth istemisti | enyakin=- puan=0 sebep=ESLESME_YOK
[2026-09-21 10:38:35] DR_TK187 | nası kabul edioz | enyakin=- puan=0 sebep=ESLESME_YOK
[2026-09-21 10:41:23] Valentina186684 | bekle nasıl | enyakin=- puan=0 sebep=ESLESME_YOK
[2026-09-21 10:42:37] memati_09876 | Lan gaied mi adın tp atmayı biliyon mu | enyakin=isinlanma-istegi puan=1 sebep=SINYAL_ZAYIF
[2026-09-21 10:46:03] GainedSine97723 | 1 elmasın var mi ya | enyakin=- puan=0 sebep=ESLESME_YOK
[2026-09-21 10:46:37] Ysmaster | lobiye nası dönüyoz | enyakin=- puan=0 sebep=ESLESME_YOK
[2026-09-21 10:49:21] DR_TK187 | nasi oldum | enyakin=- puan=0 sebep=ESLESME_YOK
[2026-09-21 11:12:23] GainedSine97723 | senden birşey istesem olur mu | enyakin=- puan=0 sebep=ESLESME_YOK
[2026-09-21 11:16:38] memati_09876 | ben kendi dünyamdan nasıl çıkıcam? | enyakin=- puan=0 sebep=ESLESME_YOK
[2026-09-21 11:23:26] cavad306 | ah dan mi | enyakin=acik-artirma puan=1 sebep=SINYAL_ZAYIF
[2026-09-21 11:28:05] apathyharbi | sorun nedir | enyakin=- puan=0 sebep=ESLESME_YOK
[2026-09-21 11:29:58] cavad306 | bende gorev var diyoki /sell de ilk satisini yap ne yapmaliyim | enyakin=esya-satma puan=1 sebep=SINYAL_ZAYIF
[2026-09-21 11:30:40] GainedSine97723 | sonrkai ada kaç saat sonra | enyakin=gokyuzu-etkinlik puan=1 sebep=SINYAL_ZAYIF
[2026-09-21 11:30:40] cavad306 | niye olmuyo | enyakin=- puan=0 sebep=ESLESME_YOK
[2026-09-21 11:33:00] cavad306 | sana tp atsam olur mu | enyakin=isinlanma-istegi puan=1 sebep=SINYAL_ZAYIF
[2026-09-21 11:33:11] GainedSine97723 | bende atim mi | enyakin=- puan=0 sebep=ESLESME_YOK
[2026-09-21 11:38:13] cavad306 | esya veriyim mi | enyakin=- puan=0 sebep=ESLESME_YOK
[2026-09-21 11:38:32] GainedSine97723 | neden ya | enyakin=- puan=0 sebep=ESLESME_YOK
[2026-09-21 11:40:00] cavad306 | bu arada ark olak mi | enyakin=- puan=0 sebep=ESLESME_YOK
[2026-09-21 11:40:09] GainedSine97723 | noldu ona hala var mi | enyakin=- puan=0 sebep=ESLESME_YOK
[2026-09-21 11:41:12] cavad306 | base nasil | enyakin=- puan=0 sebep=ESLESME_YOK
[2026-09-21 11:41:53] GainedSine97723 | baseniz var mi yoksa base yapam | enyakin=- puan=0 sebep=ESLESME_YOK
[2026-09-21 11:43:01] GainedSine97723 | takimi kurak mi tekrardan sen ben hiranur | enyakin=takim puan=1 sebep=SINYAL_ZAYIF
[2026-09-21 12:04:20] HeraAndZeus | eren kim | enyakin=- puan=0 sebep=ESLESME_YOK
[2026-09-21 12:07:37] OnlyVan | sorun nedir | enyakin=- puan=0 sebep=ESLESME_YOK
[2026-09-21 12:15:35] SpentSeven23214 | ne oluyoki yazınca? | enyakin=- puan=0 sebep=ESLESME_YOK
[2026-09-21 12:39:27] OnlyVan | sorun nedir | enyakin=- puan=0 sebep=ESLESME_YOK
[2026-09-21 12:50:16] MuhammetMC7895 | sunucuda hangi etkinlikler var | enyakin=yaris puan=1 sebep=SINYAL_ZAYIF
[2026-09-21 12:59:26] MuhammetMC7895 | yonetici abi ada etkinligine kac saat kaldi | enyakin=gokyuzu-etkinlik puan=1 sebep=SINYAL_ZAYIF
[2026-09-21 13:10:01] Aransinh0 | veyler team olcak var mı | enyakin=takim puan=1 sebep=SINYAL_ZAYIF
[2026-09-21 13:17:07] Aransinh0 | eşya verecek var mı | enyakin=- puan=0 sebep=ESLESME_YOK
[2026-09-21 13:20:07] DR_TK187 | herkes nerde y | enyakin=- puan=0 sebep=ESLESME_YOK
[2026-09-21 13:21:52] Aransinh0 | admin msgden bişey yazcam tm mı | enyakin=- puan=0 sebep=ESLESME_YOK
[2026-09-21 13:22:35] GainedSine97723 | admin senden birşey istesem olur mu | enyakin=- puan=0 sebep=ESLESME_YOK
[2026-09-21 13:23:02] MuhammetMC7895 | nasi adaya gidicez | enyakin=- puan=0 sebep=ESLESME_YOK
[2026-09-21 13:24:56] MuhammetMC7895 | nasi adaya gitcez | enyakin=- puan=0 sebep=ESLESME_YOK
[2026-09-21 13:29:34] 06erenw06 | nası yazılıyo özelden | enyakin=- puan=0 sebep=ESLESME_YOK
[2026-09-21 13:30:37] GainedSine97723 | şu adayi düzgün bir yere çıkarsan olmazz mi bi gidemedim yada adaya gitmek için komut ekle | enyakin=menu puan=1 sebep=SINYAL_ZAYIF
[2026-09-21 13:48:59] SpentSeven23214 | gained neden pahalı bu | enyakin=- puan=0 sebep=ESLESME_YOK
[2026-09-21 13:50:55] Aransinh0 | olm nası öldün | enyakin=- puan=0 sebep=ESLESME_YOK
[2026-09-21 13:55:27] kerem | ne kadar sürücek işin mert | enyakin=- puan=0 sebep=ESLESME_YOK
[2026-09-21 13:55:47] Aransinh0 | para atabilcek var mı | enyakin=para-kazanma puan=1 sebep=SINYAL_ZAYIF
[2026-09-21 13:56:58] DR_TK187 | ben nasıl ender chasti oyundan aççam | enyakin=- puan=0 sebep=ESLESME_YOK
[2026-09-21 14:04:01] memati_09876 | kim benle ark olmak ister bi arkadaşım vardı oda gitti çok yanlızı:( | enyakin=- puan=0 sebep=ESLESME_YOK
[2026-09-21 14:07:56] Valentina186684 | setler nerede senin | enyakin=- puan=0 sebep=ESLESME_YOK
[2026-09-21 14:13:26] GainedSine97723 | vale ve Dr tk takim olak mi | enyakin=takim puan=1 sebep=SINYAL_ZAYIF
[2026-09-21 14:14:02] Valentina186684 | biz 3 lü gürül mu olak acaba | enyakin=- puan=0 sebep=ESLESME_YOK
[2026-09-21 14:14:44] SpentSeven23214 | nasi yni | enyakin=- puan=0 sebep=ESLESME_YOK
[2026-09-21 14:16:19] SpentSeven23214 | nasi yni | enyakin=- puan=0 sebep=ESLESME_YOK
[2026-09-21 14:16:35] kerem | nasıl gelecem | enyakin=- puan=0 sebep=ESLESME_YOK
[2026-09-21 14:16:44] Valentina186684 | atım ne kadar | enyakin=- puan=0 sebep=ESLESME_YOK
[2026-09-21 14:17:03] DR_TK187 | Max kaç atarsın kk | enyakin=- puan=0 sebep=ESLESME_YOK
[2026-09-21 14:17:22] kerem | nasıl gelecem | enyakin=- puan=0 sebep=ESLESME_YOK
[2026-09-21 14:17:53] DR_TK187 | val Max kaç atarsın | enyakin=- puan=0 sebep=ESLESME_YOK
[2026-09-21 14:18:32] kerem | nasıl olduğunu unuttum | enyakin=- puan=0 sebep=ESLESME_YOK
[2026-09-21 14:18:42] SpentSeven23214 | offf nasi alcan şimdi esyani | enyakin=- puan=0 sebep=ESLESME_YOK
[2026-09-21 14:19:37] DR_TK187 | Max kaç atarsın | enyakin=- puan=0 sebep=ESLESME_YOK
[2026-09-21 14:22:51] DR_TK187 | Max kaç atarsın | enyakin=- puan=0 sebep=ESLESME_YOK
[2026-09-21 14:23:57] prolaysgamer | Beni takıma alcak biri varmı yeniyim? | enyakin=takim puan=1 sebep=SINYAL_ZAYIF
[2026-09-21 14:25:31] DR_TK187 | Max kaç atrsın | enyakin=- puan=0 sebep=ESLESME_YOK
[2026-09-21 14:25:47] prolaysgamer | Beni takıma alcak biri varmı yeniyim? | enyakin=takim puan=1 sebep=SINYAL_ZAYIF
[2026-09-21 14:25:54] memati_09876 | birisi bana tp atabilir mi canım SIKILIYOOOO | enyakin=isinlanma-istegi puan=1 sebep=SINYAL_ZAYIF
[2026-09-21 14:27:43] SpentSeven23214 | knk senin totem mi kirildi | enyakin=- puan=0 sebep=ESLESME_YOK
[2026-09-21 14:28:20] DR_TK187 | senşn kaç setin var olm | enyakin=- puan=0 sebep=ESLESME_YOK
[2026-09-21 14:31:41] kerem | o nereden çıktı | enyakin=- puan=0 sebep=ESLESME_YOK
[2026-09-21 14:32:57] Mustafa19032 | günlük ödül nasıl aliniyo | enyakin=- puan=0 sebep=ESLESME_YOK
[2026-09-21 14:34:43] GainedSine97723 | burasi uygun mu yapim kalanini | enyakin=- puan=0 sebep=ESLESME_YOK
[2026-09-21 14:35:45] GainedSine97723 | yapim mi bura | enyakin=- puan=0 sebep=ESLESME_YOK
[2026-09-21 14:36:45] maceswap | ne kadar varsa | enyakin=- puan=0 sebep=ESLESME_YOK
[2026-09-21 14:42:59] maceswap | DR_TK187 sorun nedir | enyakin=- puan=0 sebep=ESLESME_YOK
[2026-09-21 14:44:57] prolaysgamer | Üstünde ipeksi isteidği yazıor ama nası | enyakin=- puan=0 sebep=ESLESME_YOK
[2026-09-21 14:46:08] DR_TK187 | ya neden oyuna end çubu eklionuz | enyakin=end-gitme puan=1 sebep=SINYAL_ZAYIF
[2026-09-21 14:51:14] MuhammetMC7895 | nasil kolay event kasilir | enyakin=- puan=0 sebep=ESLESME_YOK
[2026-09-21 14:52:44] MuhammetMC7895 | nasi kolay event anahtar kasilir diye sordum | enyakin=kasa puan=1 sebep=SINYAL_ZAYIF
[2026-09-21 14:53:01] prolaysgamer | Martı Ai mi xd | enyakin=- puan=0 sebep=ESLESME_YOK
[2026-09-21 14:53:26] MuhammetMC7895 | tamamda bu koyluler neden ciftlesmiyo | enyakin=- puan=0 sebep=ESLESME_YOK
[2026-09-21 14:54:36] memati_09876 | düzlük alan bulunca yakında köy mü oluyo | enyakin=- puan=0 sebep=ESLESME_YOK
[2026-09-21 14:56:08] prolaysgamer | hile kaç gün ban? | enyakin=sikayet puan=1 sebep=SINYAL_ZAYIF
[2026-09-21 14:59:43] prolaysgamer | aw* mı pardon | enyakin=- puan=0 sebep=ESLESME_YOK
[2026-09-21 15:00:53] MuhammetMC7895 | sitenize kayit oldum ama gunluk odulu nasi alcam | enyakin=site-kredi puan=1 sebep=SINYAL_ZAYIF
[2026-09-21 15:01:20] JakeMonkey5749 | beleş mi | enyakin=- puan=0 sebep=ESLESME_YOK
[2026-09-21 15:13:44] FTYezgg | abi nasıl aldığımı base e checkpoint alıyoz | enyakin=- puan=0 sebep=ESLESME_YOK
[2026-09-21 15:15:09] FTYezgg | şey ben base aldım nasıl istediğim zaman buraya spawn olucam | enyakin=spawn-warp puan=1 sebep=SINYAL_ZAYIF
[2026-09-21 15:15:10] kamran2 | monkey koy arayakmı? | enyakin=- puan=0 sebep=ESLESME_YOK
[2026-09-21 15:16:50] MuhammetMC7895 | koylulere 3 stak ekmak attim ciftlesmedi neden | enyakin=- puan=0 sebep=ESLESME_YOK
[2026-09-21 15:18:48] Clawwolf | base puanlıyom isteyenvarmı? | enyakin=seviye puan=1 sebep=SINYAL_ZAYIF
[2026-09-21 15:19:54] maceswap | olur kaç tane var | enyakin=- puan=0 sebep=ESLESME_YOK
[2026-09-21 15:19:56] JakeMonkey5749 | Kac tane | enyakin=- puan=0 sebep=ESLESME_YOK
[2026-09-21 15:20:24] prolaysgamer | 18 e 4k verion 34 5k mı olm | enyakin=- puan=0 sebep=ESLESME_YOK
[2026-09-21 15:21:10] prolaysgamer | 11 sadecce? | enyakin=- puan=0 sebep=ESLESME_YOK
[2026-09-21 15:31:12] Clawwolf | bu sunucuya yeni mi başladın | enyakin=- puan=0 sebep=ESLESME_YOK
[2026-09-21 15:35:07] memati_09876 | nası tp atarım | enyakin=isinlanma-istegi puan=1 sebep=SINYAL_ZAYIF
[2026-09-21 15:36:09] FTYezgg | nasıl rep yapıyoruz rehber | enyakin=- puan=0 sebep=ESLESME_YOK
[2026-09-21 15:37:14] kerem | admin tp nasıl istenir | enyakin=isinlanma-istegi puan=1 sebep=SINYAL_ZAYIF
[2026-09-21 15:41:34] Hyper | kaç verişyon elmasa | enyakin=- puan=0 sebep=ESLESME_YOK
[2026-09-21 15:41:39] maceswap | ne kadar var | enyakin=- puan=0 sebep=ESLESME_YOK
[2026-09-21 15:41:46] FTYezgg | rehber nasıl kasalara gidiyoz ve geri overworld a dönüyoz | enyakin=kasa puan=1 sebep=SINYAL_ZAYIF
[2026-09-21 15:41:50] Hyper | kaç veriyon var | enyakin=- puan=0 sebep=ESLESME_YOK
[2026-09-21 15:42:53] prolaysgamer | 1 elmas ortalama ne kadar acaba | enyakin=- puan=0 sebep=ESLESME_YOK
[2026-09-21 15:43:14] faksbunny | abo cok dusuk o fiyatta normal piyasa deyeri 33k mı filan | enyakin=- puan=0 sebep=ESLESME_YOK
[2026-09-21 15:46:26] prolaysgamer | 1 elmas ortalama ne kadar acaba demiştim | enyakin=- puan=0 sebep=ESLESME_YOK
[2026-09-21 15:46:40] Hello4555 | nekadar param var? | enyakin=para-kazanma puan=1 sebep=SINYAL_ZAYIF
[2026-09-21 15:47:14] FTYezgg | rehber nası eşya satıyoz | enyakin=- puan=0 sebep=ESLESME_YOK
[2026-09-21 15:49:10] FTYezgg | günlük hediye nasıl alıyoz rehber | enyakin=- puan=0 sebep=ESLESME_YOK
[2026-09-21 15:54:34] DR_TK187 | kaç netin vzr | enyakin=- puan=0 sebep=ESLESME_YOK
[2026-09-21 15:54:56] JakeMonkey5749 | Mac'e kaç tane ihtiyaç elmas | enyakin=- puan=0 sebep=ESLESME_YOK
[2026-09-21 15:55:23] Valentina186684 | lenowolw pvp vs ?? | enyakin=savas-etiketi puan=1 sebep=SINYAL_ZAYIF
[2026-09-21 15:59:00] xtentaction | biri beni yanına alabilir mi yardım edin | enyakin=- puan=0 sebep=ESLESME_YOK
[2026-09-21 15:59:21] kuzey168 | kaç tane | enyakin=- puan=0 sebep=ESLESME_YOK
[2026-09-21 15:59:25] JakeMonkey5749 | kim netherite alir | enyakin=nether-gitme puan=1 sebep=SINYAL_ZAYIF
[2026-09-21 15:59:44] JakeMonkey5749 | kim netherite alir | enyakin=nether-gitme puan=1 sebep=SINYAL_ZAYIF
[2026-09-21 15:59:51] kamran2 | ne kadar atayım | enyakin=- puan=0 sebep=ESLESME_YOK
[2026-09-21 15:59:55] JakeMonkey5749 | kım netherite alir | enyakin=nether-gitme puan=1 sebep=SINYAL_ZAYIF
[2026-09-21 16:00:25] xtentaction | team olmak isteyrn var mı hic eşyam yok | enyakin=takim puan=1 sebep=SINYAL_ZAYIF
[2026-09-21 16:01:32] kerem | evet tp nasıl istenir | enyakin=isinlanma-istegi puan=1 sebep=SINYAL_ZAYIF
[2026-09-21 16:02:00] xtentaction | yemek var mi | enyakin=- puan=0 sebep=ESLESME_YOK
[2026-09-21 16:03:06] xtentaction | madene mi | enyakin=- puan=0 sebep=ESLESME_YOK
[2026-09-21 16:05:29] FTYezgg | gezek mi | enyakin=- puan=0 sebep=ESLESME_YOK
[2026-09-21 16:09:45] kerem | zegin olan kim | enyakin=- puan=0 sebep=ESLESME_YOK
[2026-09-21 16:09:48] JakeMonkey5749 | büyülü mu sung | enyakin=buyu-masasi puan=1 sebep=SINYAL_ZAYIF
[2026-09-21 16:14:40] prolaysgamer | Bu yaratıcı adi nasil edindin acaba Yönetici | enyakin=- puan=0 sebep=ESLESME_YOK
[2026-09-21 16:18:24] kamran2 | nedr kasıyon? | enyakin=- puan=0 sebep=ESLESME_YOK
[2026-09-21 16:18:29] algomii4649 | kim iki Elmas kılıcı nedir kim veriyor | enyakin=- puan=0 sebep=ESLESME_YOK
[2026-09-21 16:21:55] sevo_16 | Neden kestin? | enyakin=- puan=0 sebep=ESLESME_YOK
[2026-09-21 16:25:55] sevo_16 | odunu olan? | enyakin=- puan=0 sebep=ESLESME_YOK
[2026-09-21 16:27:46] YUSUFBABAPRAXDD | burayı yok mu etcez | enyakin=- puan=0 sebep=ESLESME_YOK
[2026-09-21 16:28:18] adala7 | gece görüşünü nasıl açıy9z | enyakin=- puan=0 sebep=ESLESME_YOK
[2026-09-21 16:28:50] JakeMonkey5749 | beyler takimsak niye vurunuyonuz | enyakin=takim puan=1 sebep=SINYAL_ZAYIF
[2026-09-21 16:30:40] sevo_16 | team istek atim mi size? | enyakin=takim puan=1 sebep=SINYAL_ZAYIF
[2026-09-21 16:31:15] sevo_16 | niye herkez tpa atio | enyakin=isinlanma-istegi puan=1 sebep=SINYAL_ZAYIF
[2026-09-21 16:31:57] xtentaction | 2 ark gelebilir mi | enyakin=- puan=0 sebep=ESLESME_YOK
[2026-09-21 16:33:14] kamran2 | bura kimin? | enyakin=- puan=0 sebep=ESLESME_YOK
[2026-09-21 16:33:23] xtentaction | nası alcam | enyakin=- puan=0 sebep=ESLESME_YOK
[2026-09-21 16:37:34] prolaysgamer | ağlıyon mu simdi | enyakin=- puan=0 sebep=ESLESME_YOK
[2026-09-21 16:42:57] xtentaction | odununuz var mı | enyakin=- puan=0 sebep=ESLESME_YOK
[2026-09-21 16:43:16] sevo_16 | kuzy kim lan | enyakin=- puan=0 sebep=ESLESME_YOK
[2026-09-21 16:44:44] Clawwolf | algomii ben mi | enyakin=- puan=0 sebep=ESLESME_YOK
[2026-09-21 16:45:17] RankCloth1754 | algomi team olak mı | enyakin=takim puan=1 sebep=SINYAL_ZAYIF
[2026-09-21 16:46:36] algomii4649 | küstün mu | enyakin=- puan=0 sebep=ESLESME_YOK
[2026-09-21 16:46:45] RankCloth1754 | algomii setin var mı | enyakin=- puan=0 sebep=ESLESME_YOK
[2026-09-21 16:47:06] RankCloth1754 | netherite mi | enyakin=nether-gitme puan=1 sebep=SINYAL_ZAYIF
[2026-09-21 16:50:15] Clawwolf | biri kaldı ama kim | enyakin=- puan=0 sebep=ESLESME_YOK
[2026-09-21 16:52:32] BetaPro51 | acaba para nası kascam | enyakin=para-kazanma puan=1 sebep=SINYAL_ZAYIF
[2026-09-21 16:54:20] adala7 | nasıl yerix | enyakin=- puan=0 sebep=ESLESME_YOK
[2026-09-21 16:54:32] adala7 | nasıl yerdi | enyakin=- puan=0 sebep=ESLESME_YOK
[2026-09-21 16:54:35] kerem | neden tp atmıyon | enyakin=isinlanma-istegi puan=1 sebep=SINYAL_ZAYIF
[2026-09-21 16:54:56] adala7 | . koridor var mıydı | enyakin=- puan=0 sebep=ESLESME_YOK
[2026-09-21 16:55:08] algomii4649 | kabul et ben de sana kendi beas mi göstereyim | enyakin=- puan=0 sebep=ESLESME_YOK
[2026-09-21 16:57:22] Clawwolf | jake baseyi nası ezdim:D | enyakin=- puan=0 sebep=ESLESME_YOK
[2026-09-21 17:01:19] DR_TK187 | :/ahta totemin tahmini değeri kaç rehber | enyakin=- puan=0 sebep=ESLESME_YOK
[2026-09-21 17:02:45] YUSUFBABAPRAXDD | nereye gittin | enyakin=- puan=0 sebep=ESLESME_YOK
[2026-09-21 17:02:58] Clawwolf | kim kesti söyle kesim kesebilirsem | enyakin=- puan=0 sebep=ESLESME_YOK
[2026-09-21 17:03:20] Xarot4604 | Swihgt nası çıktın oraya | enyakin=- puan=0 sebep=ESLESME_YOK
[2026-09-21 17:03:24] Clawwolf | jake kim kesti | enyakin=- puan=0 sebep=ESLESME_YOK
[2026-09-21 17:03:24] YUSUFBABAPRAXDD | tenti hangi biyomdasın | enyakin=- puan=0 sebep=ESLESME_YOK
[2026-09-21 17:04:30] SakalliEjder | madende olan var mı tpa atim | enyakin=isinlanma-istegi puan=1 sebep=SINYAL_ZAYIF
[2026-09-21 17:04:41] Clawwolf | nie arkadaşımı kestin? | enyakin=- puan=0 sebep=ESLESME_YOK
[2026-09-21 17:05:30] Tenticra | knk bu kim | enyakin=- puan=0 sebep=ESLESME_YOK
[2026-09-21 17:05:38] DR_TK187 | 2 toteme kaç net | enyakin=- puan=0 sebep=ESLESME_YOK
[2026-09-21 17:05:42] RivalWheel8582 | gizli mesaj nasıl | enyakin=- puan=0 sebep=ESLESME_YOK
[2026-09-21 17:06:05] RivalWheel8582 | rehber gizli mesaj nasıl | enyakin=- puan=0 sebep=ESLESME_YOK
[2026-09-21 17:06:23] DR_TK187 | 2 toteme kaç net veri̇rsi̇ni̇z | enyakin=- puan=0 sebep=ESLESME_YOK
[2026-09-21 17:07:09] DR_TK187 | 2 toteme kaç net verirsiniz | enyakin=- puan=0 sebep=ESLESME_YOK
[2026-09-21 17:07:45] DR_TK187 | 2 toteme kaç net verirsin | enyakin=- puan=0 sebep=ESLESME_YOK
[2026-09-21 17:08:29] DR_TK187 | 2 toteme kaç net | enyakin=- puan=0 sebep=ESLESME_YOK
[2026-09-21 17:08:45] DR_TK187 | rehber 2 toteme kaç net | enyakin=- puan=0 sebep=ESLESME_YOK
[2026-09-21 17:08:47] ChillDoor6022 | bende rehber olmak istiyom nasıl olcam | enyakin=- puan=0 sebep=ESLESME_YOK
[2026-09-21 17:09:30] RankCloth1754 | whell arkmolak mı | enyakin=- puan=0 sebep=ESLESME_YOK
[2026-09-21 17:09:49] apathyharbi | DR_TK187 2 toteme 2 netni? nedemek | enyakin=- puan=0 sebep=ESLESME_YOK
[2026-09-21 17:10:07] DR_TK187 | ya diımki 2 totme kaç net gerirsin | enyakin=- puan=0 sebep=ESLESME_YOK
[2026-09-21 17:10:15] apathyharbi | DR_TK187 vermem? | enyakin=- puan=0 sebep=ESLESME_YOK
[2026-09-21 17:12:21] DR_TK187 | kaç netin var | enyakin=- puan=0 sebep=ESLESME_YOK
[2026-09-21 17:16:03] Adal | rehber bu rampage nıye hep afk | enyakin=kristal puan=1 sebep=SINYAL_ZAYIF
[2026-09-21 17:18:02] apathyharbi | kurulum anahtarı nedir ChillDoor6022 | enyakin=kasa puan=1 sebep=SINYAL_ZAYIF
[2026-09-21 17:18:44] RivalWheel8582 | gizli mesaj nasıl rehber | enyakin=- puan=0 sebep=ESLESME_YOK
[2026-09-21 17:18:52] kerem | beni neden öldürdün | enyakin=- puan=0 sebep=ESLESME_YOK
[2026-09-21 17:19:02] algomii4649 | abi ark olak mi | enyakin=- puan=0 sebep=ESLESME_YOK
[2026-09-21 17:19:26] Adal | sen lonewolfu tanıon mu | enyakin=- puan=0 sebep=ESLESME_YOK
[2026-09-21 17:19:29] algomii4649 | Arkadaş olalım mı | enyakin=- puan=0 sebep=ESLESME_YOK
[2026-09-21 17:19:57] Adal | sızce craftrıse mı burası mı | enyakin=- puan=0 sebep=ESLESME_YOK
[2026-09-21 17:20:58] algomii4649 | abi ark olak mi Hyper | enyakin=- puan=0 sebep=ESLESME_YOK
[2026-09-21 17:21:20] Hega_Ly4248 | Hangi orospu evladi patlattila basei | enyakin=- puan=0 sebep=ESLESME_YOK
[2026-09-21 17:21:21] Adal | kac hesab actın | enyakin=- puan=0 sebep=ESLESME_YOK
[2026-09-21 17:22:16] YusufStyleee | bu hesapdan mı | enyakin=- puan=0 sebep=ESLESME_YOK
[2026-09-21 17:22:52] JakeMonkey5749 | kim ihanet etti claw | enyakin=- puan=0 sebep=ESLESME_YOK
[2026-09-21 17:23:12] SakalliEjder | madende olan var mı | enyakin=- puan=0 sebep=ESLESME_YOK
[2026-09-21 17:23:21] wartem | beyler kazma satın alma komudu var mı? | enyakin=site-kredi puan=2 sebep=SINYAL_ZAYIF
[2026-09-21 17:25:54] algomii4649 | ark olak mi apaharbi | enyakin=- puan=0 sebep=ESLESME_YOK
[2026-09-21 17:26:25] algomii4649 | xLukaku ark olak mi | enyakin=- puan=0 sebep=ESLESME_YOK
[2026-09-21 17:27:46] kamran2 | gidekmi?a | enyakin=- puan=0 sebep=ESLESME_YOK
[2026-09-21 17:29:34] AyiBogan064 | şu sarı slaymdan nasıl eşya čïkarıyoz | enyakin=- puan=0 sebep=ESLESME_YOK
[2026-09-21 17:30:01] Clawwolf | bak maceyi tanıyon nası oynadıgını biliyon | enyakin=- puan=0 sebep=ESLESME_YOK
[2026-09-21 17:34:46] AyiBogan064 | verimlilik 5 satan? | enyakin=- puan=0 sebep=ESLESME_YOK
[2026-09-21 17:35:26] mdoruk | ben afk aanına nasıl giderim | enyakin=kristal puan=1 sebep=SINYAL_ZAYIF
[2026-09-21 17:36:19] kamran2 | bizde cıkak mı? | enyakin=- puan=0 sebep=ESLESME_YOK
[2026-09-21 17:53:23] y55ttr | nıye mob cıkmıyor | enyakin=- puan=0 sebep=ESLESME_YOK
[2026-09-21 17:55:01] YUSUFBABAPRAXDD | niye vuruyon | enyakin=- puan=0 sebep=ESLESME_YOK
[2026-09-21 17:55:09] DR_TK187 | neden beni sürekli attı | enyakin=- puan=0 sebep=ESLESME_YOK
[2026-09-21 18:06:35] BetaPro51 | mace ne kadar belki birine satarim | enyakin=- puan=0 sebep=ESLESME_YOK
[2026-09-21 18:08:42] BetaPro51 | para nası kascam rehber | enyakin=para-kazanma puan=1 sebep=SINYAL_ZAYIF
[2026-09-21 18:11:59] YUSUFBABAPRAXDD | nasıl atcam | enyakin=- puan=0 sebep=ESLESME_YOK
[2026-09-21 18:12:17] RivalWheel8582 | rehber para nasıl atılır | enyakin=para-kazanma puan=1 sebep=SINYAL_ZAYIF
[2026-09-21 18:13:46] erdem_vvp | net kasasını nasıl aciyoz | enyakin=kasa puan=1 sebep=SINYAL_ZAYIF
[2026-09-21 18:13:51] SungBeatle3744 | nasil spammer kiriliR | enyakin=- puan=0 sebep=ESLESME_YOK
[2026-09-21 18:14:06] erdem_vvp | events kasasını nasıl aciyoz | enyakin=kasa puan=1 sebep=SINYAL_ZAYIF
[2026-09-21 18:15:28] SungBeatle3744 | nasil sapammer kırabilirim | enyakin=- puan=0 sebep=ESLESME_YOK
[2026-09-21 18:15:43] erdem_vvp | nasıl event kasası açabilirim | enyakin=kasa puan=1 sebep=SINYAL_ZAYIF
[2026-09-21 18:20:47] SungBeatle3744 | nasil atılır | enyakin=- puan=0 sebep=ESLESME_YOK
[2026-09-21 18:22:56] SungBeatle3744 | kk nasil atio | enyakin=- puan=0 sebep=ESLESME_YOK
[2026-09-21 18:24:56] RivalWheel8582 | rehber para atma nasıl | enyakin=para-kazanma puan=1 sebep=SINYAL_ZAYIF
[2026-09-21 18:27:03] SungBeatle3744 | nasil olcak | enyakin=- puan=0 sebep=ESLESME_YOK
[2026-09-21 18:36:45] Clawwolf | maceswapı kesebilirmiler? | enyakin=- puan=0 sebep=ESLESME_YOK
[2026-09-21 18:37:28] prolaysgamer | kaç tane lazım simdi | enyakin=- puan=0 sebep=ESLESME_YOK
[2026-09-21 18:37:52] Hyper | köye zırhlarını atan kim | enyakin=- puan=0 sebep=ESLESME_YOK
[2026-09-21 18:40:04] Dlight | kazma nerde | enyakin=- puan=0 sebep=ESLESME_YOK
[2026-09-21 18:45:29] s2ghamsi | koruma nası kapatcaz | enyakin=- puan=0 sebep=ESLESME_YOK
[2026-09-21 18:46:22] faksbunny | yok neden | enyakin=- puan=0 sebep=ESLESME_YOK
[2026-09-21 18:46:48] s2ghamsi | acemı koruma nası kapatılıyp | enyakin=- puan=0 sebep=ESLESME_YOK
[2026-09-21 18:49:33] s2ghamsi | evetn kasası nası buluyonuz ya | enyakin=kasa puan=1 sebep=SINYAL_ZAYIF
[2026-09-21 18:53:57] benbenimsensen | ne oldu canım neden kesmeye çalışıyorsun | enyakin=- puan=0 sebep=ESLESME_YOK
[2026-09-21 18:54:14] s2ghamsi | gorev nası kolay bırseymı | enyakin=gunluk-gorev puan=1 sebep=SINYAL_ZAYIF
[2026-09-21 18:56:05] Dlight | gelcen mi baseye | enyakin=- puan=0 sebep=ESLESME_YOK
[2026-09-21 19:00:44] benbenimsensen | bir kuralı çiğnedim mi ben? | enyakin=kurallar puan=1 sebep=SINYAL_ZAYIF
[2026-09-21 19:01:40] benbenimsensen | DR_TK187 baseine gidelim mi | enyakin=- puan=0 sebep=ESLESME_YOK
[2026-09-21 19:02:39] Dlight | onarım satın alcak var mı | enyakin=site-kredi puan=2 sebep=SINYAL_ZAYIF
[2026-09-21 19:03:27] PrimusLY | DR_TK187 bir sorun mu var | enyakin=- puan=0 sebep=ESLESME_YOK
[2026-09-21 19:03:47] enes | az baya 20 k? | enyakin=- puan=0 sebep=ESLESME_YOK
[2026-09-21 19:04:01] Dlight | 40 k olur mu | enyakin=- puan=0 sebep=ESLESME_YOK
[2026-09-21 19:04:28] PrimusLY | DR_TK187 sorun nedir | enyakin=- puan=0 sebep=ESLESME_YOK
[2026-09-21 19:07:15] GainedSine97723 | base yapıyorum gelib bakar mısın taslağa hemde nasıl yere kurduguma | enyakin=- puan=0 sebep=ESLESME_YOK
[2026-09-21 19:07:18] Dlight | 10 k olur mu | enyakin=- puan=0 sebep=ESLESME_YOK
[2026-09-21 19:10:35] Dlight | uzun menzil koruması alcak var mı | enyakin=- puan=0 sebep=ESLESME_YOK
[2026-09-21 19:11:41] Hello4555 | şey admin event kasası nerede? | enyakin=kasa puan=1 sebep=SINYAL_ZAYIF
[2026-09-21 19:12:05] benbenimsensen | DR_TK187 gideyim mi ben | enyakin=- puan=0 sebep=ESLESME_YOK
[2026-09-21 19:12:14] benbenimsensen | DR_TK187 gideyim mi ben?? | enyakin=- puan=0 sebep=ESLESME_YOK
[2026-09-21 19:13:03] lonewolf | ne kadar | enyakin=- puan=0 sebep=ESLESME_YOK
[2026-09-21 19:13:09] Dlight | kac verirsin | enyakin=- puan=0 sebep=ESLESME_YOK
[2026-09-21 19:13:16] lonewolf | kaç istersin | enyakin=- puan=0 sebep=ESLESME_YOK
[2026-09-21 19:13:22] Dlight | kac verirsin | enyakin=- puan=0 sebep=ESLESME_YOK
[2026-09-21 19:13:49] Dlight | kac verirsinnn | enyakin=- puan=0 sebep=ESLESME_YOK
[2026-09-21 19:15:03] benbenimsensen | ödül ne verdi kelime oyunu? | enyakin=- puan=0 sebep=ESLESME_YOK
[2026-09-21 19:15:11] benbenimsensen | ödül ne verdi kelime oyunu? PrimusLY | enyakin=- puan=0 sebep=ESLESME_YOK
[2026-09-21 19:16:57] lonewolf | nether zet satıyorum 200k çok uygun almak iseyen?? | enyakin=esya-satma puan=1 sebep=SINYAL_ZAYIF
[2026-09-21 19:19:00] benbenimsensen | setim nerede lonewolf | enyakin=- puan=0 sebep=ESLESME_YOK
[2026-09-21 19:19:20] Hello4555 | şey admi̇n sandiklar nerede??? | enyakin=- puan=0 sebep=ESLESME_YOK
[2026-09-21 19:20:26] YUSUFBABAPRAXDD | rehber nasıl event kasası açabiliyoz | enyakin=kasa puan=1 sebep=SINYAL_ZAYIF
[2026-09-21 19:22:19] Hello4555 | adminnnnnnnnnnnnnnnn kasalr neredeeeeeeee | enyakin=kasa puan=1 sebep=SINYAL_ZAYIF
[2026-09-21 19:22:51] Dlight | lone kazandın mı | enyakin=- puan=0 sebep=ESLESME_YOK
[2026-09-21 19:23:19] Aransinh0 | team olcak var mı | enyakin=takim puan=1 sebep=SINYAL_ZAYIF
[2026-09-21 19:23:28] Hello4555 | bukadarmı?? | enyakin=- puan=0 sebep=ESLESME_YOK
[2026-09-21 19:24:33] erdem_vvp | geri nasıl oyuna geri donuyoz | enyakin=- puan=0 sebep=ESLESME_YOK
[2026-09-21 19:25:41] enes | slime nerden bulim | enyakin=- puan=0 sebep=ESLESME_YOK
[2026-09-21 19:26:48] erdem_vvp | rehber ben kutu açma yeri deyim nasıl bidaha dünyaya doncem | enyakin=- puan=0 sebep=ESLESME_YOK
[2026-09-21 19:27:32] Clawwolf | event mi oldu | enyakin=- puan=0 sebep=ESLESME_YOK
[2026-09-21 19:29:02] Dlight | kac verir sin | enyakin=- puan=0 sebep=ESLESME_YOK
[2026-09-21 19:29:16] Dlight | kac vercen | enyakin=- puan=0 sebep=ESLESME_YOK
[2026-09-21 19:29:20] Hyper | kaç istiyon | enyakin=- puan=0 sebep=ESLESME_YOK
[2026-09-21 19:29:43] Dlight | ne kadar erirsin | enyakin=- puan=0 sebep=ESLESME_YOK
[2026-09-21 19:30:28] lonewolf | evin nasıl olmuş | enyakin=- puan=0 sebep=ESLESME_YOK
[2026-09-21 19:31:19] Dlight | olur mu onlyvan | enyakin=- puan=0 sebep=ESLESME_YOK
[2026-09-21 19:32:06] Dlight | derin kosucu 2 veriyim mi | enyakin=- puan=0 sebep=ESLESME_YOK
[2026-09-21 19:32:53] benbenimsensen | gücün eziklere mi yetiyor | enyakin=- puan=0 sebep=ESLESME_YOK
[2026-09-21 19:33:21] Aransinh0 | kk benbenimsensen ayıp oluyo niye ezik diyon | enyakin=- puan=0 sebep=ESLESME_YOK
[2026-09-21 19:33:54] erdem_vvp | yawww beyler dünyaya nasıl girebilirim tekrar | enyakin=- puan=0 sebep=ESLESME_YOK
[2026-09-21 19:37:16] Hello4555 | [event cancelled]ne? | enyakin=- puan=0 sebep=ESLESME_YOK
[2026-09-21 19:37:33] sevo_16 | team olcok? | enyakin=takim puan=1 sebep=SINYAL_ZAYIF
[2026-09-21 19:38:24] Hello4555 | [event cancelled]emm bittimi? | enyakin=- puan=0 sebep=ESLESME_YOK
[2026-09-21 19:38:40] Dlight | zumrut alcak var mı | enyakin=- puan=0 sebep=ESLESME_YOK
[2026-09-21 19:40:18] ResSavage | nezaman ben vurabilcem | enyakin=- puan=0 sebep=ESLESME_YOK
[2026-09-21 19:40:25] Dlight | zumrutun var mı ramo | enyakin=- puan=0 sebep=ESLESME_YOK
[2026-09-21 19:40:57] Dlight | zumrut var mı | enyakin=- puan=0 sebep=ESLESME_YOK
[2026-09-21 19:41:00] Hello4555 | [event cancelled]ne? | enyakin=- puan=0 sebep=ESLESME_YOK
[2026-09-21 19:41:00] nohutkrali | bişi dicemde ilk defa sunucuya girdim amac ne? | enyakin=- puan=0 sebep=ESLESME_YOK
[2026-09-21 19:43:25] Clawwolf | ne yaptım kk? | enyakin=- puan=0 sebep=ESLESME_YOK
[2026-09-21 19:45:21] Ramazan6414 | claw diger spler nerde | enyakin=- puan=0 sebep=ESLESME_YOK
[2026-09-21 19:47:42] EnderLord2711 | admin kim | enyakin=- puan=0 sebep=ESLESME_YOK
[2026-09-21 19:48:08] EnderLord2711 | admin kim | enyakin=- puan=0 sebep=ESLESME_YOK
[2026-09-21 19:49:01] Aransinh0 | elma saten var mı | enyakin=- puan=0 sebep=ESLESME_YOK
[2026-09-21 19:49:55] Dlight | ne kadar vercen | enyakin=- puan=0 sebep=ESLESME_YOK
[2026-09-21 19:50:03] Dlight | 10 bin okey mi | enyakin=- puan=0 sebep=ESLESME_YOK
[2026-09-21 19:50:43] sevo_16 | team olcak? | enyakin=takim puan=1 sebep=SINYAL_ZAYIF
[2026-09-21 19:50:49] Aransinh0 | tm mı dlightü | enyakin=- puan=0 sebep=ESLESME_YOK
[2026-09-21 19:51:35] Dlight | ici bos mu | enyakin=- puan=0 sebep=ESLESME_YOK
[2026-09-21 19:54:43] Dlight | arklar netheriye kulcesi alcak var mı | enyakin=nether-gitme puan=1 sebep=SINYAL_ZAYIF
[2026-09-21 19:55:18] Dlight | parası cok olan kim vsr | enyakin=para-kazanma puan=1 sebep=SINYAL_ZAYIF
[2026-09-21 19:56:38] Hyper | ada ne zaman gelşir | enyakin=gokyuzu-etkinlik puan=1 sebep=SINYAL_ZAYIF
[2026-09-21 19:56:51] Dlight | netherite kuklcesi kac verirsin | enyakin=nether-gitme puan=1 sebep=SINYAL_ZAYIF
[2026-09-21 19:56:55] Hello4555 | Premisuly arkadaş olalımmı? | enyakin=- puan=0 sebep=ESLESME_YOK
[2026-09-21 19:58:45] Aransinh0 | ya sen altın elma mı normak elma mı satıyon | enyakin=- puan=0 sebep=ESLESME_YOK
[2026-09-21 20:00:01] topalcoo | bız nıye gıtmedık la | enyakin=- puan=0 sebep=ESLESME_YOK
[2026-09-21 20:01:27] BetaPro51 | ne kadar kazandırı 1 saat te primusly | enyakin=- puan=0 sebep=ESLESME_YOK
[2026-09-21 20:03:14] KemalGeliyorum_ | lobiye nasıl gidiliyor | enyakin=- puan=0 sebep=ESLESME_YOK
[2026-09-21 20:03:47] Hello4555 | tpa ma kabul et olurmu? | enyakin=isinlanma-istegi puan=1 sebep=SINYAL_ZAYIF
[2026-09-21 20:04:51] Aransinh0 | para atabilcek var mı | enyakin=para-kazanma puan=1 sebep=SINYAL_ZAYIF
[2026-09-21 20:05:37] Hello4555 | PrimsuLY lütfen tp mi kabul et | enyakin=isinlanma-istegi puan=1 sebep=SINYAL_ZAYIF
[2026-09-21 20:06:05] Dlight | OLMAZ MI | enyakin=- puan=0 sebep=ESLESME_YOK
[2026-09-21 20:06:38] Haliko | bataklıkta olan var mı | enyakin=- puan=0 sebep=ESLESME_YOK
[2026-09-21 20:07:28] AyiBogan064 | antik kalıntı mi satiyon | enyakin=- puan=0 sebep=ESLESME_YOK
[2026-09-21 20:07:36] Hello4555 | efendim? | enyakin=- puan=0 sebep=ESLESME_YOK
[2026-09-21 20:07:50] erdem_vvp | hello arkadaş olalım mı | enyakin=- puan=0 sebep=ESLESME_YOK
[2026-09-21 20:07:58] Dlight | aala sen alcan mı | enyakin=- puan=0 sebep=ESLESME_YOK
[2026-09-21 20:08:06] adala7 | 18 k olur mu | enyakin=- puan=0 sebep=ESLESME_YOK
[2026-09-21 20:08:34] Haliko | knk slime farmı yapsak daha hızlı olur mu | enyakin=en-iyi-farm puan=1 sebep=SINYAL_ZAYIF
[2026-09-21 20:09:05] Dlight | 21 k okey mi | enyakin=- puan=0 sebep=ESLESME_YOK
[2026-09-21 20:09:48] Dlight | 25 versen olmaz mı | enyakin=- puan=0 sebep=ESLESME_YOK
[2026-09-21 20:10:31] Dlight | kadox alcan mı | enyakin=- puan=0 sebep=ESLESME_YOK
[2026-09-21 20:11:03] ResSavage | event kasası nedir | enyakin=kasa puan=1 sebep=SINYAL_ZAYIF
[2026-09-21 20:11:08] erdem_vvp | event kasası açmama için ne yapmam lazim | enyakin=kasa puan=1 sebep=SINYAL_ZAYIF
[2026-09-21 20:11:14] oguzhan_MC_ | başlangıçda olan var mı | enyakin=- puan=0 sebep=ESLESME_YOK
[2026-09-21 20:13:02] ResSavage | event kasası nasıl açılır | enyakin=kasa puan=1 sebep=SINYAL_ZAYIF
[2026-09-21 20:16:32] PrimusLY | nasıl yardımcı olabilirim | enyakin=- puan=0 sebep=ESLESME_YOK
[2026-09-21 20:17:51] TahaKun | kri̇stal ney nasil elde edecezz | enyakin=- puan=0 sebep=ESLESME_YOK
[2026-09-21 20:17:57] oguzhan_MC_ | bana alkadaşlık edebilicek biri var mı | enyakin=- puan=0 sebep=ESLESME_YOK
[2026-09-21 20:20:16] Hello4555 | ne adayok? | enyakin=- puan=0 sebep=ESLESME_YOK
[2026-09-21 20:23:28] erdem_vvp | sende ne kadar para var | enyakin=para-kazanma puan=1 sebep=SINYAL_ZAYIF
[2026-09-21 20:25:33] erdem_vvp | olm biftek seni gördüm başka kimse denk gelmedi bana sana? | enyakin=site-paket puan=1 sebep=SINYAL_ZAYIF
[2026-09-21 20:27:57] memati_09876 | kendi dünyamdan nasıl çıkarım | enyakin=- puan=0 sebep=ESLESME_YOK
[2026-09-21 20:28:52] erdem_vvp | kime yaltircaz | enyakin=- puan=0 sebep=ESLESME_YOK
[2026-09-21 20:29:40] PrimusLY | kendi dünyan? | enyakin=- puan=0 sebep=ESLESME_YOK
[2026-09-21 20:30:01] Haliko | bataklıkta olan var mı | enyakin=- puan=0 sebep=ESLESME_YOK
[2026-09-21 20:32:15] Hello4555 | rehber gündüz yaparmısın? | enyakin=- puan=0 sebep=ESLESME_YOK
[2026-09-21 20:32:28] memati_09876 | kendi̇ dünymdan nasi çikicam | enyakin=- puan=0 sebep=ESLESME_YOK
[2026-09-21 20:33:09] PrimusLY | sarı top? | enyakin=- puan=0 sebep=ESLESME_YOK
[2026-09-21 20:33:21] apathyharbi | gencler ? okeymi | enyakin=- puan=0 sebep=ESLESME_YOK
[2026-09-21 20:33:59] Hello4555 | Sımırsız banmı? | enyakin=- puan=0 sebep=ESLESME_YOK
[2026-09-21 20:34:12] Dlight | kac gitti | enyakin=- puan=0 sebep=ESLESME_YOK
[2026-09-21 20:34:18] topalcoo | ne kadar para | enyakin=para-kazanma puan=1 sebep=SINYAL_ZAYIF
[2026-09-21 20:35:01] apathyharbi | gidicem yoksa gencler? | enyakin=- puan=0 sebep=ESLESME_YOK
[2026-09-21 20:39:27] oguzhan_MC_ | yemek sıkıntısı olan var mı bende beş sitek var | enyakin=site-kredi puan=1 sebep=SINYAL_ZAYIF
[2026-09-21 20:45:22] faksbunny | rehber çekilise katılmak istiyorum nasıl katılcam | enyakin=- puan=0 sebep=ESLESME_YOK
[2026-09-21 20:45:58] faksbunny | rehber dc den nasıl katılcam yani ne yapmam gerek | enyakin=- puan=0 sebep=ESLESME_YOK
[2026-09-21 20:46:51] faksbunny | etkinlik kanalı nerde youtubedemi | enyakin=yaris puan=1 sebep=SINYAL_ZAYIF
[2026-09-21 20:47:35] faksbunny | @admin etkinlik yeri iste neresi ben cok bilmiyom | enyakin=yaris puan=1 sebep=SINYAL_ZAYIF
[2026-09-21 20:50:13] DR_TK187 | neden rehber deilsin | enyakin=- puan=0 sebep=ESLESME_YOK
[2026-09-21 20:50:38] DR_TK187 | neden rehber deilsin | enyakin=- puan=0 sebep=ESLESME_YOK
[2026-09-21 20:50:46] DR_TK187 | neden rehber deyilsin | enyakin=- puan=0 sebep=ESLESME_YOK
[2026-09-21 20:52:14] DR_TK187 | neden rehber dwilsin | enyakin=- puan=0 sebep=ESLESME_YOK
[2026-09-21 20:55:01] malesss | nası koruma kapıcam | enyakin=- puan=0 sebep=ESLESME_YOK
[2026-09-21 20:55:14] benbenimsensen | acemi korumam bitti kim beni kesmek ister | enyakin=- puan=0 sebep=ESLESME_YOK
[2026-09-21 20:56:05] apathyharbi | setin varmı? DR_TK187 | enyakin=- puan=0 sebep=ESLESME_YOK
[2026-09-21 20:57:37] apathyharbi | DR_TK187 ecnden set varmı? | enyakin=- puan=0 sebep=ESLESME_YOK
[2026-09-21 20:58:05] benbenimsensen | kim baseine beni çekecek | enyakin=- puan=0 sebep=ESLESME_YOK
[2026-09-21 21:02:10] DR_TK187 | neden ya kesersen | enyakin=- puan=0 sebep=ESLESME_YOK
[2026-09-21 21:02:15] apathyharbi | DR_TK187 canım niye kesiyim | enyakin=- puan=0 sebep=ESLESME_YOK
[2026-09-21 21:02:24] apathyharbi | DR_TK187 niye kesiyim seni? | enyakin=- puan=0 sebep=ESLESME_YOK
[2026-09-21 21:02:32] maceswap | elmas kaç tane var | enyakin=- puan=0 sebep=ESLESME_YOK
[2026-09-21 21:02:42] faksbunny | rehber günlük ödül aldım ama gelmedi neden | enyakin=site-paket puan=1 sebep=SINYAL_ZAYIF
[2026-09-21 21:02:44] Haliko | nasıl sın | enyakin=- puan=0 sebep=ESLESME_YOK
[2026-09-21 21:02:51] benbenimsensen | sen nasıl sın | enyakin=- puan=0 sebep=ESLESME_YOK
[2026-09-21 21:02:57] DR_TK187 | neden net set giyiyom | enyakin=- puan=0 sebep=ESLESME_YOK
[2026-09-21 21:03:35] faksbunny | yok yok alınmadı diyodu aldım ama gelmedi neden se | enyakin=site-paket puan=1 sebep=SINYAL_ZAYIF
[2026-09-21 21:04:28] benbenimsensen | neden verdin ki | enyakin=- puan=0 sebep=ESLESME_YOK
[2026-09-21 21:04:36] benbenimsensen | samimiyetime mi güvendin | enyakin=- puan=0 sebep=ESLESME_YOK
[2026-09-21 21:04:48] maceswap | kaç tane var | enyakin=- puan=0 sebep=ESLESME_YOK
[2026-09-21 21:05:07] Eggyproc2 | nasi atacak | enyakin=- puan=0 sebep=ESLESME_YOK
[2026-09-21 21:05:24] maceswap | ne kadar | enyakin=- puan=0 sebep=ESLESME_YOK
[2026-09-21 21:05:28] benbenimsensen | ne kadara alırsın | enyakin=- puan=0 sebep=ESLESME_YOK
[2026-09-21 21:06:05] Haliko | kaç Sökmen var | enyakin=- puan=0 sebep=ESLESME_YOK
[2026-09-21 21:06:33] hsyn35 | kutay nasıl kabul etcem | enyakin=- puan=0 sebep=ESLESME_YOK
[2026-09-21 21:06:47] Eggyproc2 | nasi atacak.m | enyakin=- puan=0 sebep=ESLESME_YOK
[2026-09-21 21:08:18] benbenimsensen | izledin mi | enyakin=- puan=0 sebep=ESLESME_YOK
[2026-09-21 21:08:27] Eggyproc2 | nasi yapacak | enyakin=- puan=0 sebep=ESLESME_YOK
[2026-09-21 21:09:11] kerem | nereye gittin | enyakin=- puan=0 sebep=ESLESME_YOK
[2026-09-21 21:13:11] Eggyproc2 | nasil hangi komut | enyakin=menu puan=1 sebep=SINYAL_ZAYIF
[2026-09-21 21:13:27] prolaysgamer | Kısaltma? | enyakin=- puan=0 sebep=ESLESME_YOK
[2026-09-21 21:14:28] zazurt | beyler event kasasini nasil acicaz | enyakin=kasa puan=1 sebep=SINYAL_ZAYIF
[2026-09-21 21:14:40] AyiBogan064 | buldun mu | enyakin=- puan=0 sebep=ESLESME_YOK
[2026-09-21 21:16:47] Eggyproc2 | ya neden satmıyor | enyakin=- puan=0 sebep=ESLESME_YOK
[2026-09-21 21:18:23] Hello4555 | çalındı alkışlar? | enyakin=- puan=0 sebep=ESLESME_YOK
[2026-09-21 21:18:32] zazurt | rehber event kasasini nasil acicaz | enyakin=kasa puan=1 sebep=SINYAL_ZAYIF
[2026-09-21 21:20:46] benbenimsensen | yedin mi hiç samandağ biberi | enyakin=- puan=0 sebep=ESLESME_YOK
[2026-09-21 21:21:04] benbenimsensen | yedin mi hiç samandağ biberi | enyakin=- puan=0 sebep=ESLESME_YOK
[2026-09-21 21:25:47] Eggyproc2 | madden mi | enyakin=- puan=0 sebep=ESLESME_YOK
[2026-09-21 21:29:29] Ermenkesen61 | rehber kim | enyakin=- puan=0 sebep=ESLESME_YOK
[2026-09-21 21:31:00] Ermenkesen61 | aç olan mı | enyakin=- puan=0 sebep=ESLESME_YOK
[2026-09-21 21:32:08] benbenimsensen | dost mu oldunuz ne oldu | enyakin=- puan=0 sebep=ESLESME_YOK
[2026-09-21 21:32:55] benbenimsensen | niye birleştiniz siz üçünüz | enyakin=- puan=0 sebep=ESLESME_YOK
[2026-09-21 21:34:04] Hello4555 | REHBER en sevdiği şarkı n? | enyakin=- puan=0 sebep=ESLESME_YOK
[2026-09-21 21:34:42] Hello4555 | rehber en sevdiğin Şarkı ne? | enyakin=- puan=0 sebep=ESLESME_YOK
[2026-09-21 21:35:07] Hello4555 | Rehber en sevdiğin şarkı ne? | enyakin=- puan=0 sebep=ESLESME_YOK
[2026-09-21 21:36:37] Hello4555 | Rehbercim en sevdiğin müziğin adı ne söylermisin canım? | enyakin=- puan=0 sebep=ESLESME_YOK
[2026-09-21 21:38:36] Hello4555 | Rehber En sevdiğin şarkı neé? | enyakin=- puan=0 sebep=ESLESME_YOK
[2026-09-21 21:42:54] Hello4555 | Nereye gittin? | enyakin=- puan=0 sebep=ESLESME_YOK
[2026-09-21 21:45:10] AyiBogan064 | elmas setli zencileri kim çekti | enyakin=- puan=0 sebep=ESLESME_YOK
[2026-09-21 21:52:02] Clawwolf | abi attim kabul edermisin? | enyakin=- puan=0 sebep=ESLESME_YOK
[2026-09-21 21:52:41] Clawwolf | abi attim kabul edermisin? | enyakin=- puan=0 sebep=ESLESME_YOK
[2026-09-21 21:52:44] Clawwolf | abi attim kabul edermisin?? | enyakin=- puan=0 sebep=ESLESME_YOK
[2026-09-21 21:52:45] Clawwolf | abi attim kabul edermisin?? | enyakin=- puan=0 sebep=ESLESME_YOK
[2026-09-21 21:53:11] benbenimsensen | oradan elmas set aldım bir kişiye vereceğim kim ister | enyakin=- puan=0 sebep=ESLESME_YOK
[2026-09-21 21:53:26] Hello4555 | rehber tp atabilirmiim? | enyakin=isinlanma-istegi puan=1 sebep=SINYAL_ZAYIF
[2026-09-21 21:53:26] renksiz01 | bu sunucu neden bu kadar kucuk | enyakin=- puan=0 sebep=ESLESME_YOK
[2026-09-21 21:53:54] G0atsy | beyler bu smp de set home komudu var değil mi? | enyakin=ev-home puan=1 sebep=SINYAL_ZAYIF
[2026-09-21 21:54:42] benbenimsensen | inandın mı | enyakin=- puan=0 sebep=ESLESME_YOK
[2026-09-21 21:56:15] Hello4555 | Rehberim lütfen tp mi kabuledrmisin? | enyakin=isinlanma-istegi puan=1 sebep=SINYAL_ZAYIF
[2026-09-21 21:57:15] catrazeee | en hızlı para nasıl kasarım | enyakin=para-kazanma puan=1 sebep=SINYAL_ZAYIF
[2026-09-21 21:57:35] catrazeee | kamış ne kadar veriyo | enyakin=- puan=0 sebep=ESLESME_YOK
[2026-09-21 22:05:25] topalcoo | ne zaman cıkıcan, | enyakin=- puan=0 sebep=ESLESME_YOK
[2026-09-21 22:07:10] catrazeee | ne kadar lazım | enyakin=- puan=0 sebep=ESLESME_YOK
[2026-09-21 22:07:22] maceswap | ne kadar varsa | enyakin=- puan=0 sebep=ESLESME_YOK
[2026-09-21 22:07:29] catrazeee | ne kadara alıyon | enyakin=- puan=0 sebep=ESLESME_YOK
[2026-09-21 22:07:33] Alkimo | tanesi kaçtan alıyosun | enyakin=- puan=0 sebep=ESLESME_YOK
[2026-09-21 22:07:47] maceswap | ne kadar var | enyakin=- puan=0 sebep=ESLESME_YOK
[2026-09-21 22:13:21] Alkimo | en kolay para farmı nasıl | enyakin=para-kazanma puan=1 sebep=SINYAL_ZAYIF
[2026-09-21 22:13:50] HASANXBABA | rehber sandıkların yanına hangi komutla gidicez | enyakin=menu puan=1 sebep=SINYAL_ZAYIF
[2026-09-21 22:17:07] HASANXBABA | nasıl kasaların yanına giderim | enyakin=kasa puan=1 sebep=SINYAL_ZAYIF
[2026-09-21 22:17:27] kadoxpro35 | base yapim mi | enyakin=- puan=0 sebep=ESLESME_YOK
[2026-09-21 22:18:41] Clawwolf | mace abi bana güvenin arttımı hiç? merak ettim | enyakin=- puan=0 sebep=ESLESME_YOK
[2026-09-21 22:20:41] HASANXBABA | tpa atıcak varmı? | enyakin=isinlanma-istegi puan=1 sebep=SINYAL_ZAYIF
[2026-09-21 22:21:27] eymzn | kac ıstıyonuz ors lazım bana | enyakin=- puan=0 sebep=ESLESME_YOK
[2026-09-21 22:21:55] Alkimo | eymen ne kadar veriyosun | enyakin=- puan=0 sebep=ESLESME_YOK
[2026-09-21 22:22:16] Alkimo | 10k olur mu | enyakin=- puan=0 sebep=ESLESME_YOK
[2026-09-21 22:23:04] catrazeee | hacı hangi komutla satıyoduk | enyakin=menu puan=1 sebep=SINYAL_ZAYIF
[2026-09-21 22:30:59] eymzn | nası silcem kankı | enyakin=- puan=0 sebep=ESLESME_YOK
[2026-09-21 22:31:29] eymzn | zamanı ne zaman dolcak ashgdfas | enyakin=- puan=0 sebep=ESLESME_YOK
[2026-09-21 22:34:58] maceswap | ne kadar var | enyakin=- puan=0 sebep=ESLESME_YOK
[2026-09-21 22:35:40] Alkimo | yeni hesap nasıl açarım | enyakin=- puan=0 sebep=ESLESME_YOK
[2026-09-21 22:38:41] Omerpappa | kaç geriyon | enyakin=- puan=0 sebep=ESLESME_YOK
[2026-09-21 22:39:53] PrimusLY | ne kadara satarsın | enyakin=- puan=0 sebep=ESLESME_YOK
[2026-09-21 22:42:44] catrazeee | sizce ne kadar kasarım | enyakin=kasa puan=1 sebep=SINYAL_ZAYIF
[2026-09-21 22:43:17] Haliko | knk olak mı | enyakin=- puan=0 sebep=ESLESME_YOK
[2026-09-21 22:48:07] PrimusLY | halledebildin mi | enyakin=- puan=0 sebep=ESLESME_YOK
[2026-09-21 22:49:59] 06erenw06 | nerdedir acaba | enyakin=- puan=0 sebep=ESLESME_YOK
[2026-09-21 22:50:10] mimy_q | cherry biomunda olan varsa tp atabilir miyim? | enyakin=isinlanma-istegi puan=1 sebep=SINYAL_ZAYIF
[2026-09-21 22:50:36] adala7 | aktif rehber var mı | enyakin=- puan=0 sebep=ESLESME_YOK
[2026-09-21 22:50:54] adala7 | tpa gelmesini nasıl engelleyebilirim | enyakin=isinlanma-istegi puan=1 sebep=SINYAL_ZAYIF
[2026-09-21 22:51:06] Tachibana_Kanade | ortak olacak varmı ? | enyakin=- puan=0 sebep=ESLESME_YOK
[2026-09-21 22:52:45] mimy_q | karlı bölgeden çıkmak için birisine tp atabilir miyim??? | enyakin=isinlanma-istegi puan=1 sebep=SINYAL_ZAYIF
[2026-09-21 22:53:16] Tachibana_Kanade | Ortak olacak yok mu ya | enyakin=- puan=0 sebep=ESLESME_YOK
[2026-09-21 22:53:28] mimy_q | ben mı eymen | enyakin=- puan=0 sebep=ESLESME_YOK
[2026-09-21 22:53:56] Haliko | knk olak mı | enyakin=- puan=0 sebep=ESLESME_YOK
[2026-09-21 22:54:19] Haliko | knk bı ara slime kasak olur mu | enyakin=kasa puan=1 sebep=SINYAL_ZAYIF
[2026-09-21 22:54:32] catrazeee | primus bu neth ler ne kadar merak ettim | enyakin=- puan=0 sebep=ESLESME_YOK
[2026-09-21 22:54:55] HASANXBABA | yukarıya nasıl çıkıcaz | enyakin=- puan=0 sebep=ESLESME_YOK
[2026-09-21 22:55:41] Haliko | calısma masaj var mı | enyakin=- puan=0 sebep=ESLESME_YOK
[2026-09-21 22:57:20] catrazeee | primus pazardan nasıl alışveriş yapcam sağ tıklıyom bişi olmuyo | enyakin=pazaryeri puan=1 sebep=SINYAL_ZAYIF
[2026-09-21 22:59:11] catrazeee | hocam neth falan nerden alıncak | enyakin=- puan=0 sebep=ESLESME_YOK
[2026-09-21 23:00:05] PrimusLY | 11. görev nedir | enyakin=gunluk-gorev puan=1 sebep=SINYAL_ZAYIF
[2026-09-21 23:00:05] catrazeee | nasıl ya | enyakin=- puan=0 sebep=ESLESME_YOK
[2026-09-21 23:01:23] samirsamir2323 | abi nasil yapyimm | enyakin=- puan=0 sebep=ESLESME_YOK
[2026-09-21 23:03:39] mimy_q | nasıl ilana eşya koyuyoruz | enyakin=acik-artirma puan=1 sebep=SINYAL_ZAYIF
[2026-09-21 23:07:40] Hyper | ada ne zaman gelcek | enyakin=gokyuzu-etkinlik puan=1 sebep=SINYAL_ZAYIF
[2026-09-21 23:09:55] Tachibana_Kanade | ortak olacak varmı ? | enyakin=- puan=0 sebep=ESLESME_YOK
[2026-09-21 23:10:08] Arron1 | memati yalçınbulut olacak var mı | enyakin=- puan=0 sebep=ESLESME_YOK
[2026-09-21 23:14:13] Haliko | bataklıkta olan var mı | enyakin=- puan=0 sebep=ESLESME_YOK
[2026-09-21 23:15:24] Haliko | bataklıkta olan var mı | enyakin=- puan=0 sebep=ESLESME_YOK
[2026-09-21 23:15:26] Omerpappa | e post nasi ekleniyo | enyakin=- puan=0 sebep=ESLESME_YOK
[2026-09-21 23:15:34] catrazeee | beyler elytra için ende gidip mi almamız lazım satanlar varmı | enyakin=- puan=0 sebep=ESLESME_YOK
[2026-09-21 23:15:35] Tachibana_Kanade | ateş direnci olan varmı ? | enyakin=- puan=0 sebep=ESLESME_YOK
[2026-09-21 23:15:48] Omerpappa | nasi para kaşığı uz | enyakin=para-kazanma puan=1 sebep=SINYAL_ZAYIF
[2026-09-21 23:15:49] HASANXBABA | pvp atacak yer varmı? | enyakin=savas-etiketi puan=1 sebep=SINYAL_ZAYIF
[2026-09-21 23:15:49] Kadir | ben burdan nası cıkcam ormandan pvp alanından | enyakin=orman-gitme puan=1 sebep=SINYAL_ZAYIF
[2026-09-21 23:16:32] catrazeee | niye ahdan alıyolar | enyakin=- puan=0 sebep=ESLESME_YOK
[2026-09-21 23:19:23] HASANXBABA | ben senin tuzak olmadığına nasıl güvenicem | enyakin=- puan=0 sebep=ESLESME_YOK
[2026-09-21 23:19:35] catrazeee | beyler bataklık nerden bulurum | enyakin=- puan=0 sebep=ESLESME_YOK
[2026-09-21 23:26:00] WorkedNine2143 | beyler 800 tele cebe indirdik zurna dürüm solicem yemek isteyn? | enyakin=- puan=0 sebep=ESLESME_YOK
[2026-09-21 23:26:12] oguzhan_MC_ | fur demir zırh yapmak için kaç demir gerekiyo bilen var mı? | enyakin=- puan=0 sebep=ESLESME_YOK
[2026-09-21 23:26:56] Tachibana_Kanade | ortak olacak ? | enyakin=- puan=0 sebep=ESLESME_YOK
[2026-09-21 23:27:15] oguzhan_MC_ | fur demir zırh için kaç demir lazım bilen var mı? | enyakin=- puan=0 sebep=ESLESME_YOK
[2026-09-21 23:27:51] Tachibana_Kanade | hasan sen hilemisin ? | enyakin=sikayet puan=1 sebep=SINYAL_ZAYIF
[2026-09-21 23:28:04] HASANXBABA | niye vuramıyon | enyakin=- puan=0 sebep=ESLESME_YOK
[2026-09-21 23:29:03] oguzhan_MC_ | 64 kılıktaş satsam işini gölür mü | enyakin=- puan=0 sebep=ESLESME_YOK
[2026-09-21 23:29:38] HASANXBABA | nereye gittin | enyakin=- puan=0 sebep=ESLESME_YOK
[2026-09-21 23:34:03] WisdoM0 | kendi bölgemi nasıl belirliyorum yada var mı öle bişi | enyakin=- puan=0 sebep=ESLESME_YOK
[2026-09-21 23:37:24] oguzhan_MC_ | 41 kılık taş? | enyakin=- puan=0 sebep=ESLESME_YOK
[2026-09-21 23:38:44] Kyururuu | sende gelecen mi | enyakin=- puan=0 sebep=ESLESME_YOK
[2026-09-21 23:40:03] oguzhan_MC_ | çevlirmiş mi çevlirmemiş mi | enyakin=- puan=0 sebep=ESLESME_YOK
[2026-09-21 23:41:14] Alkimo | neden kestin? | enyakin=- puan=0 sebep=ESLESME_YOK
[2026-09-21 23:47:46] oguzhan_MC_ | elması olan var mı | enyakin=- puan=0 sebep=ESLESME_YOK
[2026-09-21 23:50:29] Tachibana_Kanade | ses gelecek varmı ? | enyakin=- puan=0 sebep=ESLESME_YOK
[2026-09-21 23:51:44] catrazeee | kim gidip slime arıcak ya | enyakin=- puan=0 sebep=ESLESME_YOK
[2026-09-21 23:52:35] Tachibana_Kanade | team olmak icin tp attım ? | enyakin=takim puan=1 sebep=SINYAL_ZAYIF
[2026-09-21 23:53:47] Tachibana_Kanade | catrazeee neden | enyakin=- puan=0 sebep=ESLESME_YOK
[2026-09-21 23:54:36] Tachibana_Kanade | catrazeee beraber kasılalım mı | enyakin=- puan=0 sebep=ESLESME_YOK
[2026-09-21 23:55:58] catrazeee | 5 ANTİK KALINTIYLA neden bilmediğin adama tp atıyon aw | enyakin=isinlanma-istegi puan=1 sebep=SINYAL_ZAYIF
[2026-09-21 23:56:16] Kyururuu | ben kalıntı mı almısım ben dur bi bakim | enyakin=- puan=0 sebep=ESLESME_YOK
[2026-09-22 00:06:32] catrazeee | niye evladım | enyakin=- puan=0 sebep=ESLESME_YOK
[2026-09-22 00:11:06] Alkimo | rehber online var mı | enyakin=- puan=0 sebep=ESLESME_YOK
[2026-09-22 00:12:46] akcadagg | biri gelirse diye mi | enyakin=para-kazanma puan=1 sebep=SINYAL_ZAYIF
[2026-09-22 00:13:11] Tachibana_Kanade | homeyi nasıl siliyoruz | enyakin=ev-home puan=1 sebep=SINYAL_ZAYIF
[2026-09-22 00:16:07] Alkimo | spawnda kütüphane var mı | enyakin=spawn-warp puan=1 sebep=SINYAL_ZAYIF
[2026-09-22 00:18:45] Tachibana_Kanade | bu sw neden aktiflik yok la | enyakin=- puan=0 sebep=ESLESME_YOK
[2026-09-22 00:19:59] akcadagg | gencolar bi kisiye basenin koordinatları vericem kim ister? ücretsiz | enyakin=- puan=0 sebep=ESLESME_YOK
[2026-09-22 00:21:50] Hyper | hangi biom | enyakin=- puan=0 sebep=ESLESME_YOK
[2026-09-22 00:26:08] akcadagg | shiftle durdum asagıda mı burda mı dogucan diye denedim | enyakin=- puan=0 sebep=ESLESME_YOK
[2026-09-22 00:36:08] akcadagg | gittin mi catrazeee | enyakin=- puan=0 sebep=ESLESME_YOK
[2026-09-22 00:40:21] Kyururuu | yay benim olsun mu .d | enyakin=- puan=0 sebep=ESLESME_YOK
[2026-09-22 00:45:01] akcadagg | nasıl abse | enyakin=- puan=0 sebep=ESLESME_YOK
[2026-09-22 00:55:41] akcadagg | ne kadar lazım | enyakin=- puan=0 sebep=ESLESME_YOK
[2026-09-22 00:56:51] akcadagg | güvenmiyon mu cidden la ayıp | enyakin=- puan=0 sebep=ESLESME_YOK
[2026-09-22 00:57:29] Kyururuu | pvp atak mı | enyakin=savas-etiketi puan=1 sebep=SINYAL_ZAYIF
[2026-09-22 00:57:55] akcadagg | kaleyi niye kırıyosunuz olm | enyakin=- puan=0 sebep=ESLESME_YOK
[2026-09-22 01:00:48] akcadagg | kıyamadın mı patlatıcılara | enyakin=- puan=0 sebep=ESLESME_YOK
[2026-09-22 01:05:16] akcadagg | neden netherite set giymiyosun | enyakin=nether-gitme puan=1 sebep=SINYAL_ZAYIF
[2026-09-22 01:05:31] Kyururuu | neden giyim? | enyakin=- puan=0 sebep=ESLESME_YOK
[2026-09-22 01:05:36] akcadagg | daha guclu degil mi | enyakin=- puan=0 sebep=ESLESME_YOK
[2026-09-22 01:10:35] Kyururuu | ben sana mı geldim? | enyakin=- puan=0 sebep=ESLESME_YOK
[2026-09-22 01:11:59] catrazeee | nasıl ya | enyakin=- puan=0 sebep=ESLESME_YOK
[2026-09-22 01:15:21] akcadagg | 3. basemi mi görmek istiyorsun | enyakin=- puan=0 sebep=ESLESME_YOK
[2026-09-22 01:16:45] Kyururuu | catrazeee atıcan mı? | enyakin=- puan=0 sebep=ESLESME_YOK
[2026-09-22 01:16:52] catrazeee | pf ipeksi nerden alcam ya | enyakin=- puan=0 sebep=ESLESME_YOK
[2026-09-22 01:17:36] Kyururuu | atıcan mı oan göre | enyakin=- puan=0 sebep=ESLESME_YOK
[2026-09-22 01:20:33] catrazeee | mı evcil olmayan | enyakin=- puan=0 sebep=ESLESME_YOK
[2026-09-22 01:29:55] akcadagg | kac tane lazım | enyakin=- puan=0 sebep=ESLESME_YOK
[2026-09-22 01:32:48] akcadagg | kabul etti mi | enyakin=- puan=0 sebep=ESLESME_YOK
[2026-09-22 01:33:54] akcadagg | yatak mı | enyakin=- puan=0 sebep=ESLESME_YOK
[2026-09-22 01:34:49] akcadagg | kaç tane verdi neth | enyakin=- puan=0 sebep=ESLESME_YOK
[2026-09-22 01:39:41] xali1 | ametis ne kadar eder çokmu azmı | enyakin=- puan=0 sebep=ESLESME_YOK
[2026-09-22 01:40:01] xali1 | tm ne kadar ki bende gördüm ama almamıştım | enyakin=- puan=0 sebep=ESLESME_YOK
[2026-09-22 04:25:22] MertErturk_ | gencolar dünyada sp bulunuyor mu | enyakin=- puan=0 sebep=ESLESME_YOK
[2026-09-22 04:48:11] xali1 | knk ben bu servede bida oynmacımda kim 50 elmas istiyor verim | enyakin=- puan=0 sebep=ESLESME_YOK
[2026-09-22 04:48:32] M_SPOWER2204 | mertle bolustur bizede niye oynamaktan | enyakin=- puan=0 sebep=ESLESME_YOK
[2026-09-22 04:50:26] MertErturk_ | verebilcen mi bi 10 dk | enyakin=- puan=0 sebep=ESLESME_YOK
[2026-09-22 04:50:45] MertErturk_ | kaç kuruş | enyakin=- puan=0 sebep=ESLESME_YOK
[2026-09-22 04:50:52] M_SPOWER2204 | kaç kurus var | enyakin=- puan=0 sebep=ESLESME_YOK
[2026-09-22 04:51:07] M_SPOWER2204 | kaç elmasin var | enyakin=- puan=0 sebep=ESLESME_YOK
[2026-09-22 04:51:15] M_SPOWER2204 | kaç elmasin var | enyakin=- puan=0 sebep=ESLESME_YOK
[2026-09-22 04:52:31] MertErturk_ | kime vercen 30 | enyakin=- puan=0 sebep=ESLESME_YOK
[2026-09-22 04:53:56] MertErturk_ | e nerde bascam ben bunu W:QE:QW:EQ | enyakin=- puan=0 sebep=ESLESME_YOK
[2026-09-22 04:54:42] MertErturk_ | haci nerde bulam örsü ben madende :D | enyakin=- puan=0 sebep=ESLESME_YOK
[2026-09-22 04:56:02] M_SPOWER2204 | ali bana neden vermion:( | enyakin=- puan=0 sebep=ESLESME_YOK
[2026-09-22 04:57:38] xali1 | niye iptal edildi | enyakin=- puan=0 sebep=ESLESME_YOK
[2026-09-22 06:20:10] Hamsi6363 | bir farm yapak mi | enyakin=en-iyi-farm puan=1 sebep=SINYAL_ZAYIF
[2026-09-22 06:24:55] Hamsi6363 | neden yakalıyor | enyakin=- puan=0 sebep=ESLESME_YOK
[2026-09-22 06:29:02] Hamsi6363 | neden beni hiç bir team almiyo | enyakin=takim puan=1 sebep=SINYAL_ZAYIF
[2026-09-22 06:32:05] Hamsi6363 | ben neden insan kiralayamiyom | enyakin=pazaryeri puan=1 sebep=SINYAL_ZAYIF
[2026-09-22 06:32:25] M_SPOWER2204 | nasi kiralion olm insan kiralamami var | enyakin=pazaryeri puan=1 sebep=SINYAL_ZAYIF
[2026-09-22 06:41:24] DR_TK187 | olm sadece siz mi varsınız | enyakin=- puan=0 sebep=ESLESME_YOK
[2026-09-22 08:40:56] cavad306 | tp kime ata bilirim | enyakin=isinlanma-istegi puan=1 sebep=SINYAL_ZAYIF
[2026-09-22 11:25:24] cavad306 | kral esya istiyon mu yardimlik | enyakin=- puan=0 sebep=ESLESME_YOK
[2026-09-22 11:25:44] cavad306 | esya vereyim mi | enyakin=- puan=0 sebep=ESLESME_YOK
[2026-09-22 11:26:08] cavad306 | nelerin var? | enyakin=- puan=0 sebep=ESLESME_YOK
[2026-09-22 11:30:27] cavad306 | sende niye rehber yok apatharbi | enyakin=- puan=0 sebep=ESLESME_YOK
[2026-09-22 11:32:50] apathyharbi | hangisinden istion | enyakin=- puan=0 sebep=ESLESME_YOK
[2026-09-22 11:33:43] apathyharbi | servetlimi ipeksilimi? | enyakin=- puan=0 sebep=ESLESME_YOK
[2026-09-22 11:33:49] cavad306 | hangisi iyi | enyakin=- puan=0 sebep=ESLESME_YOK
[2026-09-22 11:34:19] cavad306 | 90k varda olur mu | enyakin=- puan=0 sebep=ESLESME_YOK
[2026-09-22 11:43:22] Pxt1xn | kimse var mı? | enyakin=- puan=0 sebep=ESLESME_YOK
[2026-09-22 11:50:03] Pxt1xn | sunucu genel olarak aktif mi saatten dolayı mı? | enyakin=- puan=0 sebep=ESLESME_YOK
[2026-09-22 11:59:36] Aransinh0 | team mi, | enyakin=takim puan=1 sebep=SINYAL_ZAYIF
[2026-09-22 12:00:11] Pxt1xn | nasıl atıcam | enyakin=- puan=0 sebep=ESLESME_YOK
[2026-09-22 12:01:41] Pxt1xn | dc var mı? | enyakin=- puan=0 sebep=ESLESME_YOK
[2026-09-22 12:01:58] Pxt1xn | sv'de mi? | enyakin=- puan=0 sebep=ESLESME_YOK
[2026-09-22 12:02:06] Pxt1xn | nasıl açıcam? | enyakin=- puan=0 sebep=ESLESME_YOK
[2026-09-22 12:09:04] lonewolf | bu spm nin kurucusu kim | enyakin=- puan=0 sebep=ESLESME_YOK
[2026-09-22 13:20:20] Valentina186684 | hangi setler | enyakin=- puan=0 sebep=ESLESME_YOK
[2026-09-22 13:37:41] OnlyVan | sunucu nasıl gidecek Valentina186684 | enyakin=- puan=0 sebep=ESLESME_YOK
[2026-09-22 13:37:43] OnlyVan | sunucu nasıl gidecek Valentina186684 | enyakin=- puan=0 sebep=ESLESME_YOK
[2026-09-22 13:38:12] OnlyVan | sunucu nasıl gidecek | enyakin=- puan=0 sebep=ESLESME_YOK
[2026-09-22 13:39:26] OnlyVan | sunucu nasıl gidecekmiş | enyakin=- puan=0 sebep=ESLESME_YOK
[2026-09-22 13:40:12] OnlyVan | spawnı mı | enyakin=spawn-warp puan=1 sebep=SINYAL_ZAYIF
[2026-09-22 13:40:17] OnlyVan | ormanı mı | enyakin=orman-gitme puan=1 sebep=SINYAL_ZAYIF
[2026-09-22 13:46:42] OnlyVan | bak bakalım ben ne kadar ciddiyim | enyakin=- puan=0 sebep=ESLESME_YOK
[2026-09-22 14:09:15] samirsamir2323 | arkdaslar benimle arkdas olmak isdiyen var mi | enyakin=- puan=0 sebep=ESLESME_YOK
[2026-09-22 14:12:02] apathyharbi | kim 100k ister | enyakin=- puan=0 sebep=ESLESME_YOK
[2026-09-22 14:12:14] Aransinh0 | sen mi atcan | enyakin=- puan=0 sebep=ESLESME_YOK
[2026-09-22 14:28:26] doslble | su havda mızrak gıbı bırseyle nasıl ucuyoz | enyakin=- puan=0 sebep=ESLESME_YOK
[2026-09-22 14:38:35] Aransinh0 | base gezen var mı | enyakin=- puan=0 sebep=ESLESME_YOK
[2026-09-22 14:42:20] Aransinh0 | meşalen var mı | enyakin=- puan=0 sebep=ESLESME_YOK
[2026-09-22 14:42:44] Aransinh0 | team olak mı | enyakin=takim puan=1 sebep=SINYAL_ZAYIF
[2026-09-22 14:43:42] Aransinh0 | kitaplık var mı sende | enyakin=buyu-masasi puan=1 sebep=SINYAL_ZAYIF
[2026-09-22 14:44:17] Aransinh0 | nası bulcaz | enyakin=- puan=0 sebep=ESLESME_YOK
[2026-09-22 14:44:27] Aransinh0 | tahtan var mı | enyakin=- puan=0 sebep=ESLESME_YOK
[2026-09-22 14:46:01] catrazeee | nasıl iyimi bulurmuyum bu şekil | enyakin=- puan=0 sebep=ESLESME_YOK
[2026-09-22 14:46:42] catrazeee | neden ya | enyakin=- puan=0 sebep=ESLESME_YOK
[2026-09-22 14:51:07] samirsamir2323 | burda 9 tane bir seyi kiran buyu var mi | enyakin=buyu-masasi puan=1 sebep=SINYAL_ZAYIF
[2026-09-22 14:52:59] Dlight | onarım satın alcak var mı | enyakin=site-kredi puan=2 sebep=SINYAL_ZAYIF
[2026-09-22 14:53:02] kamran2 | kim benle tak;l;r | enyakin=- puan=0 sebep=ESLESME_YOK
[2026-09-22 14:53:20] Dlight | onarım alcak var mıı | enyakin=- puan=0 sebep=ESLESME_YOK
[2026-09-22 14:54:39] doslble | nıye attın tpa | enyakin=isinlanma-istegi puan=1 sebep=SINYAL_ZAYIF
[2026-09-22 14:54:48] Aransinh0 | kim attı | enyakin=- puan=0 sebep=ESLESME_YOK
[2026-09-22 14:56:41] Dlight | onarrım alcak var mı | enyakin=- puan=0 sebep=ESLESME_YOK
[2026-09-22 14:56:47] kamran2 | kesmersin dimi? | enyakin=- puan=0 sebep=ESLESME_YOK
[2026-09-22 15:01:16] Dlight | onarıma kac verirsin | enyakin=- puan=0 sebep=ESLESME_YOK
[2026-09-22 15:02:44] catrazeee | only van hocam elmasın eachı ne kadara satılır ahda | enyakin=- puan=0 sebep=ESLESME_YOK
[2026-09-22 15:03:01] catrazeee | toplam 64 artı 34 elmas var ne kadara gider | enyakin=- puan=0 sebep=ESLESME_YOK
[2026-09-22 15:03:37] Dlight | onarıma kac verirsin | enyakin=- puan=0 sebep=ESLESME_YOK
[2026-09-22 15:04:04] Dlight | kac verirsin tamir e | enyakin=- puan=0 sebep=ESLESME_YOK
[2026-09-22 15:04:15] kamran2 | benim takıma geliyonuzmu? | enyakin=takim puan=1 sebep=SINYAL_ZAYIF
[2026-09-22 15:06:24] Aransinh0 | haraket mi ettin | enyakin=- puan=0 sebep=ESLESME_YOK
[2026-09-22 15:08:17] Omerpappa | nasi lan aynısını yazdım iste | enyakin=- puan=0 sebep=ESLESME_YOK
[2026-09-22 15:15:57] doslble | geıyım mı | enyakin=- puan=0 sebep=ESLESME_YOK
[2026-09-22 15:20:20] kamran2 | bana lapis vermisiN? | enyakin=- puan=0 sebep=ESLESME_YOK
[2026-09-22 15:25:33] Aransinh0 | yemeği olan var mı | enyakin=- puan=0 sebep=ESLESME_YOK
[2026-09-22 15:26:25] Aransinh0 | var mı lapis | enyakin=- puan=0 sebep=ESLESME_YOK
[2026-09-22 15:34:34] Aransinh0 | kaç tane | enyakin=- puan=0 sebep=ESLESME_YOK
[2026-09-22 15:35:33] Aransinh0 | hyperi kim çekti | enyakin=- puan=0 sebep=ESLESME_YOK
[2026-09-22 15:35:40] catrazeee | mc1000 ne zaman başladın oyuna | enyakin=- puan=0 sebep=ESLESME_YOK
[2026-09-22 15:38:45] Aransinh0 | kim çekti o hyperi | enyakin=- puan=0 sebep=ESLESME_YOK
[2026-09-22 15:47:26] Aransinh0 | kim bizi m eşyaları net yapcaktı | enyakin=- puan=0 sebep=ESLESME_YOK
[2026-09-22 15:49:58] Aransinh0 | niye napcan netherite bas işte | enyakin=nether-gitme puan=1 sebep=SINYAL_ZAYIF
[2026-09-22 15:52:43] Aransinh0 | ya niye dalıyon | enyakin=- puan=0 sebep=ESLESME_YOK
[2026-09-22 15:53:50] AyiBogan064 | noldi kim tpa atti | enyakin=isinlanma-istegi puan=1 sebep=SINYAL_ZAYIF
[2026-09-22 15:54:47] kamran2 | knk olak mı? | enyakin=- puan=0 sebep=ESLESME_YOK
[2026-09-22 15:55:06] sevo_16 | ark olcak? | enyakin=- puan=0 sebep=ESLESME_YOK
[2026-09-22 15:56:50] sevo_16 | ark olcak? | enyakin=- puan=0 sebep=ESLESME_YOK
[2026-09-22 15:57:11] Hyper | netheritelşer nerde | enyakin=nether-gitme puan=1 sebep=SINYAL_ZAYIF
[2026-09-22 15:58:31] sevo_16 | senin teammı var? | enyakin=takim puan=1 sebep=SINYAL_ZAYIF
[2026-09-22 15:58:58] kamran2 | alayımı seni teama? | enyakin=takim puan=1 sebep=SINYAL_ZAYIF
[2026-09-22 15:59:24] sevo_16 | bekle kendi teamdan çikim (teAM ismi ne? | enyakin=takim puan=1 sebep=SINYAL_ZAYIF
[2026-09-22 15:59:51] sevo_16 | team ismi ne? | enyakin=takim puan=1 sebep=SINYAL_ZAYIF
[2026-09-22 16:01:37] sevo_16 | erkekler mi team ismi | enyakin=takim puan=1 sebep=SINYAL_ZAYIF
[2026-09-22 16:03:28] Selim0137 | örs satan? | enyakin=- puan=0 sebep=ESLESME_YOK
[2026-09-22 16:05:19] sevo_16 | ark olcak? | enyakin=- puan=0 sebep=ESLESME_YOK
[2026-09-22 16:05:53] adala7 | Onu hallede mi | enyakin=- puan=0 sebep=ESLESME_YOK
[2026-09-22 16:06:17] adala7 | kabul edem mi | enyakin=- puan=0 sebep=ESLESME_YOK
[2026-09-22 16:06:20] adala7 | kesem mi | enyakin=- puan=0 sebep=ESLESME_YOK
[2026-09-22 16:11:15] Selim0137 | örs sartan? | enyakin=- puan=0 sebep=ESLESME_YOK
[2026-09-22 16:15:17] AyiBogan064 | kesme tmm? | enyakin=- puan=0 sebep=ESLESME_YOK
[2026-09-22 16:16:22] samirsamir2323 | ark das olak mi | enyakin=- puan=0 sebep=ESLESME_YOK
[2026-09-22 16:17:03] sevo_16 | nerdesin? | enyakin=- puan=0 sebep=ESLESME_YOK
[2026-09-22 16:17:33] Selim0137 | örsü olan var mı | enyakin=- puan=0 sebep=ESLESME_YOK
[2026-09-22 16:19:23] Hatayli2239 | ne kadar | enyakin=- puan=0 sebep=ESLESME_YOK
[2026-09-22 16:20:33] samirsamir2323 | geldin mi dunyaya | enyakin=- puan=0 sebep=ESLESME_YOK
[2026-09-22 16:20:49] adala7 | beyin var mı sende | enyakin=- puan=0 sebep=ESLESME_YOK
[2026-09-22 16:23:27] catrazeee | nasıl mekan :D | enyakin=- puan=0 sebep=ESLESME_YOK
[2026-09-22 16:24:01] ptrckjane | tozluk ? | enyakin=- puan=0 sebep=ESLESME_YOK
[2026-09-22 16:25:18] apathyharbi | gencler niye küfürleşiosunuz? | enyakin=- puan=0 sebep=ESLESME_YOK
[2026-09-22 16:26:58] samirsamir2323 | geldin mi | enyakin=- puan=0 sebep=ESLESME_YOK
[2026-09-22 16:32:41] samirsamir2323 | oldrek mi | enyakin=- puan=0 sebep=ESLESME_YOK
[2026-09-22 16:36:59] Mustafa19032 | beyler bu yukarıdaki görevleri nasıl kaldirabiliriz | enyakin=gunluk-gorev puan=1 sebep=SINYAL_ZAYIF
[2026-09-22 16:39:43] MC1000 | laku pvp geliyon mu | enyakin=savas-etiketi puan=1 sebep=SINYAL_ZAYIF
[2026-09-22 16:42:40] Hyper | neden kanka | enyakin=- puan=0 sebep=ESLESME_YOK
[2026-09-22 16:50:32] apathyharbi | tam adı nedir | enyakin=- puan=0 sebep=ESLESME_YOK
[2026-09-22 16:51:30] Hyper | xlaku niye yemiyo | enyakin=- puan=0 sebep=ESLESME_YOK
[2026-09-22 16:54:38] MUSABASDAN1 | canı kaç | enyakin=- puan=0 sebep=ESLESME_YOK
[2026-09-22 16:59:32] ricardokun | this is a english server ??? | enyakin=- puan=0 sebep=ESLESME_YOK
[2026-09-22 17:05:56] kamran2 | nedr set verirmisn? | enyakin=- puan=0 sebep=ESLESME_YOK
[2026-09-22 17:06:38] sevo_16 | bitaensini atsana? | enyakin=- puan=0 sebep=ESLESME_YOK
[2026-09-22 17:06:59] Hyper | gürz nerde | enyakin=- puan=0 sebep=ESLESME_YOK
[2026-09-22 17:20:14] Alkimo | workbench komutu calısmıyor admin var mı | enyakin=menu puan=1 sebep=SINYAL_ZAYIF
[2026-09-22 17:20:52] s2ghamsi | sen neden kaldırdın kendını bukadar | enyakin=- puan=0 sebep=ESLESME_YOK
[2026-09-22 17:28:12] egemen1559 | ne mi veririm 7 k | enyakin=- puan=0 sebep=ESLESME_YOK
[2026-09-22 17:31:23] egemen1559 | kaç kere makro anlayıp banladik | enyakin=- puan=0 sebep=ESLESME_YOK
[2026-09-22 17:35:20] Alkimo | admin var mı | enyakin=- puan=0 sebep=ESLESME_YOK
[2026-09-22 17:41:58] catrazeee | musa 30klık kılıcın nerde .d | enyakin=- puan=0 sebep=ESLESME_YOK
[2026-09-22 17:45:58] venom_45 | mdoruk kim | enyakin=- puan=0 sebep=ESLESME_YOK
[2026-09-22 17:46:57] venom_45 | bu adam kim | enyakin=- puan=0 sebep=ESLESME_YOK
[2026-09-22 17:47:01] venom_45 | mdoruk mu | enyakin=- puan=0 sebep=ESLESME_YOK
[2026-09-22 17:53:58] Hatayli2239 | kaç tane veren | enyakin=- puan=0 sebep=ESLESME_YOK
[2026-09-22 17:54:06] JakeMonkey5749 | kaç tane istiyon | enyakin=- puan=0 sebep=ESLESME_YOK
[2026-09-22 17:54:23] JakeMonkey5749 | iki taneyi 79 K mi vercen | enyakin=- puan=0 sebep=ESLESME_YOK
[2026-09-22 17:57:07] DR_TK187 | neden ihtiyaç olcak | enyakin=- puan=0 sebep=ESLESME_YOK
[2026-09-22 17:57:12] Tachibana_Kanade | team olacak varmı ? | enyakin=takim puan=1 sebep=SINYAL_ZAYIF
[2026-09-22 17:57:20] apathyharbi | niye atılıyım? | enyakin=- puan=0 sebep=ESLESME_YOK
[2026-09-22 17:57:30] DR_TK187 | set niçin lazıma bi | enyakin=- puan=0 sebep=ESLESME_YOK
[2026-09-22 17:57:46] Anume4613 | aynı isimle javadan girince niye kendi heabıma gecmedim ben | enyakin=- puan=0 sebep=ESLESME_YOK
[2026-09-22 18:00:37] Clawwolf | ramazan nerde | enyakin=- puan=0 sebep=ESLESME_YOK
[2026-09-22 18:00:47] DR_TK187 | apthyyy ya nereye gidioz | enyakin=- puan=0 sebep=ESLESME_YOK
[2026-09-22 18:00:58] Clawwolf | ramazan nerde adam | enyakin=- puan=0 sebep=ESLESME_YOK
[2026-09-22 18:01:45] RivalWheel8582 | claw niye seni öldürürüm diyeni | enyakin=- puan=0 sebep=ESLESME_YOK
[2026-09-22 18:02:31] Clawwolf | cata tp at gel hadi kim kimi yerse | enyakin=isinlanma-istegi puan=1 sebep=SINYAL_ZAYIF
[2026-09-22 18:02:33] Clawwolf | cata tp at gel hadi kim kimi yerse | enyakin=isinlanma-istegi puan=1 sebep=SINYAL_ZAYIF
[2026-09-22 18:02:34] Clawwolf | cata tp at gel hadi kim kimi yerse | enyakin=isinlanma-istegi puan=1 sebep=SINYAL_ZAYIF
[2026-09-22 18:04:53] mdoruk | birine nasıl para atarım | enyakin=para-kazanma puan=1 sebep=SINYAL_ZAYIF
[2026-09-22 18:15:59] DR_TK187 | neden ya | enyakin=- puan=0 sebep=ESLESME_YOK
[2026-09-22 18:18:02] JakeMonkey5749 | niye seni yatırırım diyemi | enyakin=- puan=0 sebep=ESLESME_YOK
[2026-09-22 18:20:49] xLaku | nası gitti | enyakin=- puan=0 sebep=ESLESME_YOK
[2026-09-22 18:23:09] RivalWheel8582 | mert niye artislik yapiyom gel | enyakin=- puan=0 sebep=ESLESME_YOK
[2026-09-22 18:24:01] RivalWheel8582 | yo niye sen gel | enyakin=- puan=0 sebep=ESLESME_YOK
[2026-09-22 18:24:09] Ramazan6414 | aga sezon bitince sşyalar sıfırlanıyor muuuuuuuuu | enyakin=- puan=0 sebep=ESLESME_YOK
[2026-09-22 18:24:13] Alkimo | admin online mi | enyakin=- puan=0 sebep=ESLESME_YOK
[2026-09-22 18:25:21] JakeMonkey5749 | team olak mi | enyakin=takim puan=1 sebep=SINYAL_ZAYIF
[2026-09-22 18:29:52] faksbunny | bana versin olm sana niye veriyo | enyakin=- puan=0 sebep=ESLESME_YOK
[2026-09-22 18:30:20] DR_TK187 | lan neden kesioon | enyakin=- puan=0 sebep=ESLESME_YOK
[2026-09-22 18:34:59] JakeMonkey5749 | claw mert nereye kayboldunuz | enyakin=- puan=0 sebep=ESLESME_YOK
[2026-09-22 18:35:16] Clawwolf | mert nerde | enyakin=- puan=0 sebep=ESLESME_YOK
[2026-09-22 18:35:29] Ramazan6414 | catrazeee? | enyakin=- puan=0 sebep=ESLESME_YOK
[2026-09-22 18:37:01] ptrckjane | bana yün satabilecek olan ? | enyakin=- puan=0 sebep=ESLESME_YOK
[2026-09-22 18:37:08] JakeMonkey5749 | nereye kayboldunuz | enyakin=- puan=0 sebep=ESLESME_YOK
[2026-09-22 18:39:06] RivalWheel8582 | bukadar niye korktun adam çağırdın | enyakin=- puan=0 sebep=ESLESME_YOK
[2026-09-22 18:40:12] RivalWheel8582 | sende Kyrui seni kaç defa öldürdüm 5 bizi fln hala akillanmadin | enyakin=- puan=0 sebep=ESLESME_YOK
[2026-09-22 18:40:20] apathyharbi | hatrick kim la | enyakin=- puan=0 sebep=ESLESME_YOK
[2026-09-22 18:42:16] Hello4555 | Vıp mıyım? | enyakin=vip-rutbe puan=1 sebep=SINYAL_ZAYIF
[2026-09-22 18:42:23] catrazeee | niye verem | enyakin=- puan=0 sebep=ESLESME_YOK
[2026-09-22 18:42:50] Hello4555 | bişey dicem admin VIPnası olucam? | enyakin=- puan=0 sebep=ESLESME_YOK
[2026-09-22 18:43:14] TriggerDarex | apathy sanki senin rehberliğin vardı yanlıs mı hatırlıyorum | enyakin=- puan=0 sebep=ESLESME_YOK
[2026-09-22 18:45:19] RivalWheel8582 | gel hadi niye gelmiyon | enyakin=- puan=0 sebep=ESLESME_YOK
[2026-09-22 18:46:08] RivalWheel8582 | claw niye gelmiyorsun | enyakin=- puan=0 sebep=ESLESME_YOK
[2026-09-22 18:46:15] adala7 | suncuda cami var mı | enyakin=- puan=0 sebep=ESLESME_YOK
[2026-09-22 18:46:47] RivalWheel8582 | niye gel seni oldurcem yumrukla | enyakin=- puan=0 sebep=ESLESME_YOK
[2026-09-22 18:47:06] Hello4555 | Rastgele IP söyleyimmi? | enyakin=rtp puan=1 sebep=SINYAL_ZAYIF
[2026-09-22 18:48:48] apathyharbi | oglusum nerde | enyakin=- puan=0 sebep=ESLESME_YOK
[2026-09-22 18:51:48] catrazeee | napayım aw nasıl kaçmıyım | enyakin=- puan=0 sebep=ESLESME_YOK
[2026-09-22 18:53:33] Haliko | catrazeee knk kaç ka atam | enyakin=- puan=0 sebep=ESLESME_YOK
[2026-09-22 18:53:43] catrazeee | nasıl haliko | enyakin=- puan=0 sebep=ESLESME_YOK
[2026-09-22 18:53:55] Haliko | kaç binlira istiyon | enyakin=- puan=0 sebep=ESLESME_YOK
[2026-09-22 18:54:10] catrazeee | valla kral ne kadar atarsan | enyakin=- puan=0 sebep=ESLESME_YOK
[2026-09-22 18:55:55] s2ghamsi | homeyı nasıl sılıyzo | enyakin=ev-home puan=1 sebep=SINYAL_ZAYIF
[2026-09-22 18:56:24] RivalWheel8582 | claw apat gelsin eşit şart vs kim alıyor görelim birde ben mobilim | enyakin=- puan=0 sebep=ESLESME_YOK
[2026-09-22 18:56:59] RivalWheel8582 | claw ağlama kimse seni sevmiyor çünkü adamlık nedir bilmiyon | enyakin=- puan=0 sebep=ESLESME_YOK
[2026-09-22 18:58:32] ptrckjane | kim elmas ister | enyakin=- puan=0 sebep=ESLESME_YOK
[2026-09-22 18:59:48] ptrckjane | kim benle ark olur ? | enyakin=- puan=0 sebep=ESLESME_YOK
[2026-09-22 19:00:50] ghlex | acemi koruma nası açılıyo | enyakin=- puan=0 sebep=ESLESME_YOK
[2026-09-22 19:00:52] ptrckjane | benimle ark olurmusunuz ? ) | enyakin=- puan=0 sebep=ESLESME_YOK
[2026-09-22 19:01:32] JakeMonkey5749 | nasi oldurdum | enyakin=- puan=0 sebep=ESLESME_YOK
[2026-09-22 19:01:34] RivalWheel8582 | Jake knk niye öldürdün | enyakin=- puan=0 sebep=ESLESME_YOK
[2026-09-22 19:02:04] RivalWheel8582 | niye öldürdün | enyakin=- puan=0 sebep=ESLESME_YOK
[2026-09-22 19:02:09] cavad306 | bene 2.5k kim ata bilir | enyakin=- puan=0 sebep=ESLESME_YOK
[2026-09-22 19:03:19] ptrckjane | niye öldürdün ki | enyakin=- puan=0 sebep=ESLESME_YOK
[2026-09-22 19:08:56] ptrckjane | ben mi̇ topum | enyakin=- puan=0 sebep=ESLESME_YOK
[2026-09-22 19:18:55] M_SPOWER2204 | ne kadar lazım | enyakin=- puan=0 sebep=ESLESME_YOK
[2026-09-22 19:19:45] cumbaca | açık alan vs trap mi diyon | enyakin=- puan=0 sebep=ESLESME_YOK
[2026-09-22 19:21:35] ptrckjane | nasıl kk | enyakin=- puan=0 sebep=ESLESME_YOK
[2026-09-22 19:23:12] ptrckjane | kk maden yapak mi | enyakin=- puan=0 sebep=ESLESME_YOK
[2026-09-22 19:24:11] TriggerDarex | dengin yok mu kotu musun | enyakin=- puan=0 sebep=ESLESME_YOK
[2026-09-22 19:26:41] JustDoDucky | bişey dicem doğal oluşmuş blaze spawnırı var nası alcam | enyakin=spawn-warp puan=1 sebep=SINYAL_ZAYIF
[2026-09-22 19:28:36] Haliko | knk odun var mı | enyakin=- puan=0 sebep=ESLESME_YOK
[2026-09-22 19:33:00] Eggyproc2 | 16 elmass?! | enyakin=- puan=0 sebep=ESLESME_YOK
[2026-09-22 19:34:33] algomii4649 | dr ark olak mi | enyakin=- puan=0 sebep=ESLESME_YOK
[2026-09-22 19:36:08] RivalWheel8582 | eggy catrazeye mi gelmek istiyorsun | enyakin=- puan=0 sebep=ESLESME_YOK
[2026-09-22 19:37:07] algomii4649 | yok knk ark olak mi | enyakin=- puan=0 sebep=ESLESME_YOK
[2026-09-22 19:37:20] AyiBogan064 | catrazee bana taktın mi | enyakin=- puan=0 sebep=ESLESME_YOK
[2026-09-22 19:38:16] AyiBogan064 | cadraze kescen mi | enyakin=- puan=0 sebep=ESLESME_YOK
[2026-09-22 19:38:26] AyiBogan064 | kescen mi | enyakin=- puan=0 sebep=ESLESME_YOK
[2026-09-22 19:39:08] maceswap | hangi küfürü ettin msgden yazarmısın | enyakin=- puan=0 sebep=ESLESME_YOK
[2026-09-22 19:40:20] Eggyproc2 | aka nasil geri gelecek | enyakin=- puan=0 sebep=ESLESME_YOK
[2026-09-22 19:41:02] ghlex | beyelr acemi koruamsı nasıl kapnacak | enyakin=- puan=0 sebep=ESLESME_YOK
[2026-09-22 19:42:47] Hello4555 | rehber sana tp olabilirmiyim? | enyakin=isinlanma-istegi puan=1 sebep=SINYAL_ZAYIF
[2026-09-22 19:44:31] zazurt | rehber nasil lobiue gidcez | enyakin=- puan=0 sebep=ESLESME_YOK
[2026-09-22 19:45:21] Haliko | omer_123_066 knk olak mı | enyakin=- puan=0 sebep=ESLESME_YOK
[2026-09-22 19:48:08] TriggerDarex | senden buyuk rehber mi var babus | enyakin=buyu-masasi puan=1 sebep=SINYAL_ZAYIF
[2026-09-22 19:49:46] RivalWheel8582 | macespawn trap nasıl yapım eşya yok | enyakin=- puan=0 sebep=ESLESME_YOK
[2026-09-22 19:51:05] catrazeee | la mace ye neden trap denedin ıeasop232qewas | enyakin=- puan=0 sebep=ESLESME_YOK
[2026-09-22 19:51:42] TriggerDarex | yani rival sonra 2 gun once diyodun niye kimse beni sevmiyo diye sen onuda hatırlamazsın ya :) | enyakin=- puan=0 sebep=ESLESME_YOK
[2026-09-22 19:52:03] RivalWheel8582 | claw vallaha diyorum nasıl yalan soylim | enyakin=- puan=0 sebep=ESLESME_YOK
[2026-09-22 19:52:14] Haliko | oguzhan_MC_ knk olak mı | enyakin=- puan=0 sebep=ESLESME_YOK
[2026-09-22 19:52:15] AyiBogan064 | satıyon mu | enyakin=- puan=0 sebep=ESLESME_YOK
[2026-09-22 19:52:27] cavad306 | 50k ya kim ne verirler | enyakin=- puan=0 sebep=ESLESME_YOK
[2026-09-22 19:54:15] zazurt | kuvarsi niye pisilirsin JSJSJSJSJSJ | enyakin=- puan=0 sebep=ESLESME_YOK
[2026-09-22 19:55:32] TriggerDarex | harbi ya dagdan mi geldiniz | enyakin=- puan=0 sebep=ESLESME_YOK
[2026-09-22 19:56:10] TriggerDarex | ciddili mi diyosun bunu | enyakin=- puan=0 sebep=ESLESME_YOK
[2026-09-22 19:59:25] cavad306 | zumrut blck istiyon mu | enyakin=- puan=0 sebep=ESLESME_YOK
[2026-09-22 19:59:43] maceswap | neden küfür ettin _ | enyakin=- puan=0 sebep=ESLESME_YOK
[2026-09-22 20:00:36] cavad306 | lan adamlik mi yaptin | enyakin=- puan=0 sebep=ESLESME_YOK
[2026-09-22 20:00:47] Eggyproc2 | cavad trade? | enyakin=- puan=0 sebep=ESLESME_YOK
[2026-09-22 20:00:49] cavad306 | lan adamlik mi | enyakin=- puan=0 sebep=ESLESME_YOK
[2026-09-22 20:01:30] M_SPOWER2204 | apat rehberlik nerde | enyakin=- puan=0 sebep=ESLESME_YOK
[2026-09-22 20:04:04] samirsamir2323 | kim nedirayta elitra veriri | enyakin=- puan=0 sebep=ESLESME_YOK
[2026-09-22 20:04:13] RivalWheel8582 | ama basedeyim nasıl gelcem ev gider | enyakin=- puan=0 sebep=ESLESME_YOK
[2026-09-22 20:06:10] OverLord | mace kac rehber vad swde | enyakin=- puan=0 sebep=ESLESME_YOK
[2026-09-22 20:06:25] OverLord | apathy neden cıktın | enyakin=- puan=0 sebep=ESLESME_YOK
[2026-09-22 20:06:37] catrazeee | melcan kim | enyakin=- puan=0 sebep=ESLESME_YOK
[2026-09-22 20:07:09] catrazeee | melcan kim | enyakin=- puan=0 sebep=ESLESME_YOK
[2026-09-22 20:07:54] Antrix1807 | över mi geldi hg | enyakin=- puan=0 sebep=ESLESME_YOK
[2026-09-22 20:08:45] apathyharbi | girmiorsun oyuna nedennn | enyakin=- puan=0 sebep=ESLESME_YOK
[2026-09-22 20:08:53] cavad306 | sana hediye vereyim mi | enyakin=- puan=0 sebep=ESLESME_YOK
[2026-09-22 20:09:47] GainedSine97723 | istifa mi ettin abi | enyakin=- puan=0 sebep=ESLESME_YOK
[2026-09-22 20:12:27] samirsamir2323 | kim nedirayta elitra verir | enyakin=- puan=0 sebep=ESLESME_YOK
[2026-09-22 20:15:49] Hyper | neden tuzak kuruyosun insanlarea | enyakin=- puan=0 sebep=ESLESME_YOK
[2026-09-22 20:16:02] Alkimo | workbench komutu calısmıyor neden biliyor musun | enyakin=menu puan=1 sebep=SINYAL_ZAYIF
[2026-09-22 20:16:40] TriggerDarex | kufur edince kac saat mute yiyoruz | enyakin=- puan=0 sebep=ESLESME_YOK
[2026-09-22 20:17:01] TriggerDarex | kufur edince kac saat mute | enyakin=- puan=0 sebep=ESLESME_YOK
[2026-09-22 20:20:42] Eggyproc2 | nasil event açacağım ya | enyakin=- puan=0 sebep=ESLESME_YOK
[2026-09-22 20:21:20] cavad306 | kac k verirsin | enyakin=- puan=0 sebep=ESLESME_YOK
[2026-09-22 20:22:03] zazurt | beyler diğer kasalari nasil alcaz | enyakin=kasa puan=1 sebep=SINYAL_ZAYIF
[2026-09-22 20:22:24] GainedSine97723 | hepsinin üstünde nasil alınacağı yaziyor | enyakin=- puan=0 sebep=ESLESME_YOK
[2026-09-22 20:22:28] cavad306 | kac k veririsin | enyakin=- puan=0 sebep=ESLESME_YOK
[2026-09-22 20:22:31] zeze7 | antrix niye kabul etmiyon | enyakin=- puan=0 sebep=ESLESME_YOK
[2026-09-22 20:24:58] Eggyproc2 | kac saniyede gelir | enyakin=para-kazanma puan=1 sebep=SINYAL_ZAYIF
[2026-09-22 20:31:43] Vnlen | günlük odul nasıl alınıyo | enyakin=- puan=0 sebep=ESLESME_YOK
[2026-09-22 20:32:39] maceswap | kaç tane var | enyakin=- puan=0 sebep=ESLESME_YOK
[2026-09-22 20:37:39] TriggerDarex | sunucunun ağası kim bu arada | enyakin=- puan=0 sebep=ESLESME_YOK
[2026-09-22 20:39:14] cavad306 | sa base e gelcen mi | enyakin=- puan=0 sebep=ESLESME_YOK
[2026-09-22 20:39:53] OnlyVan | DR_TK187 buyrun? | enyakin=- puan=0 sebep=ESLESME_YOK
[2026-09-22 20:40:18] cavad306 | esdar ha kafasi deyerli mi | enyakin=- puan=0 sebep=ESLESME_YOK
[2026-09-22 20:40:46] DR_TK187 | banlican mııı yksa banlamican kalimmi | enyakin=- puan=0 sebep=ESLESME_YOK
[2026-09-22 20:41:07] cavad306 | bu kafam dkai deyer li mi | enyakin=- puan=0 sebep=ESLESME_YOK
[2026-09-22 20:42:12] cavad306 | trade atiyim mi | enyakin=- puan=0 sebep=ESLESME_YOK
[2026-09-22 20:43:00] cavad306 | tamam mi | enyakin=- puan=0 sebep=ESLESME_YOK
[2026-09-22 20:43:03] DR_TK187 | nasi kşmim | enyakin=- puan=0 sebep=ESLESME_YOK
[2026-09-22 20:46:29] kadoxpro35 | ark olcak var mi | enyakin=- puan=0 sebep=ESLESME_YOK
[2026-09-22 20:47:10] DR_TK187 | ya Allah aşkına nasi tespit edionuz | enyakin=- puan=0 sebep=ESLESME_YOK
[2026-09-22 20:47:18] samirsamir2323 | takim olak mi | enyakin=takim puan=1 sebep=SINYAL_ZAYIF
[2026-09-22 20:47:21] adala7 | Ali yine tpa mı atılar | enyakin=isinlanma-istegi puan=1 sebep=SINYAL_ZAYIF
[2026-09-22 20:47:51] kadoxpro35 | para mi kasiyon | enyakin=para-kazanma puan=1 sebep=SINYAL_ZAYIF
[2026-09-22 20:53:26] MAMI2744 | ben nasıl kasılcam | enyakin=- puan=0 sebep=ESLESME_YOK
[2026-09-22 20:53:41] samirsamir2323 | takim olak mi | enyakin=takim puan=1 sebep=SINYAL_ZAYIF
[2026-09-22 20:54:23] MAMI2744 | mace swap sen sunucuyu biliyon gibi bilgi versene ben nasıl kasılcam | enyakin=- puan=0 sebep=ESLESME_YOK
[2026-09-22 20:55:37] Alkimo | sugar cane yanında durmayınca büyümüyor mu | enyakin=buyu-masasi puan=1 sebep=SINYAL_ZAYIF
[2026-09-22 20:56:22] maceswap | nasıl anladın ya | enyakin=- puan=0 sebep=ESLESME_YOK
[2026-09-22 20:57:24] Clawwolf | nası kit | enyakin=kit puan=1 sebep=SINYAL_ZAYIF
[2026-09-22 20:58:13] Clawwolf | hediyemi bana? | enyakin=- puan=0 sebep=ESLESME_YOK
[2026-09-22 20:58:59] Clawwolf | totem attın? | enyakin=- puan=0 sebep=ESLESME_YOK
[2026-09-22 21:00:33] kadoxpro35 | ark olcak var mi | enyakin=- puan=0 sebep=ESLESME_YOK
[2026-09-22 21:00:49] samirsamir2323 | devam mi | enyakin=- puan=0 sebep=ESLESME_YOK
[2026-09-22 21:01:17] AyiBogan064 | devam mi bırakan mi | enyakin=- puan=0 sebep=ESLESME_YOK
[2026-09-22 21:01:52] samirsamir2323 | devam mi kk | enyakin=- puan=0 sebep=ESLESME_YOK
[2026-09-22 21:02:41] HASANXBABA | maden yapak mı? | enyakin=- puan=0 sebep=ESLESME_YOK
[2026-09-22 21:02:52] samirsamir2323 | kim gelecek | enyakin=- puan=0 sebep=ESLESME_YOK
[2026-09-22 21:03:26] catrazeee | nasıl oluyo | enyakin=- puan=0 sebep=ESLESME_YOK
[2026-09-22 21:03:31] AyiBogan064 | ark ekleyen mi | enyakin=- puan=0 sebep=ESLESME_YOK
[2026-09-22 21:04:12] samirsamir2323 | sana nasil isdek atyim | enyakin=- puan=0 sebep=ESLESME_YOK
[2026-09-22 21:04:13] MXsertre | knk event kasai nasil açabi̇li̇ri̇m, | enyakin=kasa puan=1 sebep=SINYAL_ZAYIF
[2026-09-22 21:04:53] samirsamir2323 | base yapak mi | enyakin=- puan=0 sebep=ESLESME_YOK
[2026-09-22 21:05:20] adala7 | Bu oyunda Java mantığı mı var | enyakin=- puan=0 sebep=ESLESME_YOK
[2026-09-22 21:05:26] RivalWheel8582 | catraze nereye gittin | enyakin=- puan=0 sebep=ESLESME_YOK
[2026-09-22 21:05:34] AyiBogan064 | 380k olur mu | enyakin=- puan=0 sebep=ESLESME_YOK
[2026-09-22 21:05:56] Atakanbaha | Kurucu Siteden aldım Günlük kasayı ama gelmedi neden? | enyakin=kasa puan=1 sebep=SINYAL_ZAYIF
[2026-09-22 21:08:50] adala7 | ikiniz mi yaptınız | enyakin=- puan=0 sebep=ESLESME_YOK
[2026-09-22 21:09:21] samirsamir2323 | kardes mi siniz | enyakin=- puan=0 sebep=ESLESME_YOK
[2026-09-22 21:10:24] maceswap | ne kadar var | enyakin=- puan=0 sebep=ESLESME_YOK
[2026-09-22 21:10:39] samirsamir2323 | nereye yapak | enyakin=- puan=0 sebep=ESLESME_YOK
[2026-09-22 21:12:57] samirsamir2323 | girek mi | enyakin=- puan=0 sebep=ESLESME_YOK
[2026-09-22 21:13:01] egemen1559 | nereye bascam | enyakin=- puan=0 sebep=ESLESME_YOK
[2026-09-22 21:15:12] Antrix1807 | setle mi gelim kk | enyakin=- puan=0 sebep=ESLESME_YOK
[2026-09-22 21:16:42] AyiBogan064 | girdi mi | enyakin=- puan=0 sebep=ESLESME_YOK
[2026-09-22 21:18:34] samirsamir2323 | nasil kabul edyim | enyakin=- puan=0 sebep=ESLESME_YOK
[2026-09-22 21:21:11] adala7 | benlik bişey var mı | enyakin=- puan=0 sebep=ESLESME_YOK
[2026-09-22 21:22:09] catrazeee | nasıl k ırabiliyomı | enyakin=- puan=0 sebep=ESLESME_YOK
[2026-09-22 21:24:00] VortexAyaz | oyunculara özel kit varmı? | enyakin=kit puan=1 sebep=SINYAL_ZAYIF
[2026-09-22 21:24:03] AyiBogan064 | yaş kaç Samir | enyakin=- puan=0 sebep=ESLESME_YOK
[2026-09-22 21:25:39] VortexAyaz | mace abi kendi takımımı nasıl oluştururum ve bedava mı | enyakin=takim puan=1 sebep=SINYAL_ZAYIF
[2026-09-22 21:26:56] samirsamir2323 | kanka nerde sin | enyakin=- puan=0 sebep=ESLESME_YOK
[2026-09-22 21:30:42] Antrix1807 | end gidek mi | enyakin=end-gitme puan=1 sebep=SINYAL_ZAYIF
[2026-09-22 21:31:31] VortexAyaz | su kovası satabilecek? | enyakin=- puan=0 sebep=ESLESME_YOK
[2026-09-22 21:32:26] egemen1559 | olm bu niye burda kalmiş | enyakin=- puan=0 sebep=ESLESME_YOK
[2026-09-22 21:33:39] egemen1559 | olm bu niye burda bu arada | enyakin=- puan=0 sebep=ESLESME_YOK
[2026-09-22 21:35:36] zeze7 | tamam ama ben nası yapıldıgını bilmiyom | enyakin=- puan=0 sebep=ESLESME_YOK
[2026-09-22 21:37:38] AyiBogan064 | armor mu biśey yazınca Hadiye veriyodu | enyakin=- puan=0 sebep=ESLESME_YOK
[2026-09-22 21:37:43] AyiBogan064 | geldi mi | enyakin=- puan=0 sebep=ESLESME_YOK
[2026-09-22 21:39:46] dijitaltotofan | gece görüşünü nerden alıyoduk | enyakin=- puan=0 sebep=ESLESME_YOK
[2026-09-22 21:39:54] samirsamir2323 | bura base yak mi | enyakin=- puan=0 sebep=ESLESME_YOK
[2026-09-22 21:41:10] zeze7 | kk nası yapcaz | enyakin=- puan=0 sebep=ESLESME_YOK
[2026-09-22 21:41:55] Canomer | selam, 10 yıl sonra ilk defa bir sunucuda oynuyorum çok değişmiş. olay nedir? normal survival mı biri anlatabilir mi | enyakin=orman-gitme puan=1 sebep=SINYAL_ZAYIF
[2026-09-22 21:43:06] Ramazan6414 | kendimize ozel oda yapak mı | enyakin=- puan=0 sebep=ESLESME_YOK
[2026-09-22 21:43:31] M_SPOWER2204 | farmdan kaynaklı lag olmasi ban sebebi değil demi? | enyakin=en-iyi-farm puan=1 sebep=SINYAL_ZAYIF
[2026-09-22 21:45:22] kadoxpro35 | mace degerli mi | enyakin=- puan=0 sebep=ESLESME_YOK
[2026-09-22 21:45:58] OverLord | bu golem niye ters | enyakin=- puan=0 sebep=ESLESME_YOK
[2026-09-22 21:46:14] kadoxpro35 | ne kadar verirsin | enyakin=- puan=0 sebep=ESLESME_YOK
[2026-09-22 21:46:29] Ramazan6414 | sin odan neresi oldsun | enyakin=- puan=0 sebep=ESLESME_YOK
[2026-09-22 21:46:45] maceswap | M_SPOWER2204 evet kaç tane var | enyakin=- puan=0 sebep=ESLESME_YOK
[2026-09-22 21:47:11] maceswap | M_SPOWER2204 15 olurmu ? | enyakin=- puan=0 sebep=ESLESME_YOK
[2026-09-22 21:48:01] maceswap | M_SPOWER2204 kaç tane var | enyakin=- puan=0 sebep=ESLESME_YOK
[2026-09-22 21:48:12] Ramazan6414 | senin istedigin yer neresi | enyakin=- puan=0 sebep=ESLESME_YOK
[2026-09-22 21:49:08] Antrix1807 | Alt kat yapcan mi | enyakin=- puan=0 sebep=ESLESME_YOK
[2026-09-22 21:49:21] Omerpappa | 96 elmas kaç eder | enyakin=- puan=0 sebep=ESLESME_YOK
[2026-09-22 21:49:44] DrAuraX | smp mi beyler burası | enyakin=- puan=0 sebep=ESLESME_YOK
[2026-09-22 21:50:16] AyiBogan064 | senin set nerde | enyakin=- puan=0 sebep=ESLESME_YOK
[2026-09-22 21:50:22] Antrix1807 | nasil oluyo | enyakin=- puan=0 sebep=ESLESME_YOK
[2026-09-22 21:51:11] Antrix1807 | ben mi yapim | enyakin=- puan=0 sebep=ESLESME_YOK
[2026-09-22 21:54:27] zeze7 | niye hataylı | enyakin=- puan=0 sebep=ESLESME_YOK
[2026-09-22 21:55:00] kadoxpro35 | bana elmasin ustune cikabilecek biri var mi | enyakin=- puan=0 sebep=ESLESME_YOK
[2026-09-22 21:56:23] AyiBogan064 | yarın kaçta girem | enyakin=- puan=0 sebep=ESLESME_YOK
[2026-09-22 21:56:29] zeze7 | ne kadar | enyakin=- puan=0 sebep=ESLESME_YOK
[2026-09-22 21:56:43] kadoxpro35 | elmasin ustune cikabilecek var mı | enyakin=- puan=0 sebep=ESLESME_YOK
[2026-09-22 21:56:45] Omerpappa | netherite yükseltmesi var mı 1 tane maceswap | enyakin=nether-gitme puan=1 sebep=SINYAL_ZAYIF
[2026-09-22 21:56:45] DrShadowww | kaç tane istersiniz beyler | enyakin=- puan=0 sebep=ESLESME_YOK
[2026-09-22 21:56:56] zeze7 | bi steak ne kadar | enyakin=- puan=0 sebep=ESLESME_YOK
[2026-09-22 21:56:58] Omerpappa | nasi bakiliyo ona | enyakin=- puan=0 sebep=ESLESME_YOK
[2026-09-22 21:57:06] DrShadowww | ne kadar verirsin | enyakin=- puan=0 sebep=ESLESME_YOK
[2026-09-22 21:58:37] samirsamir2323 | elmas 2 mizin okey mi | enyakin=- puan=0 sebep=ESLESME_YOK
[2026-09-22 21:58:46] AyiBogan064 | çikam mi geç oldu | enyakin=- puan=0 sebep=ESLESME_YOK
[2026-09-22 21:58:51] Clawwolf | mace abi gelimmi? | enyakin=- puan=0 sebep=ESLESME_YOK
[2026-09-22 21:59:19] Omerpappa | kral bana mı guvenem din aşk olsun | enyakin=- puan=0 sebep=ESLESME_YOK
[2026-09-22 22:02:06] Omerpappa | mace ben mi vermistim sana 3 k ya totemi | enyakin=- puan=0 sebep=ESLESME_YOK
[2026-09-22 22:02:18] Omerpappa | başka rehbere mi | enyakin=- puan=0 sebep=ESLESME_YOK
[2026-09-22 22:02:25] DrShadowww | zeze alcan mı | enyakin=- puan=0 sebep=ESLESME_YOK
[2026-09-22 22:04:39] erem | nasıl iptal edrım home yı | enyakin=ev-home puan=1 sebep=SINYAL_ZAYIF
[2026-09-22 22:13:21] LunaxMc | ömer team olak mı | enyakin=takim puan=1 sebep=SINYAL_ZAYIF
[2026-09-22 22:17:23] RivalWheel8582 | niye oldureyim | enyakin=- puan=0 sebep=ESLESME_YOK
[2026-09-22 22:17:35] RivalWheel8582 | yav niye oldureyim | enyakin=- puan=0 sebep=ESLESME_YOK
[2026-09-22 22:18:17] zeze7 | niye öldürdün | enyakin=- puan=0 sebep=ESLESME_YOK
[2026-09-22 22:22:23] oguzhan_MC_ | 5 obsidyen olur mu | enyakin=- puan=0 sebep=ESLESME_YOK
[2026-09-22 22:23:02] oguzhan_MC_ | 18 demir ve 5 obsidyen? | enyakin=- puan=0 sebep=ESLESME_YOK
[2026-09-22 22:27:31] RivalWheel8582 | Lapis mi öne kadox | enyakin=- puan=0 sebep=ESLESME_YOK
[2026-09-22 22:30:58] catrazeee | kanka harbi okadar 2tane 1imiz setsiz birimiz elmas set neden 2neth set dalıyon be | enyakin=- puan=0 sebep=ESLESME_YOK
[2026-09-22 22:33:14] stmnfurkee06 | gellionuz mu chattt | enyakin=- puan=0 sebep=ESLESME_YOK
[2026-09-22 22:33:59] kadoxpro35 | elmas vercem sen niye bisi veriyon | enyakin=- puan=0 sebep=ESLESME_YOK
[2026-09-22 22:34:13] LunaxMc | tmm nasıl kabul edecem | enyakin=- puan=0 sebep=ESLESME_YOK
[2026-09-22 22:38:30] Mho1905 | para veren yok mu | enyakin=para-kazanma puan=1 sebep=SINYAL_ZAYIF
[2026-09-22 22:47:59] RivalWheel8582 | Hera ben versem. senden niye istiyim | enyakin=- puan=0 sebep=ESLESME_YOK
[2026-09-22 22:51:59] samirsamir2323 | dur bi sox dicem kim elmas isder | enyakin=- puan=0 sebep=ESLESME_YOK
[2026-09-22 22:53:05] brn09 | ayaz tp atim mi | enyakin=isinlanma-istegi puan=1 sebep=SINYAL_ZAYIF
[2026-09-22 22:54:19] Mho1905 | kim benle arkadaş olmak ister | enyakin=- puan=0 sebep=ESLESME_YOK
[2026-09-22 22:54:56] HeraAndZeus | eren kim | enyakin=- puan=0 sebep=ESLESME_YOK
[2026-09-22 22:55:03] brn09 | reis sen yunan mitle mi ilgileniyon | enyakin=- puan=0 sebep=ESLESME_YOK
[2026-09-22 22:55:59] OKTAY3169_31 | hatay tp nasil atiyon | enyakin=isinlanma-istegi puan=1 sebep=SINYAL_ZAYIF
[2026-09-22 22:56:46] Ayazbabapiro1905 | oyunda base patlata biliyoz mu | enyakin=- puan=0 sebep=ESLESME_YOK
[2026-09-22 22:58:10] brn09 | sen nasıl para kastın | enyakin=para-kazanma puan=1 sebep=SINYAL_ZAYIF
[2026-09-22 23:01:00] RivalWheel8582 | hatayli sen nasıl geliştin | enyakin=- puan=0 sebep=ESLESME_YOK
[2026-09-22 23:07:30] Ayazbabapiro1905 | burda kim vardı la | enyakin=- puan=0 sebep=ESLESME_YOK
[2026-09-22 23:09:48] Hatayli2239 | birileri niye çek | enyakin=- puan=0 sebep=ESLESME_YOK
[2026-09-22 23:20:28] brn09 | la sen nasıl geldin | enyakin=- puan=0 sebep=ESLESME_YOK
[2026-09-22 23:20:41] 06erenw06 | tamam kardeşmim satmıyosan sorun yok niye ugrastırıyon ki | enyakin=- puan=0 sebep=ESLESME_YOK
[2026-09-22 23:30:53] OKTAY3169_31 | [event cancelled]bana kim eşya verir | enyakin=- puan=0 sebep=ESLESME_YOK
[2026-09-22 23:34:30] apathyharbi | vip seti hangisi Kyururuu | enyakin=vip-rutbe puan=1 sebep=SINYAL_ZAYIF
[2026-09-22 23:34:42] Kyururuu | koruma 1 li elmas olan niyeki? | enyakin=- puan=0 sebep=ESLESME_YOK
[2026-09-22 23:35:35] Ayazbabapiro1905 | onu nerden buldun | enyakin=- puan=0 sebep=ESLESME_YOK
[2026-09-22 23:44:01] Mustafa19032 | günlük ödül nasıl alinir | enyakin=- puan=0 sebep=ESLESME_YOK
[2026-09-22 23:49:51] Ayazbabapiro1905 | baran nerde | enyakin=- puan=0 sebep=ESLESME_YOK
[2026-09-22 23:57:24] Kyururuu | trial mı | enyakin=- puan=0 sebep=ESLESME_YOK
[2026-09-22 23:58:48] Kyururuu | temizlemenize yardım edim mi | enyakin=- puan=0 sebep=ESLESME_YOK
[2026-09-23 00:00:37] Ayazbabapiro1905 | niye öldürüdn | enyakin=- puan=0 sebep=ESLESME_YOK
[2026-09-23 00:05:18] brn09 | nasıl açılıyo ya kasa | enyakin=kasa puan=1 sebep=SINYAL_ZAYIF
[2026-09-23 00:15:38] brn09 | herkes bizi nasıl buldu | enyakin=- puan=0 sebep=ESLESME_YOK
[2026-09-23 00:22:25] OnlyVan | hesabına girmeye çalışırken ne uyarı alıyorsun ? | enyakin=- puan=0 sebep=ESLESME_YOK
[2026-09-23 00:42:15] Agonyy13 | selamın aleyküm oyunun adminleri burada mı veya kurucusu | enyakin=- puan=0 sebep=ESLESME_YOK
[2026-09-23 01:05:39] Agonyy13 | beyler kazmaya kitapla büyü basicam nasıl basiyorduk ? | enyakin=buyu-masasi puan=1 sebep=SINYAL_ZAYIF
[2026-09-23 01:22:50] OnlyVan | tam olarak nasıl bir sorun var | enyakin=- puan=0 sebep=ESLESME_YOK
[2026-09-23 01:27:58] Hyper | vahşi bölge nedir | enyakin=- puan=0 sebep=ESLESME_YOK
[2026-09-23 01:29:22] MastifPlatypus | sunucu olarak mı | enyakin=- puan=0 sebep=ESLESME_YOK
[2026-09-23 01:29:29] MastifPlatypus | isim vermemde sakınca var mı | enyakin=- puan=0 sebep=ESLESME_YOK
[2026-09-23 01:29:40] M_SPOWER2204 | uçma korumasi ne zaman gelcek millet ucuo xd | enyakin=ucma-fly puan=1 sebep=SINYAL_ZAYIF
[2026-09-23 01:52:02] Anume4613 | ov niye yenilenmiyo ozaman | enyakin=- puan=0 sebep=ESLESME_YOK
[2026-09-23 01:52:32] JrCode4 | bana ipeksi kazma satıcak var mı | enyakin=- puan=0 sebep=ESLESME_YOK
[2026-09-23 01:55:20] Anume4613 | manuel mi | enyakin=- puan=0 sebep=ESLESME_YOK
[2026-09-23 02:01:19] JrCode4 | [item] değer? | enyakin=- puan=0 sebep=ESLESME_YOK
[2026-09-23 02:01:27] JrCode4 | trident değeri ne kadar | enyakin=- puan=0 sebep=ESLESME_YOK
[2026-09-23 02:02:14] M_SPOWER2204 | koruma gelene kadar OQJSJQPSOWKQK | enyakin=- puan=0 sebep=ESLESME_YOK
[2026-09-23 02:04:40] Hyper | nerde kusen | enyakin=- puan=0 sebep=ESLESME_YOK
[2026-09-23 02:08:53] M_SPOWER2204 | kordi kaç | enyakin=- puan=0 sebep=ESLESME_YOK
[2026-09-23 02:17:10] M_SPOWER2204 | bir kaç dakika beklermisin sunlari sell yapım | enyakin=esya-satma puan=1 sebep=SINYAL_ZAYIF
[2026-09-23 02:20:58] JrCode4 | beyler yan hesap sınırı kaç? | enyakin=- puan=0 sebep=ESLESME_YOK
[2026-09-23 02:23:49] Hyper | ne zaman | enyakin=- puan=0 sebep=ESLESME_YOK
[2026-09-23 02:41:09] Hyper | ne zaman patladı | enyakin=- puan=0 sebep=ESLESME_YOK
[2026-09-23 02:56:48] M_SPOWER2204 | kordinat kaç | enyakin=- puan=0 sebep=ESLESME_YOK
[2026-09-23 03:40:33] EnesBoztepe | nasıl para kasıyoruz yeniyim | enyakin=para-kazanma puan=1 sebep=SINYAL_ZAYIF
[2026-09-23 09:11:11] zyrathis | niye kapattın | enyakin=- puan=0 sebep=ESLESME_YOK
[2026-09-23 09:24:09] apathyharbi | yattın kanka? | enyakin=- puan=0 sebep=ESLESME_YOK
[2026-09-23 10:12:48] samsait | takım olak mı | enyakin=takim puan=1 sebep=SINYAL_ZAYIF
[2026-09-23 10:20:17] samsait | ya niye kestin | enyakin=- puan=0 sebep=ESLESME_YOK
[2026-09-23 10:24:49] Agonyy13 | o kim di bana vurdu ödüm koptu | enyakin=- puan=0 sebep=ESLESME_YOK
[2026-09-23 11:34:12] cavad306 | Kim x ray | enyakin=- puan=0 sebep=ESLESME_YOK
[2026-09-23 11:36:00] y55ttr | sana mı dıyom | enyakin=- puan=0 sebep=ESLESME_YOK
[2026-09-23 11:36:58] y55ttr | bana mı dedın bekle dıye cavad306 | enyakin=- puan=0 sebep=ESLESME_YOK
[2026-09-23 11:42:47] cavad306 | knk birlikte base yapak mi | enyakin=- puan=0 sebep=ESLESME_YOK
[2026-09-23 12:20:39] ghlex | yaw olm nası ghlex kayıtlı | enyakin=- puan=0 sebep=ESLESME_YOK
[2026-09-23 12:20:46] ghlex | nası kayıt olcam ben siteye | enyakin=site-kredi puan=1 sebep=SINYAL_ZAYIF
[2026-09-23 12:24:21] ghlex | ismi mi kualn ıp kasılıyoalr ya | enyakin=sunucu-bilgi puan=1 sebep=SINYAL_ZAYIF
[2026-09-23 12:26:12] OnlyVan | websender nedir ? | enyakin=- puan=0 sebep=ESLESME_YOK
[2026-09-23 13:00:23] lonewolf | sen neden rehber değilsin apathyharbi | enyakin=- puan=0 sebep=ESLESME_YOK
[2026-09-23 13:01:32] NTEXO | beyler kasalar nerden düşüyor | enyakin=kasa puan=1 sebep=SINYAL_ZAYIF
[2026-09-23 13:02:25] ERENMETE | mace pvp? | enyakin=savas-etiketi puan=1 sebep=SINYAL_ZAYIF
[2026-09-23 13:02:41] apathyharbi | mace tier kaç ERENMETE | enyakin=- puan=0 sebep=ESLESME_YOK
[2026-09-23 13:03:03] ERENMETE | team alcak var mı | enyakin=takim puan=1 sebep=SINYAL_ZAYIF
[2026-09-23 13:03:52] ERENMETE | team alcak var mı | enyakin=takim puan=1 sebep=SINYAL_ZAYIF
[2026-09-23 13:04:33] Vexlera | yeni mi açtın | enyakin=- puan=0 sebep=ESLESME_YOK
[2026-09-23 13:05:04] ERENMETE | üstteki barları nasıl kapicam | enyakin=- puan=0 sebep=ESLESME_YOK
[2026-09-23 13:05:13] OnlyVan | kasaları buldun mu | enyakin=kasa puan=1 sebep=SINYAL_ZAYIF
[2026-09-23 13:05:15] ERENMETE | üstteki barları nasıl kapicam OnlyVan | enyakin=- puan=0 sebep=ESLESME_YOK
[2026-09-23 13:11:46] ERENMETE | item verebilecek var mı | enyakin=- puan=0 sebep=ESLESME_YOK
[2026-09-23 13:12:59] kerem | lobide duran kim | enyakin=- puan=0 sebep=ESLESME_YOK
[2026-09-23 13:13:57] ERENMETE | sunucunun en iyi mace atanı kim | enyakin=- puan=0 sebep=ESLESME_YOK
[2026-09-23 13:14:13] ERENMETE | gerçekten iyi mi oynuyo | enyakin=- puan=0 sebep=ESLESME_YOK
[2026-09-23 13:14:46] YUNUSPALUKU | eşya verebilecek var mı beles | enyakin=- puan=0 sebep=ESLESME_YOK
[2026-09-23 13:21:10] mertrrw | kime tp ATİM | enyakin=isinlanma-istegi puan=1 sebep=SINYAL_ZAYIF
[2026-09-23 13:22:25] YUNUSPALUKU | para nasıl kasılıyo | enyakin=para-kazanma puan=1 sebep=SINYAL_ZAYIF
[2026-09-23 13:23:12] ERENMETE | neden /ah bu kadar pahalı | enyakin=acik-artirma puan=1 sebep=SINYAL_ZAYIF
[2026-09-23 13:23:38] ERENMETE | ne kadar oldu ki açılalı | enyakin=- puan=0 sebep=ESLESME_YOK
[2026-09-23 13:24:00] mertrrw | kime tp atım | enyakin=isinlanma-istegi puan=1 sebep=SINYAL_ZAYIF
[2026-09-23 13:24:52] mertrrw | kim ölmek ister :) | enyakin=- puan=0 sebep=ESLESME_YOK
[2026-09-23 13:25:15] ERENMETE | günlük ödül nasıl alcam | enyakin=- puan=0 sebep=ESLESME_YOK
[2026-09-23 13:25:28] YUNUSPALUKU | taş var mı | enyakin=- puan=0 sebep=ESLESME_YOK
[2026-09-23 13:27:21] ERENMETE | koruma nası kaldırılıyo | enyakin=- puan=0 sebep=ESLESME_YOK
[2026-09-23 13:28:37] YUNUSPALUKU | burda demir var mı | enyakin=- puan=0 sebep=ESLESME_YOK
[2026-09-23 13:29:48] ERENMETE | günlük ödül nasıl alcammm | enyakin=- puan=0 sebep=ESLESME_YOK
[2026-09-23 13:34:41] YUNUSPALUKU | arkadaş nasıl ekleniyo | enyakin=- puan=0 sebep=ESLESME_YOK
[2026-09-23 13:37:25] YUNUSPALUKU | yukarı gidiom isteigin bisi var mı | enyakin=- puan=0 sebep=ESLESME_YOK
[2026-09-23 13:37:59] kerem | neden öldürdünüz | enyakin=- puan=0 sebep=ESLESME_YOK
[2026-09-23 13:45:04] kerem | soruyorum neden öldürüyorsunuz benden bir ganimet geçmez | enyakin=- puan=0 sebep=ESLESME_YOK
[2026-09-23 13:48:15] kerem | neden öldürüyorsun | enyakin=- puan=0 sebep=ESLESME_YOK
[2026-09-23 13:56:12] yunusozas21 | nasıl axiliyor | enyakin=- puan=0 sebep=ESLESME_YOK
[2026-09-23 14:07:40] YUNUSPALUKU | kömür var mı | enyakin=- puan=0 sebep=ESLESME_YOK
[2026-09-23 14:10:49] YUNUSPALUKU | gidim mi | enyakin=- puan=0 sebep=ESLESME_YOK
[2026-09-23 14:12:36] mertrrw | kim brni öldürmüştü | enyakin=- puan=0 sebep=ESLESME_YOK
[2026-09-23 14:14:39] YUNUSPALUKU | dc var mı | enyakin=- puan=0 sebep=ESLESME_YOK
[2026-09-23 14:15:01] YUNUSPALUKU | insta var mı | enyakin=- puan=0 sebep=ESLESME_YOK
[2026-09-23 14:15:24] apathyharbi | bi insan neden auto kalkana ihtiyac duyarki kanka | enyakin=- puan=0 sebep=ESLESME_YOK
[2026-09-23 14:17:14] YUNUSPALUKU | da nasıl arkız | enyakin=- puan=0 sebep=ESLESME_YOK
[2026-09-23 14:22:41] s2ghamsi | totemsız neden gelmıyon korkuyınmu | enyakin=- puan=0 sebep=ESLESME_YOK
[2026-09-23 14:23:10] straykidd | bana yardım edebilecek var mı tp atarım biraz noobum da | enyakin=isinlanma-istegi puan=1 sebep=SINYAL_ZAYIF
[2026-09-23 14:26:39] YUNUSPALUKU | dc var mı | enyakin=- puan=0 sebep=ESLESME_YOK
[2026-09-23 14:27:13] S19B150 | yönetici para nasıl akzanacanacam | enyakin=para-kazanma puan=1 sebep=SINYAL_ZAYIF
[2026-09-23 14:31:33] YUNUSPALUKU | insta var mı | enyakin=- puan=0 sebep=ESLESME_YOK
[2026-09-23 14:35:16] straykidd | annenin yok mu | enyakin=- puan=0 sebep=ESLESME_YOK
[2026-09-23 14:48:01] lonewolf | meerrrtt jauhsygyjkı ü nıye ekledın | enyakin=- puan=0 sebep=ESLESME_YOK
[2026-09-23 14:56:28] mertrrw | apat kaç stek lazım | enyakin=- puan=0 sebep=ESLESME_YOK
[2026-09-23 14:57:50] mertrrw | nasıl bul | enyakin=- puan=0 sebep=ESLESME_YOK
[2026-09-23 14:58:28] Aydin21 | smo nası iyimi | enyakin=- puan=0 sebep=ESLESME_YOK
[2026-09-23 15:02:34] kamran2 | bana kazma vermisiin? | enyakin=- puan=0 sebep=ESLESME_YOK
[2026-09-23 15:06:56] mertrrw | apat kaç stek lazım | enyakin=- puan=0 sebep=ESLESME_YOK
[2026-09-23 15:11:45] 1ens | lobiye nasil diyoz | enyakin=- puan=0 sebep=ESLESME_YOK
[2026-09-23 15:11:52] 1ens | lobiye nasil giyoz | enyakin=- puan=0 sebep=ESLESME_YOK
[2026-09-23 15:13:04] 1ens | yonetici kasalar nerde | enyakin=kasa puan=1 sebep=SINYAL_ZAYIF
[2026-09-23 15:33:08] Clawwolf | mert yardımmı lazım? | enyakin=- puan=0 sebep=ESLESME_YOK
[2026-09-23 15:33:10] Clawwolf | mert yardımmı lazım? | enyakin=- puan=0 sebep=ESLESME_YOK
[2026-09-23 15:41:29] kamran2 | takım lara bakakmı? | enyakin=takim puan=1 sebep=SINYAL_ZAYIF
[2026-09-23 15:43:42] Ramazan6414 | apat ne kadar lazım | enyakin=- puan=0 sebep=ESLESME_YOK
[2026-09-23 15:46:13] kamran2 | nedra gidiyom ben geliyonuzmu? | enyakin=- puan=0 sebep=ESLESME_YOK
[2026-09-23 15:46:51] Clawwolf | kescen mi brni | enyakin=- puan=0 sebep=ESLESME_YOK
[2026-09-23 15:46:55] Clawwolf | kescen mi beni | enyakin=- puan=0 sebep=ESLESME_YOK
[2026-09-23 15:55:33] Omerpappa | Kamran kaç veriyon | enyakin=- puan=0 sebep=ESLESME_YOK
[2026-09-23 15:55:48] Omerpappa | Kamran kaç veriyon | enyakin=- puan=0 sebep=ESLESME_YOK
[2026-09-23 15:56:13] mertrrw | nasıl afk kalcaz | enyakin=kristal puan=1 sebep=SINYAL_ZAYIF
[2026-09-23 16:03:29] egemen1559 | base yapak mi | enyakin=- puan=0 sebep=ESLESME_YOK
[2026-09-23 16:03:50] egemen1559 | oha bunlar kim | enyakin=- puan=0 sebep=ESLESME_YOK
[2026-09-23 16:06:05] Ramazan6414 | katılcan mı takımıma | enyakin=takim puan=1 sebep=SINYAL_ZAYIF
[2026-09-23 16:07:19] egemen1559 | olm neden bendede net set var | enyakin=- puan=0 sebep=ESLESME_YOK
[2026-09-23 16:12:50] egemen1559 | tm mi apathyharbi | enyakin=- puan=0 sebep=ESLESME_YOK
[2026-09-23 16:13:43] egemen1559 | beni mi kescen | enyakin=- puan=0 sebep=ESLESME_YOK
[2026-09-23 16:13:53] egemen1559 | olm neden benim paramı aldiniz | enyakin=para-kazanma puan=1 sebep=SINYAL_ZAYIF
[2026-09-23 16:14:13] Omerpappa | 4k ya totem? | enyakin=- puan=0 sebep=ESLESME_YOK
[2026-09-23 16:16:39] Omerpappa | net yikseltme var mı | enyakin=- puan=0 sebep=ESLESME_YOK
[2026-09-23 16:20:04] ERENMETE | kim diyo | enyakin=- puan=0 sebep=ESLESME_YOK
[2026-09-23 16:22:15] Ramazan6414 | mert ne kadara | enyakin=- puan=0 sebep=ESLESME_YOK
[2026-09-23 16:22:41] Ramazan6414 | kac tane domuz sp var sende | enyakin=- puan=0 sebep=ESLESME_YOK
[2026-09-23 16:22:54] egemen1559 | ama nasıl seni eklicem | enyakin=- puan=0 sebep=ESLESME_YOK
[2026-09-23 16:23:39] adala7 | spawn mı diyorsun rmz | enyakin=spawn-warp puan=1 sebep=SINYAL_ZAYIF
[2026-09-23 16:23:49] egemen1559 | takımdan nasıl ayrilca | enyakin=takim puan=1 sebep=SINYAL_ZAYIF
[2026-09-23 16:24:21] Ramazan6414 | kac tane varki sende | enyakin=- puan=0 sebep=ESLESME_YOK
[2026-09-23 16:26:42] Omerpappa | oy nasi atiliyo | enyakin=oy-verme puan=1 sebep=SINYAL_ZAYIF
[2026-09-23 16:27:59] Omerpappa | oy nasi atiliyo | enyakin=oy-verme puan=1 sebep=SINYAL_ZAYIF
[2026-09-23 16:29:22] egemen1559 | nereye gittim | enyakin=- puan=0 sebep=ESLESME_YOK
[2026-09-23 16:32:02] apathyharbi | kanka nasıl tp acceptliyim | enyakin=isinlanma-istegi puan=1 sebep=SINYAL_ZAYIF
[2026-09-23 16:34:55] Skyler | sallama awq y nasıl -3456 olsn | enyakin=- puan=0 sebep=ESLESME_YOK
[2026-09-23 16:36:31] Ramazan6414 | kaç tane | enyakin=- puan=0 sebep=ESLESME_YOK
[2026-09-23 16:37:01] JrCode4 | gürs ve trident piyasası ne? | enyakin=- puan=0 sebep=ESLESME_YOK
[2026-09-23 16:41:44] red_dragon | ne kadara satım | enyakin=- puan=0 sebep=ESLESME_YOK
[2026-09-23 16:42:54] kamran2 | red_dragon yeimisn? | enyakin=- puan=0 sebep=ESLESME_YOK
[2026-09-23 16:43:58] SamirAzizi2375 | söylemesi ayıp ben bu sunucuda yeniyim bana yardımcı olabilecek var mı acaba | enyakin=oyuna-baslama puan=1 sebep=SINYAL_ZAYIF
[2026-09-23 16:48:59] RivalWheel8582 | peki nasıl para kastın | enyakin=para-kazanma puan=1 sebep=SINYAL_ZAYIF
[2026-09-23 16:50:17] SamirAzizi2375 | sunucuda yeniyim kasılmam için yardımcı olabilecek var mı | enyakin=oyuna-baslama puan=1 sebep=SINYAL_ZAYIF
[2026-09-23 16:50:50] kamran2 | sandım kesiceksin? | enyakin=- puan=0 sebep=ESLESME_YOK
[2026-09-23 16:51:11] SamirAzizi2375 | sunucuda yeni olan var mı | enyakin=- puan=0 sebep=ESLESME_YOK
[2026-09-23 16:53:04] z3nr | nasıl antıcheat bu | enyakin=- puan=0 sebep=ESLESME_YOK
[2026-09-23 16:55:13] HeraAndZeus | minecraft sunucularında ne zamandır script kullanılıyormuş | enyakin=- puan=0 sebep=ESLESME_YOK
[2026-09-23 16:59:21] kamran2 | ne kadar | enyakin=- puan=0 sebep=ESLESME_YOK
[2026-09-23 17:00:54] RivalWheel8582 | nasıl etcem yeniyim | enyakin=oyuna-baslama puan=1 sebep=SINYAL_ZAYIF
[2026-09-23 17:04:31] mdoruk | kaç stek ın var | enyakin=- puan=0 sebep=ESLESME_YOK
[2026-09-23 17:05:58] BothCape6809 | ben span nerde bilmiyom | enyakin=- puan=0 sebep=ESLESME_YOK
[2026-09-23 17:06:29] RivalWheel8582 | niye öldürdün | enyakin=- puan=0 sebep=ESLESME_YOK
[2026-09-23 17:08:36] BothCape6809 | nasil geri gidecem | enyakin=- puan=0 sebep=ESLESME_YOK
[2026-09-23 17:09:10] BothCape6809 | nasil kabul edecem | enyakin=- puan=0 sebep=ESLESME_YOK
[2026-09-23 17:10:15] RivalWheel8582 | setin nerde | enyakin=- puan=0 sebep=ESLESME_YOK
[2026-09-23 17:10:19] RivalWheel8582 | setin nerde | enyakin=- puan=0 sebep=ESLESME_YOK
[2026-09-23 17:13:02] BothCape6809 | kim benle arkadas olup benle beyz yapacak | enyakin=- puan=0 sebep=ESLESME_YOK
[2026-09-23 17:18:32] BothCape6809 | kim benle bays yapacK | enyakin=- puan=0 sebep=ESLESME_YOK
[2026-09-23 17:18:57] Alihabil | pahalı mı ipeksi | enyakin=- puan=0 sebep=ESLESME_YOK
[2026-09-23 17:19:10] Alihabil | ne kadar acaba | enyakin=- puan=0 sebep=ESLESME_YOK
[2026-09-23 17:21:04] mdoruk | kaç elmas var | enyakin=- puan=0 sebep=ESLESME_YOK
[2026-09-23 17:21:07] mdoruk | kaç elmas var | enyakin=- puan=0 sebep=ESLESME_YOK
[2026-09-23 17:21:13] mdoruk | kaç elmas var | enyakin=- puan=0 sebep=ESLESME_YOK
[2026-09-23 17:21:48] Ramazan6414 | trap mi yapıyorsunuz anca | enyakin=- puan=0 sebep=ESLESME_YOK
[2026-09-23 17:22:30] berat | yaslar kac | enyakin=- puan=0 sebep=ESLESME_YOK
[2026-09-23 17:23:23] BothCape6809 | nasıl ışınlanma şeyi atarım sana yanıma gel | enyakin=rtp puan=1 sebep=SINYAL_ZAYIF
[2026-09-23 17:24:50] RivalWheel8582 | niye korkuyon | enyakin=- puan=0 sebep=ESLESME_YOK
[2026-09-23 17:31:25] egemen1559 | neden olm | enyakin=- puan=0 sebep=ESLESME_YOK
[2026-09-23 17:34:22] mdoruk | kaç k var send | enyakin=- puan=0 sebep=ESLESME_YOK
[2026-09-23 17:42:38] AyiBogan064 | kurt netherit set satam Alcan mi | enyakin=nether-gitme puan=1 sebep=SINYAL_ZAYIF
[2026-09-23 17:43:29] JakeMonkey5749 | bsx kaç verirdin | enyakin=- puan=0 sebep=ESLESME_YOK
[2026-09-23 17:43:53] JakeMonkey5749 | kaç lira | enyakin=- puan=0 sebep=ESLESME_YOK
[2026-09-23 17:47:29] DR_TK187 | hangi konuda | enyakin=- puan=0 sebep=ESLESME_YOK
[2026-09-23 17:49:18] xLaku | DR_TK187 reis senin şirketin içinde başka şirket önerseler hoşuna gider mi? | enyakin=- puan=0 sebep=ESLESME_YOK
[2026-09-23 17:49:56] JakeMonkey5749 | gündüz nasıl yapiyodum | enyakin=- puan=0 sebep=ESLESME_YOK
[2026-09-23 17:50:38] RivalWheel8582 | Jake nasıl vercem | enyakin=- puan=0 sebep=ESLESME_YOK
[2026-09-23 18:00:01] 46reis_imp | ee napim nası alim | enyakin=- puan=0 sebep=ESLESME_YOK
[2026-09-23 18:04:29] Hamsi6363 | bana kim tp atmiş | enyakin=isinlanma-istegi puan=1 sebep=SINYAL_ZAYIF
[2026-09-23 18:06:06] egemen1559 | tm mi xlaku | enyakin=- puan=0 sebep=ESLESME_YOK
[2026-09-23 18:09:17] TK3553 | orda neden yapayoım | enyakin=- puan=0 sebep=ESLESME_YOK
[2026-09-23 18:13:06] erosee352 | kasa nası accaz | enyakin=kasa puan=1 sebep=SINYAL_ZAYIF
[2026-09-23 18:15:13] TriggerDarex | abi bunun bilmeyerek yapması mı var | enyakin=- puan=0 sebep=ESLESME_YOK
[2026-09-23 18:15:20] TriggerDarex | o nasıl bisey | enyakin=- puan=0 sebep=ESLESME_YOK
[2026-09-23 18:15:46] samirsamir2323 | kim yanima gelirsen ona evet acari vercem | enyakin=para-kazanma puan=1 sebep=SINYAL_ZAYIF
[2026-09-23 18:15:53] ciro | eski yerime nası döncem | enyakin=- puan=0 sebep=ESLESME_YOK
[2026-09-23 18:16:40] 46reis_imp | jake monkey tanesi kaçtan | enyakin=- puan=0 sebep=ESLESME_YOK
[2026-09-23 18:18:03] samirsamir2323 | kim benim yanima gelir sen evet acari vercem | enyakin=para-kazanma puan=1 sebep=SINYAL_ZAYIF
[2026-09-23 18:18:51] TriggerDarex | kac lazım | enyakin=- puan=0 sebep=ESLESME_YOK
[2026-09-23 18:22:11] YunusEmre | bana yardım edebilecek var mı | enyakin=- puan=0 sebep=ESLESME_YOK
[2026-09-23 18:26:45] 46reis_imp | nası olur | enyakin=- puan=0 sebep=ESLESME_YOK
[2026-09-23 18:27:18] zeze7 | tohum nası toplicam | enyakin=- puan=0 sebep=ESLESME_YOK
[2026-09-23 18:28:02] Mho1905 | kim ark olmak ister | enyakin=- puan=0 sebep=ESLESME_YOK
[2026-09-23 18:28:19] zeze7 | kac tane lazım anti | enyakin=- puan=0 sebep=ESLESME_YOK
[2026-09-23 18:29:57] fastar36 | tnt kaç elmas | enyakin=- puan=0 sebep=ESLESME_YOK
[2026-09-23 18:40:52] OverLord | ego ne zamana verirsin | enyakin=- puan=0 sebep=ESLESME_YOK
[2026-09-23 18:41:35] YunusEmre | yardım edebilecek var mıü | enyakin=- puan=0 sebep=ESLESME_YOK
[2026-09-23 18:42:13] cavad306 | az diyil mi | enyakin=- puan=0 sebep=ESLESME_YOK
[2026-09-23 18:43:17] VortexAyaz | la kaç stek şey attım keşke satsaydım | enyakin=- puan=0 sebep=ESLESME_YOK
[2026-09-23 18:46:55] OverLord | trigger neden | enyakin=- puan=0 sebep=ESLESME_YOK
[2026-09-23 18:50:29] VortexAyaz | elmas zırh satan? | enyakin=- puan=0 sebep=ESLESME_YOK
[2026-09-23 19:00:42] cavad306 | ametis madenine gelmek istiyon mu | enyakin=- puan=0 sebep=ESLESME_YOK
[2026-09-23 19:00:47] 46reis_imp | gübr evarili nasıl yapılıyor rehber | enyakin=- puan=0 sebep=ESLESME_YOK
[2026-09-23 19:01:07] AyiBogan064 | en çok elmas hangi biyomda çikiyo | enyakin=- puan=0 sebep=ESLESME_YOK
[2026-09-23 19:08:00] SmallTree615593 | rehber bana yardımcı olur musun hiç setim yok | enyakin=- puan=0 sebep=ESLESME_YOK
[2026-09-23 19:08:16] Ramazan6414 | nasıl koyuluyor | enyakin=- puan=0 sebep=ESLESME_YOK
[2026-09-23 19:11:54] MehmetMC3667 | neden attın | enyakin=- puan=0 sebep=ESLESME_YOK
[2026-09-23 19:19:01] MehmetMC3667 | Suzuki sıralama nerden bakioz | enyakin=siralama puan=1 sebep=SINYAL_ZAYIF
[2026-09-23 19:24:05] 46reis_imp | ya rehebr yapacağnız işi ha lan ben 0000 da nası oyunda olm anasını satim | enyakin=- puan=0 sebep=ESLESME_YOK
[2026-09-23 19:24:29] sevo_16 | kescen mi | enyakin=- puan=0 sebep=ESLESME_YOK
[2026-09-23 19:24:31] cavad306 | maceswal sana tl atayim mi | enyakin=- puan=0 sebep=ESLESME_YOK
[2026-09-23 19:25:22] sevo_16 | taşın var mı? | enyakin=- puan=0 sebep=ESLESME_YOK
[2026-09-23 19:26:21] maceswap | 46reis_imp at istersen ama neden geleyim | enyakin=- puan=0 sebep=ESLESME_YOK
[2026-09-23 19:27:34] eren8324 | patch yiyen herhangi bişey var mı | enyakin=- puan=0 sebep=ESLESME_YOK
[2026-09-23 19:27:56] 46reis_imp | nası ama | enyakin=- puan=0 sebep=ESLESME_YOK
[2026-09-23 19:30:07] 46reis_imp | 10 taneye kaç alırsın | enyakin=- puan=0 sebep=ESLESME_YOK
[2026-09-23 19:42:22] Antrix1807 | nasil yardımcı | enyakin=- puan=0 sebep=ESLESME_YOK
[2026-09-23 19:45:00] MUHHAMMEDAL | neden kestin | enyakin=- puan=0 sebep=ESLESME_YOK
[2026-09-23 19:45:11] MUHHAMMEDAL | neden kestin la | enyakin=- puan=0 sebep=ESLESME_YOK
[2026-09-23 19:46:54] Yunus | laku nasıl tp atıl ya sen bana tp at | enyakin=isinlanma-istegi puan=1 sebep=SINYAL_ZAYIF
[2026-09-23 19:48:42] Yunus | nasıl tp atılyo | enyakin=isinlanma-istegi puan=1 sebep=SINYAL_ZAYIF
[2026-09-23 19:50:17] TK3553 | yA olm rehber mi yok onlşne | enyakin=- puan=0 sebep=ESLESME_YOK
[2026-09-23 19:50:57] sevo_16 | zümrüüt isteyen ? | enyakin=- puan=0 sebep=ESLESME_YOK
[2026-09-23 19:51:58] red_dragon | neden akif | enyakin=- puan=0 sebep=ESLESME_YOK
[2026-09-23 19:53:01] sevo_16 | zümrüt i̇sti̇yen? | enyakin=- puan=0 sebep=ESLESME_YOK
[2026-09-23 19:57:25] OnlyVan | hangi bot adala7 | enyakin=- puan=0 sebep=ESLESME_YOK
[2026-09-23 19:59:20] OnlyVan | 46reis_imp buyrun sorun nedir | enyakin=- puan=0 sebep=ESLESME_YOK
[2026-09-23 19:59:52] 46reis_imp | rehber he nası gitcem | enyakin=- puan=0 sebep=ESLESME_YOK
[2026-09-23 20:03:19] OnlyVan | sorusu olan var mı arkadaşlar | enyakin=- puan=0 sebep=ESLESME_YOK
[2026-09-23 20:03:35] NFMB | elitra nasıl bu kadar kolay bulyonuz | enyakin=- puan=0 sebep=ESLESME_YOK
[2026-09-23 20:06:13] red_dragon | şeker kamışı değerli mi | enyakin=- puan=0 sebep=ESLESME_YOK
[2026-09-23 20:06:38] eren8324 | şu an ennde olan arkadaş kim | enyakin=- puan=0 sebep=ESLESME_YOK
[2026-09-23 20:06:48] Yunus | yönetici abi nasıl tp atılyo | enyakin=isinlanma-istegi puan=1 sebep=SINYAL_ZAYIF
[2026-09-23 20:08:24] NFMB | büyülü altın elmayı ne kadara alırsınız | enyakin=buyu-masasi puan=1 sebep=SINYAL_ZAYIF
[2026-09-23 20:08:58] OnlyVan | izliyorum bakalım kim bulacakk | enyakin=- puan=0 sebep=ESLESME_YOK
[2026-09-23 20:10:52] Yunus | yönerici abi nasıl tp arılyo | enyakin=isinlanma-istegi puan=1 sebep=SINYAL_ZAYIF
[2026-09-23 20:11:14] red_dragon | bulan vrc mı cidden | enyakin=- puan=0 sebep=ESLESME_YOK
[2026-09-23 20:14:02] OnlyVan | çekiliş mi yapsak | enyakin=- puan=0 sebep=ESLESME_YOK
[2026-09-23 20:14:03] OnlyVan | çekiliş mi yapsak | enyakin=- puan=0 sebep=ESLESME_YOK
[2026-09-23 20:14:18] sevo_16 | zümrüt isteyan? | enyakin=- puan=0 sebep=ESLESME_YOK
[2026-09-23 20:15:00] red_dragon | ely bulundu mu admin | enyakin=- puan=0 sebep=ESLESME_YOK
[2026-09-23 20:15:20] sevo_16 | zümrüt isteyen? | enyakin=- puan=0 sebep=ESLESME_YOK
[2026-09-23 20:16:51] Antrix1807 | ironi golem mi | enyakin=- puan=0 sebep=ESLESME_YOK
[2026-09-23 20:18:42] OnlyVan | ely çekilişi mi yapsa | enyakin=- puan=0 sebep=ESLESME_YOK
[2026-09-23 20:18:45] OnlyVan | ely çekilişi mi yapsak | enyakin=- puan=0 sebep=ESLESME_YOK
[2026-09-23 20:19:01] red_dragon | artı nasıl oluyorrr | enyakin=- puan=0 sebep=ESLESME_YOK
[2026-09-23 20:19:15] AblanizTR | chat nasıl kapatcam | enyakin=- puan=0 sebep=ESLESME_YOK
[2026-09-23 20:20:06] Eggyproc2 | herseyi sana mı vereceğiz | enyakin=- puan=0 sebep=ESLESME_YOK
[2026-09-23 20:20:09] AblanizTR | sizi nasıl kapatcam ya | enyakin=- puan=0 sebep=ESLESME_YOK
[2026-09-23 20:21:21] DR_TK187 | nasi alıoz | enyakin=- puan=0 sebep=ESLESME_YOK
[2026-09-23 20:22:25] DR_TK187 | nasi yapıoz | enyakin=- puan=0 sebep=ESLESME_YOK
[2026-09-23 20:22:46] red_dragon | artı nasıl oluyorr | enyakin=- puan=0 sebep=ESLESME_YOK
[2026-09-23 20:22:54] Eggyproc2 | Ya niye ben | enyakin=- puan=0 sebep=ESLESME_YOK
[2026-09-23 20:23:35] erenwistee_ | kaç kez ugraşıyom | enyakin=- puan=0 sebep=ESLESME_YOK
[2026-09-23 20:25:28] egemen1559 | imha diyo süresi 1 gün mu | enyakin=- puan=0 sebep=ESLESME_YOK
[2026-09-23 20:28:52] adala7 | saat kaçta | enyakin=- puan=0 sebep=ESLESME_YOK
[2026-09-23 20:28:53] RivalWheel8582 | saat kaçta | enyakin=- puan=0 sebep=ESLESME_YOK
[2026-09-23 20:31:35] haciyeff | eve nasil isinlaniyim | enyakin=rtp puan=1 sebep=SINYAL_ZAYIF
[2026-09-23 20:32:39] haciyeff | la bana elmas kazmayi kim verdi düzeltdim | enyakin=- puan=0 sebep=ESLESME_YOK
[2026-09-23 20:37:08] apathyharbi | beyler zoktay map artı yaparmıyız? map art bilgisi olan varmı | enyakin=- puan=0 sebep=ESLESME_YOK
[2026-09-23 20:37:40] Hatayli2239 | kaç istiyon | enyakin=- puan=0 sebep=ESLESME_YOK
[2026-09-23 20:38:16] NFMB | elytraya ne kadar verirsiniz | enyakin=- puan=0 sebep=ESLESME_YOK
[2026-09-23 20:40:07] MehmetMC3667 | %50 indirim kaç gün | enyakin=- puan=0 sebep=ESLESME_YOK
[2026-09-23 20:42:29] NFMB | ne kadar | enyakin=- puan=0 sebep=ESLESME_YOK
[2026-09-23 20:44:07] kadoxpro35 | pvp gelcek var mi pvp arensai var mi | enyakin=savas-etiketi puan=1 sebep=SINYAL_ZAYIF
[2026-09-23 20:44:08] apathyharbi | hangi büyülü | enyakin=buyu-masasi puan=1 sebep=SINYAL_ZAYIF
[2026-09-23 20:44:15] 06erenw06 | kırmızı inek li basemi kim patlatdı cıksın karsıma | enyakin=- puan=0 sebep=ESLESME_YOK
[2026-09-23 20:45:17] zeze7 | ne kadar | enyakin=- puan=0 sebep=ESLESME_YOK
[2026-09-23 20:47:51] zeze7 | ne kadar verirsin topalco | enyakin=- puan=0 sebep=ESLESME_YOK
[2026-09-23 20:49:06] Elisainho | team olcak var mı?w | enyakin=takim puan=1 sebep=SINYAL_ZAYIF
[2026-09-23 20:55:10] Elisainho | tm atcaz mı vs | enyakin=- puan=0 sebep=ESLESME_YOK
[2026-09-23 20:55:26] Elisainho | kapatırım? | enyakin=- puan=0 sebep=ESLESME_YOK
[2026-09-23 20:55:40] Elisainho | kapanmıyor mu | enyakin=- puan=0 sebep=ESLESME_YOK
[2026-09-23 20:56:02] 06erenw06 | nassı yapcaz | enyakin=- puan=0 sebep=ESLESME_YOK
[2026-09-23 20:56:52] Ramazan6414 | eren ne kadar lazım | enyakin=- puan=0 sebep=ESLESME_YOK
[2026-09-23 20:58:30] mertrrw | kk setin nerde | enyakin=- puan=0 sebep=ESLESME_YOK
[2026-09-23 20:59:02] egemen1559 | babus sıra sana geldi tpa mi kabul et | enyakin=isinlanma-istegi puan=1 sebep=SINYAL_ZAYIF
[2026-09-23 20:59:24] 06erenw06 | mace nası tek attın | enyakin=- puan=0 sebep=ESLESME_YOK
[2026-09-23 21:00:44] Ramazan6414 | binek inek te oluywr mu | enyakin=- puan=0 sebep=ESLESME_YOK
[2026-09-23 21:00:59] RivalWheel8582 | Kamran nezaman | enyakin=- puan=0 sebep=ESLESME_YOK
[2026-09-23 21:01:12] Skyler | bu akılla nasıl bu kadar geldşn | enyakin=- puan=0 sebep=ESLESME_YOK
[2026-09-23 21:01:30] Elisainho | silk touch ın var mı | enyakin=- puan=0 sebep=ESLESME_YOK
[2026-09-23 21:02:12] kamran2 | sen rehber diğilmiydin? | enyakin=- puan=0 sebep=ESLESME_YOK
[2026-09-23 21:02:25] Elisainho | anlamadın mı :I dalga geçiyorum | enyakin=- puan=0 sebep=ESLESME_YOK
[2026-09-23 21:02:26] RivalWheel8582 | Kamran ben seni nezaman sattım | enyakin=- puan=0 sebep=ESLESME_YOK
[2026-09-23 21:02:40] RivalWheel8582 | Kamran nezaman | enyakin=- puan=0 sebep=ESLESME_YOK
[2026-09-23 21:03:34] eren8324 | rehber player death yazısını nasıl kaldıracağız | enyakin=- puan=0 sebep=ESLESME_YOK
[2026-09-23 21:04:35] RivalWheel8582 | Kamran ark siz niye yapiyom | enyakin=- puan=0 sebep=ESLESME_YOK
[2026-09-23 21:09:56] DR_TK187 | bug mu var | enyakin=- puan=0 sebep=ESLESME_YOK
[2026-09-23 21:10:20] DR_TK187 | hangi site | enyakin=site-kredi puan=1 sebep=SINYAL_ZAYIF
[2026-09-23 21:10:27] maceswap | kötü bişeymi yaptım ? | enyakin=- puan=0 sebep=ESLESME_YOK
[2026-09-23 21:10:33] Dlight | yemek satın alcak var mı | enyakin=site-kredi puan=2 sebep=SINYAL_ZAYIF
[2026-09-23 21:12:28] kamran2 | yemek satann???? | enyakin=- puan=0 sebep=ESLESME_YOK
[2026-09-23 21:13:05] Dlight | elmas s atın alcak var mı | enyakin=- puan=0 sebep=ESLESME_YOK
[2026-09-23 21:13:53] kamran2 | egemen baltayı vermisin? | enyakin=- puan=0 sebep=ESLESME_YOK
[2026-09-23 21:14:08] Dlight | elmas satın alcvan mı | enyakin=site-kredi puan=2 sebep=SINYAL_ZAYIF
[2026-09-23 21:14:23] Dlight | alcan mı kamran | enyakin=- puan=0 sebep=ESLESME_YOK
[2026-09-23 21:14:38] AyiBogan064 | nasıl bı oyuncunun kellesine para koyyoz | enyakin=para-kazanma puan=1 sebep=SINYAL_ZAYIF
[2026-09-23 21:15:27] Dlight | senşn ev nerde | enyakin=- puan=0 sebep=ESLESME_YOK
[2026-09-23 21:15:45] 06erenw06 | son pvp mi atcam cıkcam | enyakin=savas-etiketi puan=1 sebep=SINYAL_ZAYIF
[2026-09-23 21:16:03] Dlight | niye patladı gotur ben oraya | enyakin=- puan=0 sebep=ESLESME_YOK
[2026-09-23 21:16:23] VortexAyaz | ah kısmına eşya nasıl koycam | enyakin=acik-artirma puan=1 sebep=SINYAL_ZAYIF
[2026-09-23 21:16:29] VortexAyaz | ah kısmına eşya nasıl koycam mace | enyakin=acik-artirma puan=1 sebep=SINYAL_ZAYIF
[2026-09-23 21:16:51] AyiBogan064 | base mi yaptın | enyakin=- puan=0 sebep=ESLESME_YOK
[2026-09-23 21:18:28] kamran2 | ya knk neden yapdınn ben orayı patlanmayım aaaaa | enyakin=- puan=0 sebep=ESLESME_YOK
[2026-09-23 21:19:34] samirsamir2323 | nereye yapak | enyakin=- puan=0 sebep=ESLESME_YOK
[2026-09-23 21:20:03] Dlight | koruma kiralıycak var mı | enyakin=- puan=0 sebep=ESLESME_YOK
[2026-09-23 21:20:21] Ramazan6414 | ereniste ekonomi nedir biliyor musun | enyakin=- puan=0 sebep=ESLESME_YOK
[2026-09-23 21:20:23] maceswap | red_dragon sorun nedir ben yardımcı olayım | enyakin=- puan=0 sebep=ESLESME_YOK
[2026-09-23 21:21:41] Dlight | olur mu mace | enyakin=- puan=0 sebep=ESLESME_YOK
[2026-09-23 21:22:23] mertrrw | salak evomm a niye bulaşıyon kamran | enyakin=- puan=0 sebep=ESLESME_YOK
[2026-09-23 21:23:39] AyiBogan064 | inek spawnneri sen mi verdin | enyakin=spawn-warp puan=1 sebep=SINYAL_ZAYIF
[2026-09-23 21:24:24] samirsamir2323 | kirak mi | enyakin=- puan=0 sebep=ESLESME_YOK
[2026-09-23 21:25:09] Dlight | niye oldurdun | enyakin=- puan=0 sebep=ESLESME_YOK
[2026-09-23 21:26:16] AyiBogan064 | neden öldüm görmedim | enyakin=- puan=0 sebep=ESLESME_YOK
[2026-09-23 21:26:22] AyiBogan064 | baseyi bura mi yapcan | enyakin=- puan=0 sebep=ESLESME_YOK
[2026-09-23 21:27:05] samirsamir2323 | tpa atyim mi | enyakin=isinlanma-istegi puan=1 sebep=SINYAL_ZAYIF
[2026-09-23 21:27:19] AyiBogan064 | ben gidem mi kazmaya | enyakin=- puan=0 sebep=ESLESME_YOK
[2026-09-23 21:27:24] Dlight | rvs gelcxek var mı | enyakin=- puan=0 sebep=ESLESME_YOK
[2026-09-23 21:27:58] AyiBogan064 | bura iyi mi | enyakin=- puan=0 sebep=ESLESME_YOK
[2026-09-23 21:28:58] kamran2 | yeni baslayan varmı? | enyakin=- puan=0 sebep=ESLESME_YOK
[2026-09-23 21:29:09] Dlight | vs gelcek var mı | enyakin=- puan=0 sebep=ESLESME_YOK
[2026-09-23 21:30:45] Agonyy13 | beyler sunucuda en kârlı farm hangisi | enyakin=en-iyi-farm puan=1 sebep=SINYAL_ZAYIF
[2026-09-23 21:31:14] NFMB | kelp ne kadar veriyor hatırlamıyom | enyakin=- puan=0 sebep=ESLESME_YOK
[2026-09-23 21:32:07] AyiBogan064 | iepksi dokunuś sanattan var mi | enyakin=- puan=0 sebep=ESLESME_YOK
[2026-09-23 21:32:39] sevo_16 | zümrüt isteyenen? | enyakin=- puan=0 sebep=ESLESME_YOK
[2026-09-23 21:33:05] sevo_16 | Zümrüt isteyen??? | enyakin=- puan=0 sebep=ESLESME_YOK
[2026-09-23 21:33:21] sevo_16 | zümrüt mü? | enyakin=- puan=0 sebep=ESLESME_YOK
[2026-09-23 21:34:01] Dlight | var mı esyan | enyakin=- puan=0 sebep=ESLESME_YOK
[2026-09-23 21:34:39] Dlight | vs gelcej-k var mı | enyakin=- puan=0 sebep=ESLESME_YOK
[2026-09-23 21:35:17] adala7 | mobilden nasıl sağ tıklıyoruz | enyakin=- puan=0 sebep=ESLESME_YOK
[2026-09-23 21:35:23] sevo_16 | Zümrüt isteyen? (tpa atsın) | enyakin=isinlanma-istegi puan=1 sebep=SINYAL_ZAYIF
[2026-09-23 21:35:49] samirsamir2323 | aldin mi | enyakin=- puan=0 sebep=ESLESME_YOK
[2026-09-23 21:37:29] sevo_16 | Yeni başlayan var mı (köy bıldumda) | enyakin=- puan=0 sebep=ESLESME_YOK
[2026-09-23 21:37:43] Ramazan6414 | ya neden bana ataydın | enyakin=- puan=0 sebep=ESLESME_YOK
[2026-09-23 21:38:06] Dlight | vs gelcek var mı | enyakin=- puan=0 sebep=ESLESME_YOK
[2026-09-23 21:38:28] Dlight | vs gewlcek var mı | enyakin=- puan=0 sebep=ESLESME_YOK
[2026-09-23 21:38:44] Dlight | vs gelcek var mı | enyakin=- puan=0 sebep=ESLESME_YOK
[2026-09-23 21:40:46] sevo_16 | Yeni başlayan varsa tpa atsın köy buldum? | enyakin=isinlanma-istegi puan=1 sebep=SINYAL_ZAYIF
[2026-09-23 21:41:23] AyiBogan064 | yeter mi | enyakin=- puan=0 sebep=ESLESME_YOK
[2026-09-23 21:41:49] kamran2 | apat neden vursun | enyakin=- puan=0 sebep=ESLESME_YOK
[2026-09-23 21:42:39] Dlight | vs gelcen mi | enyakin=- puan=0 sebep=ESLESME_YOK
[2026-09-23 21:42:56] samirsamir2323 | nereye yapak\ | enyakin=- puan=0 sebep=ESLESME_YOK
[2026-09-23 21:43:29] sevo_16 | setin ne? | enyakin=- puan=0 sebep=ESLESME_YOK
[2026-09-23 21:46:07] Ermenkesen61 | burası benim olur mu | enyakin=- puan=0 sebep=ESLESME_YOK
[2026-09-23 21:47:45] 06erenw06 | aaa niye ban yedi | enyakin=ceza-itiraz puan=1 sebep=SINYAL_ZAYIF
[2026-09-23 21:47:47] Dlight | tpa atsan olur mu | enyakin=isinlanma-istegi puan=1 sebep=SINYAL_ZAYIF
[2026-09-23 21:48:15] sevo_16 | ark mıyız? | enyakin=- puan=0 sebep=ESLESME_YOK
[2026-09-23 21:51:12] Dlight | gece gorusu komut neydi | enyakin=menu puan=1 sebep=SINYAL_ZAYIF
[2026-09-23 21:52:26] OKTAY3169_31 | kim ark olmak istiyo | enyakin=- puan=0 sebep=ESLESME_YOK
[2026-09-23 21:52:44] Dlight | elmas var mı | enyakin=- puan=0 sebep=ESLESME_YOK
[2026-09-23 21:55:22] 06erenw06 | kafayı mı yedin | enyakin=- puan=0 sebep=ESLESME_YOK
[2026-09-23 21:56:01] VortexAyaz | normal oyuncu kiti yokmu bu sv de?? | enyakin=- puan=0 sebep=ESLESME_YOK
[2026-09-23 21:56:02] VortexAyaz | normal oyuncu kiti yokmu bu sv de?? | enyakin=- puan=0 sebep=ESLESME_YOK
[2026-09-23 21:56:40] RivalWheel8582 | kim alıyor görelim | enyakin=- puan=0 sebep=ESLESME_YOK
[2026-09-23 21:56:43] xLaku | xlakuşum nedir abi | enyakin=- puan=0 sebep=ESLESME_YOK
[2026-09-23 21:57:57] sevo_16 | ark mıyız? | enyakin=- puan=0 sebep=ESLESME_YOK
[2026-09-23 21:58:19] sevo_16 | sende team varmı? | enyakin=takim puan=1 sebep=SINYAL_ZAYIF
[2026-09-23 21:59:06] AyiBogan064 | geniślik iyi mi | enyakin=- puan=0 sebep=ESLESME_YOK
[2026-09-23 21:59:35] 06erenw06 | havalı mı oldun | enyakin=- puan=0 sebep=ESLESME_YOK
[2026-09-23 21:59:45] sevo_16 | nerdesin? | enyakin=- puan=0 sebep=ESLESME_YOK
[2026-09-23 22:00:36] apathyharbi | hile banlattık daha napak? | enyakin=sikayet puan=1 sebep=SINYAL_ZAYIF
[2026-09-23 22:00:42] Dlight | altta kazım mı | enyakin=- puan=0 sebep=ESLESME_YOK
[2026-09-23 22:02:02] Dlight | assa dogru -kazıyım mı | enyakin=- puan=0 sebep=ESLESME_YOK
[2026-09-23 22:03:10] maceswap | ne kadar | enyakin=- puan=0 sebep=ESLESME_YOK
[2026-09-23 22:03:12] kamran2 | ayaz kim? | enyakin=- puan=0 sebep=ESLESME_YOK
[2026-09-23 22:03:15] 06erenw06 | kaç verisin | enyakin=- puan=0 sebep=ESLESME_YOK
[2026-09-23 22:03:59] 1R0SE | elmas teki ne kadar maceswap | enyakin=- puan=0 sebep=ESLESME_YOK
[2026-09-23 22:04:48] OKTAY3169_31 | eren 3 elmas bana ne kadar verişi | enyakin=- puan=0 sebep=ESLESME_YOK
[2026-09-23 22:05:58] AyiBogan064 | nei spawnneei mi | enyakin=spawn-warp puan=1 sebep=SINYAL_ZAYIF
[2026-09-23 22:06:03] MAL_8cj86y | dc olan var mı | enyakin=- puan=0 sebep=ESLESME_YOK
[2026-09-23 22:09:53] AyiBogan064 | koydum kram mi | enyakin=- puan=0 sebep=ESLESME_YOK
[2026-09-23 22:10:12] Dlight | yemek satın alcan mı | enyakin=site-kredi puan=2 sebep=SINYAL_ZAYIF
[2026-09-23 22:13:14] OKTAY3169_31 | balta falan nerden alyok | enyakin=- puan=0 sebep=ESLESME_YOK
[2026-09-23 22:13:59] AyiBogan064 | samir sen onu nerden aldin | enyakin=- puan=0 sebep=ESLESME_YOK
[2026-09-23 22:14:46] kamran2 | numaran ne? | enyakin=- puan=0 sebep=ESLESME_YOK
[2026-09-23 22:16:29] adala7 | kaç tane gettim | enyakin=- puan=0 sebep=ESLESME_YOK
[2026-09-23 22:17:10] Dlight | gelcen mi vs | enyakin=- puan=0 sebep=ESLESME_YOK
[2026-09-23 22:17:12] adala7 | para atma komutu neydi | enyakin=para-kazanma puan=1 sebep=SINYAL_ZAYIF
[2026-09-23 22:18:14] samirsamir2323 | nereye gi̇ti̇n | enyakin=- puan=0 sebep=ESLESME_YOK
[2026-09-23 22:21:54] Dlight | gelcen mi laku vs alanına | enyakin=- puan=0 sebep=ESLESME_YOK
[2026-09-23 22:23:53] AyiBogan064 | kelleye ödül koyma komutu neydi | enyakin=menu puan=1 sebep=SINYAL_ZAYIF
[2026-09-23 22:25:26] AyiBogan064 | kelleye ödül koyma komutu neydi | enyakin=menu puan=1 sebep=SINYAL_ZAYIF
[2026-09-23 22:25:34] Dlight | niye cevap vermiyo laku apat | enyakin=- puan=0 sebep=ESLESME_YOK
[2026-09-23 22:27:26] Ramazan6414 | ayibogan kime kyycan | enyakin=- puan=0 sebep=ESLESME_YOK
[2026-09-23 22:29:45] adala7 | rehber bir eşyayı çok satınca daha yüksek fiyata mı satıyorum | enyakin=esya-satma puan=1 sebep=SINYAL_ZAYIF
[2026-09-23 22:30:32] adala7 | rehber /sell komutuyla çok eşya satarsam o kadar pahalıya mı satarım /sell komutuyla | enyakin=esya-satma puan=1 sebep=SINYAL_ZAYIF
[2026-09-23 22:30:53] ciro | vahşi bölgeeden nası çıkılıyo | enyakin=- puan=0 sebep=ESLESME_YOK
[2026-09-23 22:31:31] adala7 | piyasa mı canlı | enyakin=- puan=0 sebep=ESLESME_YOK
[2026-09-23 22:36:51] Dlight | zumrut satin alcan mi | enyakin=site-kredi puan=2 sebep=SINYAL_ZAYIF
[2026-09-23 22:37:04] OnlyVan | kaldırayım mı | enyakin=- puan=0 sebep=ESLESME_YOK
[2026-09-23 22:38:55] adala7 | rehber piyasa canlı mı | enyakin=- puan=0 sebep=ESLESME_YOK
[2026-09-23 22:40:15] Dlight | esya var mi lakudan kalan | enyakin=- puan=0 sebep=ESLESME_YOK
[2026-09-23 22:40:17] VortexAyaz | niye edelim ki | enyakin=- puan=0 sebep=ESLESME_YOK
[2026-09-23 22:41:14] Dlight | yapcaz mı | enyakin=- puan=0 sebep=ESLESME_YOK
[2026-09-23 22:41:42] AyiBogan064 | senden mi korkcaz | enyakin=- puan=0 sebep=ESLESME_YOK
[2026-09-23 22:41:43] VortexAyaz | kömür satan? | enyakin=- puan=0 sebep=ESLESME_YOK
[2026-09-23 22:46:10] AyiBogan064 | ne kadar ban atsanda | enyakin=ceza-itiraz puan=1 sebep=SINYAL_ZAYIF
[2026-09-23 22:53:31] samirsamir2323 | ben base de /home yapmak isdiyom nasil yapiyim | enyakin=ev-home puan=1 sebep=SINYAL_ZAYIF
[2026-09-23 22:54:25] Dlight | vs gelcen mi | enyakin=- puan=0 sebep=ESLESME_YOK
[2026-09-23 22:57:56] Dlight | gelcen mi topalcoo | enyakin=- puan=0 sebep=ESLESME_YOK
[2026-09-23 23:03:31] hasi_17 | sezon haftaya yenileniyor mu | enyakin=- puan=0 sebep=ESLESME_YOK
[2026-09-23 23:07:59] Hyper | rüzgar kim dlight rüzgar clawolf dşodu patlatık | enyakin=- puan=0 sebep=ESLESME_YOK
[2026-09-23 23:23:10] mertrrw | elmas set olan benle vs gelsin? | enyakin=- puan=0 sebep=ESLESME_YOK
[2026-09-23 23:29:45] Hyper | 1v1 vahşi bölge ? | enyakin=- puan=0 sebep=ESLESME_YOK
[2026-09-24 00:02:05] Tuzbey | 44 kişi niye konusmuyor | enyakin=- puan=0 sebep=ESLESME_YOK
[2026-09-24 00:02:22] Arron1 | tüm gün konuştuk yetmez mi | enyakin=- puan=0 sebep=ESLESME_YOK
[2026-09-24 00:15:07] apathyharbi | eleman kaportadan cıkıp cafeye calısmaya gidior bu nasl hayat e | enyakin=- puan=0 sebep=ESLESME_YOK
[2026-09-24 00:31:43] M_SPOWER2204 | rehberlik nerde | enyakin=- puan=0 sebep=ESLESME_YOK
[2026-09-24 01:46:03] MELCANXDR | ne kadardan satıyon | enyakin=- puan=0 sebep=ESLESME_YOK
[2026-09-24 01:46:26] M_SPOWER2204 | ne kadar lazım | enyakin=- puan=0 sebep=ESLESME_YOK
[2026-09-24 07:28:51] Eggyproc2 | nereden alın8yor | enyakin=- puan=0 sebep=ESLESME_YOK
[2026-09-24 07:30:34] Eggyproc2 | nerede saklayabiliyoruz | enyakin=- puan=0 sebep=ESLESME_YOK
[2026-09-24 09:32:32] zyrathis | burak tpa kabul etsene nerden gircemi bilmiyom smp ye | enyakin=isinlanma-istegi puan=1 sebep=SINYAL_ZAYIF
[2026-09-24 10:01:30] apathyharbi | nerden buldun bunları sen | enyakin=- puan=0 sebep=ESLESME_YOK
[2026-09-24 10:48:12] zyrathis | kim kesti beni | enyakin=- puan=0 sebep=ESLESME_YOK
[2026-09-24 10:59:29] cavad306 | yazdin mi | enyakin=- puan=0 sebep=ESLESME_YOK
[2026-09-24 11:03:07] cavad306 | Sen neden oynuyon | enyakin=- puan=0 sebep=ESLESME_YOK
[2026-09-24 11:05:00] AhmetGunes | envanter korunuyor mu | enyakin=envanter-koruma puan=1 sebep=SINYAL_ZAYIF
[2026-09-24 11:05:19] cavad306 | para lazim mi sana | enyakin=para-kazanma puan=1 sebep=SINYAL_ZAYIF
[2026-09-24 11:05:43] AhmetGunes | nasıl yani | enyakin=- puan=0 sebep=ESLESME_YOK
[2026-09-24 11:09:22] Alkimo | admin online var mı | enyakin=- puan=0 sebep=ESLESME_YOK
[2026-09-24 11:26:37] AhmetGunes | sunucu ne zamandır acık | enyakin=- puan=0 sebep=ESLESME_YOK
[2026-09-24 11:28:06] cavad306 | geleyim mi | enyakin=- puan=0 sebep=ESLESME_YOK
[2026-09-24 11:29:01] AhmetGunes | bütün evleri sen mi yaptın yoksa köy mü burası | enyakin=- puan=0 sebep=ESLESME_YOK
[2026-09-24 11:31:24] cavad306 | atiyim mi tp | enyakin=isinlanma-istegi puan=1 sebep=SINYAL_ZAYIF
[2026-09-24 11:33:12] cavad306 | tp yi kabul et cen mi | enyakin=isinlanma-istegi puan=1 sebep=SINYAL_ZAYIF
[2026-09-24 11:33:34] cavad306 | kime vuran | enyakin=- puan=0 sebep=ESLESME_YOK
[2026-09-24 11:35:53] cavad306 | kime tp ata bilirim | enyakin=isinlanma-istegi puan=1 sebep=SINYAL_ZAYIF
[2026-09-24 11:38:14] cavad306 | to atayim mi sana | enyakin=- puan=0 sebep=ESLESME_YOK
[2026-09-24 11:38:22] apathyharbi | nie bana tp atmak istiorsun tam olarak sebebi nedir | enyakin=isinlanma-istegi puan=1 sebep=SINYAL_ZAYIF
[2026-09-24 11:41:06] Hamsi6363 | nasil olmedin | enyakin=- puan=0 sebep=ESLESME_YOK
[2026-09-24 11:42:41] cavad306 | ipeksli kazma kac | enyakin=- puan=0 sebep=ESLESME_YOK
[2026-09-24 11:43:26] cavad306 | sana gogusluk lazim mi | enyakin=- puan=0 sebep=ESLESME_YOK
[2026-09-24 11:45:19] cavad306 | sana esya lqzim mi | enyakin=- puan=0 sebep=ESLESME_YOK
[2026-09-24 11:46:01] Hamsi6363 | nasil olmes | enyakin=- puan=0 sebep=ESLESME_YOK
[2026-09-24 11:47:15] cavad306 | apat tuzak mi kuruyon | enyakin=- puan=0 sebep=ESLESME_YOK
[2026-09-24 11:49:49] cavad306 | delme hangi eys ya gidiyo | enyakin=- puan=0 sebep=ESLESME_YOK
[2026-09-24 11:57:29] apathyharbi | spawnda nasıl vereyim kanka | enyakin=spawn-warp puan=1 sebep=SINYAL_ZAYIF
[2026-09-24 12:52:15] samirsamir2323 | yonetci nasil gel bak | enyakin=- puan=0 sebep=ESLESME_YOK
[2026-09-24 12:54:00] samirsamir2323 | yonetci abi bana bi elitra vrsen olur mu sen server 19 saat oynadim | enyakin=- puan=0 sebep=ESLESME_YOK
[2026-09-24 13:38:03] Hamsi6363 | kimin xp farmi var? | enyakin=en-iyi-farm puan=1 sebep=SINYAL_ZAYIF
[2026-09-24 14:00:10] 46reis_imp | olm bune cadı nerden bulak | enyakin=- puan=0 sebep=ESLESME_YOK
[2026-09-24 14:08:19] 46reis_imp | şey göstersene nası bişe | enyakin=- puan=0 sebep=ESLESME_YOK
[2026-09-24 14:15:32] yahya6776 | nasıl dünyaya tp atacam | enyakin=isinlanma-istegi puan=1 sebep=SINYAL_ZAYIF
[2026-09-24 14:16:02] yahya6776 | nasıl dünyaya tp ataca | enyakin=isinlanma-istegi puan=1 sebep=SINYAL_ZAYIF
[2026-09-24 14:22:34] GainedSine97723 | lan nasıl oldun | enyakin=- puan=0 sebep=ESLESME_YOK
[2026-09-24 14:24:21] Hamsi6363 | ne zaman var yonetiçi | enyakin=- puan=0 sebep=ESLESME_YOK
[2026-09-24 14:25:22] Hamsi6363 | yonetici abi nezaman etkinlik var | enyakin=yaris puan=1 sebep=SINYAL_ZAYIF
[2026-09-24 14:27:03] Hamsi6363 | uçuncumuz nerde | enyakin=- puan=0 sebep=ESLESME_YOK
[2026-09-24 14:29:41] 46reis_imp | buunu kim yapmış | enyakin=- puan=0 sebep=ESLESME_YOK
[2026-09-24 14:30:08] Arda482977 | biri ışınlanabilir mi korkuyom yanlızım | enyakin=rtp puan=1 sebep=SINYAL_ZAYIF
[2026-09-24 14:37:59] Hamsi6363 | base yapcam takimdan kim gelcek | enyakin=takim puan=1 sebep=SINYAL_ZAYIF
[2026-09-24 14:39:07] Arda482977 | nasıl geleyim ben bir noobum zaten ışınlanmayı bile bilmiyom | enyakin=rtp puan=1 sebep=SINYAL_ZAYIF
[2026-09-24 14:39:58] Arda482977 | nasıl şimdi karanlık bi madendeyim | enyakin=- puan=0 sebep=ESLESME_YOK
[2026-09-24 14:42:16] Arda482977 | neden olmadı tekrar göndereyim mi | enyakin=para-gonderme puan=1 sebep=SINYAL_ZAYIF
[2026-09-24 14:46:07] Arda482977 | nereye gittin | enyakin=- puan=0 sebep=ESLESME_YOK
[2026-09-24 14:46:51] Arda482977 | ben mi sana | enyakin=- puan=0 sebep=ESLESME_YOK
[2026-09-24 14:48:28] Arda482977 | benmi kimmm | enyakin=- puan=0 sebep=ESLESME_YOK
[2026-09-24 14:50:25] KaChow95 | suan nasıl survival oynyabilirim | enyakin=orman-gitme puan=1 sebep=SINYAL_ZAYIF
[2026-09-24 15:03:12] Arda482977 | baseyi nereye yapak | enyakin=- puan=0 sebep=ESLESME_YOK
[2026-09-24 15:16:26] Arda482977 | ne zaman gelecen | enyakin=- puan=0 sebep=ESLESME_YOK
[2026-09-24 15:17:01] Arda482977 | tamam mrak ettim yenildin mi diye | enyakin=- puan=0 sebep=ESLESME_YOK
[2026-09-24 15:22:25] apathyharbi | banamısın kamran2? | enyakin=- puan=0 sebep=ESLESME_YOK
[2026-09-24 15:23:54] kamran2 | knk bana nedr set vermisn? | enyakin=- puan=0 sebep=ESLESME_YOK
[2026-09-24 15:27:44] kamran2 | lan nedennn | enyakin=- puan=0 sebep=ESLESME_YOK
[2026-09-24 15:29:29] Arda482977 | acemi koruman mı var | enyakin=- puan=0 sebep=ESLESME_YOK
[2026-09-24 15:30:50] kamran2 | kim benle takılır | enyakin=- puan=0 sebep=ESLESME_YOK
[2026-09-24 15:31:43] kamran2 | benlemi team? | enyakin=takim puan=1 sebep=SINYAL_ZAYIF
[2026-09-24 15:32:07] kamran2 | benlemi team? | enyakin=takim puan=1 sebep=SINYAL_ZAYIF
[2026-09-24 15:36:13] kamran2 | kimin basesi var??? | enyakin=- puan=0 sebep=ESLESME_YOK
[2026-09-24 15:36:49] kamran2 | kimin basesi var??? | enyakin=- puan=0 sebep=ESLESME_YOK
[2026-09-24 15:37:02] kamran2 | kimin basesi var???? | enyakin=- puan=0 sebep=ESLESME_YOK
[2026-09-24 15:39:16] Hamsi6363 | etkinlike kaç kaldi | enyakin=yaris puan=1 sebep=SINYAL_ZAYIF
[2026-09-24 15:51:24] BothCape6809 | kim benle bys yapacak pls | enyakin=- puan=0 sebep=ESLESME_YOK
[2026-09-24 15:51:44] strogythor | team olur musun, | enyakin=takim puan=1 sebep=SINYAL_ZAYIF
[2026-09-24 15:52:02] BothCape6809 | kime gel diyonuz banami | enyakin=- puan=0 sebep=ESLESME_YOK
[2026-09-24 15:52:23] apathyharbi | olm sen nasıl bi varlıksın tam olarak | enyakin=- puan=0 sebep=ESLESME_YOK
[2026-09-24 15:52:36] apathyharbi | amacın ne senin suan? | enyakin=- puan=0 sebep=ESLESME_YOK
[2026-09-24 15:54:45] strogythor | kachow onaylican mı | enyakin=- puan=0 sebep=ESLESME_YOK
[2026-09-24 15:54:54] KaChow95 | niye onaylim | enyakin=- puan=0 sebep=ESLESME_YOK
[2026-09-24 15:55:40] BothCape6809 | nasil tp atiliyo | enyakin=isinlanma-istegi puan=1 sebep=SINYAL_ZAYIF
[2026-09-24 15:56:22] strogythor | botcape team olcan mı | enyakin=takim puan=1 sebep=SINYAL_ZAYIF
[2026-09-24 15:57:13] strogythor | kamran niye gittin | enyakin=- puan=0 sebep=ESLESME_YOK
[2026-09-24 15:59:10] strogythor | baslangic gorevleri, biiti mi senin | enyakin=gunluk-gorev puan=1 sebep=SINYAL_ZAYIF
[2026-09-24 16:00:33] strogythor | basei nası yapcaz | enyakin=- puan=0 sebep=ESLESME_YOK
[2026-09-24 16:00:59] kamran2 | lan kim yaptı | enyakin=- puan=0 sebep=ESLESME_YOK
[2026-09-24 16:07:05] kamran2 | knklar baseniz vamı? | enyakin=- puan=0 sebep=ESLESME_YOK
[2026-09-24 16:07:35] kamran2 | nerede patlatdıı | enyakin=- puan=0 sebep=ESLESME_YOK
[2026-09-24 16:07:35] RivalWheel8582 | Hatay 64 elmas kaç k eder | enyakin=- puan=0 sebep=ESLESME_YOK
[2026-09-24 16:08:01] kamran2 | nerede patlatdıı hyper | enyakin=- puan=0 sebep=ESLESME_YOK
[2026-09-24 16:10:47] strogythor | kac elmas buldun | enyakin=- puan=0 sebep=ESLESME_YOK
[2026-09-24 16:11:57] strogythor | niye noldu | enyakin=- puan=0 sebep=ESLESME_YOK
[2026-09-24 16:12:09] KaChow95 | base nerde | enyakin=- puan=0 sebep=ESLESME_YOK
[2026-09-24 16:14:20] BothCape6809 | bunu nerden buldun | enyakin=- puan=0 sebep=ESLESME_YOK
[2026-09-24 16:18:10] RivalWheel8582 | Kamran niye öldürdün beni | enyakin=- puan=0 sebep=ESLESME_YOK
[2026-09-24 16:18:46] samirsamir2323 | yoetci gel bene bak nasil | enyakin=- puan=0 sebep=ESLESME_YOK
[2026-09-24 16:20:12] kamran2 | vermiyonuz ne yapayım? | enyakin=- puan=0 sebep=ESLESME_YOK
[2026-09-24 16:25:49] kamran2 | nedennnn??? | enyakin=- puan=0 sebep=ESLESME_YOK
[2026-09-24 16:40:39] Hamsi6363 | etkinlik kaç kaldi | enyakin=yaris puan=1 sebep=SINYAL_ZAYIF
[2026-09-24 16:42:13] Hatayli2239 | kaç elmas oldu | enyakin=- puan=0 sebep=ESLESME_YOK
[2026-09-24 16:42:49] kamran2 | ne kadar | enyakin=- puan=0 sebep=ESLESME_YOK
[2026-09-24 16:43:14] kamran2 | la ne kadarr | enyakin=- puan=0 sebep=ESLESME_YOK
[2026-09-24 16:48:32] kamran2 | knk banada nedr yapakmı? | enyakin=- puan=0 sebep=ESLESME_YOK
[2026-09-24 16:52:36] Zenix_9 | başka yere nasıl ışınlancam, | enyakin=rtp puan=1 sebep=SINYAL_ZAYIF
[2026-09-24 16:53:27] kamran2 | revan azerimisin? | enyakin=- puan=0 sebep=ESLESME_YOK
[2026-09-24 16:55:46] Hamsi6363 | etkinlike kaç kaldi | enyakin=yaris puan=1 sebep=SINYAL_ZAYIF
[2026-09-24 17:03:43] BLACKMONSTERR | lan nasıl | enyakin=- puan=0 sebep=ESLESME_YOK
[2026-09-24 17:16:00] samirsamir2323 | arkdas lar baslaqin yerine gitmek isdiyom amma gide miyom nasil gidiyim | enyakin=- puan=0 sebep=ESLESME_YOK
[2026-09-24 17:20:50] egemen1559 | sen mi hildun basemi | enyakin=- puan=0 sebep=ESLESME_YOK
[2026-09-24 17:22:29] samirsamir2323 | tpa atan var mi | enyakin=isinlanma-istegi puan=1 sebep=SINYAL_ZAYIF
[2026-09-24 17:22:55] egemen1559 | bulduğun base nasıl biyerdi | enyakin=- puan=0 sebep=ESLESME_YOK
[2026-09-24 17:23:11] Emiryagizkaya | yetkili var mı | enyakin=- puan=0 sebep=ESLESME_YOK
[2026-09-24 17:23:53] HHamza19075791 | tp atın zümrüt buldum ilk kim atarsa onundur | enyakin=isinlanma-istegi puan=1 sebep=SINYAL_ZAYIF
[2026-09-24 17:24:21] Emiryagizkaya | isim söylüyüm mü kanalın | enyakin=- puan=0 sebep=ESLESME_YOK
[2026-09-24 17:24:29] kamran2 | balta nerede | enyakin=- puan=0 sebep=ESLESME_YOK
[2026-09-24 17:24:45] ZerhiiMC | senin niye esyalar yok tenticra | enyakin=- puan=0 sebep=ESLESME_YOK
[2026-09-24 17:28:07] kamran2 | knk bana baltayı vermisin? | enyakin=- puan=0 sebep=ESLESME_YOK
[2026-09-24 17:28:16] samirsamir2323 | tpa atan var mi | enyakin=isinlanma-istegi puan=1 sebep=SINYAL_ZAYIF
[2026-09-24 17:28:34] ZerhiiMC | niye öyle bisi yaptin | enyakin=- puan=0 sebep=ESLESME_YOK
[2026-09-24 17:28:42] HHamza19075791 | Gerçek diyorum yarık buldum gelin ilk kim atarsa onunla | enyakin=- puan=0 sebep=ESLESME_YOK
[2026-09-24 17:30:16] Emiryagizkaya | yetkili biri item verebilir mi | enyakin=- puan=0 sebep=ESLESME_YOK
[2026-09-24 17:30:27] HASANXBABA | yahu madem banladınız eşyalarım nerede | enyakin=- puan=0 sebep=ESLESME_YOK
[2026-09-24 17:32:17] Emiryagizkaya | item verebilecek var mı | enyakin=- puan=0 sebep=ESLESME_YOK
[2026-09-24 17:33:01] samirsamir2323 | tpa atan var mi | enyakin=isinlanma-istegi puan=1 sebep=SINYAL_ZAYIF
[2026-09-24 17:34:32] Ramazan6414 | elmas kılıc buyulu mü | enyakin=buyu-masasi puan=1 sebep=SINYAL_ZAYIF
[2026-09-24 17:36:22] samirsamir2323 | tpa atan var mi | enyakin=isinlanma-istegi puan=1 sebep=SINYAL_ZAYIF
[2026-09-24 17:39:39] SmallTree615593 | eşya vercek var mı | enyakin=- puan=0 sebep=ESLESME_YOK
[2026-09-24 17:41:36] samirsamir2323 | tpa atan var mi | enyakin=isinlanma-istegi puan=1 sebep=SINYAL_ZAYIF
[2026-09-24 17:43:15] samirsamir2323 | tpa atan var mi\ | enyakin=isinlanma-istegi puan=1 sebep=SINYAL_ZAYIF
[2026-09-24 17:45:03] SmallTree615593 | nasıl tp atılıp | enyakin=isinlanma-istegi puan=1 sebep=SINYAL_ZAYIF
[2026-09-24 17:45:30] HHamza19075791 | ya kimse niye takmiyor beni | enyakin=- puan=0 sebep=ESLESME_YOK
[2026-09-24 17:48:10] HHamza19075791 | smalltree base yapak mı | enyakin=- puan=0 sebep=ESLESME_YOK
[2026-09-24 17:50:23] ZerhiiMC | olm hicbirinizde simple voice chat yokmu,yada sunucuya mı kurulmadi | enyakin=- puan=0 sebep=ESLESME_YOK
[2026-09-24 17:51:50] samirsamir2323 | tpa atan var mi | enyakin=isinlanma-istegi puan=1 sebep=SINYAL_ZAYIF
[2026-09-24 17:54:23] samirsamir2323 | tpa atan var mi | enyakin=isinlanma-istegi puan=1 sebep=SINYAL_ZAYIF
[2026-09-24 17:56:01] SmallTree615593 | sen sunucuya ne zaman başladın | enyakin=- puan=0 sebep=ESLESME_YOK
[2026-09-24 17:58:31] samirsamir2323 | tpa atan var mi | enyakin=isinlanma-istegi puan=1 sebep=SINYAL_ZAYIF
[2026-09-24 17:58:52] samirsamir2323 | tpa atan var mi | enyakin=isinlanma-istegi puan=1 sebep=SINYAL_ZAYIF
[2026-09-24 17:59:26] samirsamir2323 | tpa atan var mi | enyakin=isinlanma-istegi puan=1 sebep=SINYAL_ZAYIF
[2026-09-24 18:01:08] samirsamir2323 | kim tpa atyior | enyakin=isinlanma-istegi puan=1 sebep=SINYAL_ZAYIF
[2026-09-24 18:01:39] samirsamir2323 | tpa atan var mi | enyakin=isinlanma-istegi puan=1 sebep=SINYAL_ZAYIF
[2026-09-24 18:01:45] SmallTree615593 | balta istiom mu buyulu | enyakin=buyu-masasi puan=1 sebep=SINYAL_ZAYIF
[2026-09-24 18:01:55] samirsamir2323 | tpa atan var mi | enyakin=isinlanma-istegi puan=1 sebep=SINYAL_ZAYIF
[2026-09-24 18:02:13] samirsamir2323 | kim atiyorsa ona 1 ekitra | enyakin=- puan=0 sebep=ESLESME_YOK
[2026-09-24 18:03:33] RivalWheel8582 | rehber nerde | enyakin=- puan=0 sebep=ESLESME_YOK
[2026-09-24 18:04:16] Eggyproc2 | gercek mi lan bu | enyakin=- puan=0 sebep=ESLESME_YOK
[2026-09-24 18:06:49] samirsamir2323 | kim tp atiyo | enyakin=isinlanma-istegi puan=1 sebep=SINYAL_ZAYIF
[2026-09-24 18:07:09] samirsamir2323 | kim tpa atiyo | enyakin=isinlanma-istegi puan=1 sebep=SINYAL_ZAYIF
[2026-09-24 18:07:18] Eggyproc2 | nasıl o kadar param var? | enyakin=para-kazanma puan=1 sebep=SINYAL_ZAYIF
[2026-09-24 18:09:56] SmallTree615593 | yemeğin var mı | enyakin=- puan=0 sebep=ESLESME_YOK
[2026-09-24 18:11:02] MehmetMC3667 | çekiliş mi var | enyakin=- puan=0 sebep=ESLESME_YOK
[2026-09-24 18:18:44] ZerhiiMC | aga ama sen niye vrdun | enyakin=- puan=0 sebep=ESLESME_YOK
[2026-09-24 18:19:51] ZerhiiMC | spawn noktani neden ayarlamadkn ki | enyakin=spawn-warp puan=1 sebep=SINYAL_ZAYIF
[2026-09-24 18:22:34] Elisainho | team olcak var mı | enyakin=takim puan=1 sebep=SINYAL_ZAYIF
[2026-09-24 18:23:59] Elisainho | koruma kapanmıyor mu | enyakin=- puan=0 sebep=ESLESME_YOK
[2026-09-24 18:24:29] mdoruk | niye söylemiyorsunuz olm | enyakin=- puan=0 sebep=ESLESME_YOK
[2026-09-24 18:26:18] RivalWheel8582 | niye alım | enyakin=- puan=0 sebep=ESLESME_YOK
[2026-09-24 18:31:21] ZerhiiMC | nasil duruyo bakiyo vurunca kajsjwjwkansshwhjakszneh | enyakin=savas-etiketi puan=1 sebep=SINYAL_ZAYIF
[2026-09-24 18:32:05] JrCode4 | zombi sp değeri nedir? | enyakin=- puan=0 sebep=ESLESME_YOK
[2026-09-24 18:33:07] ZerhiiMC | mobil ama java olanlar+1 yazabilir mi | enyakin=- puan=0 sebep=ESLESME_YOK
[2026-09-24 18:36:55] SmallTree615593 | Hamza bu kim | enyakin=- puan=0 sebep=ESLESME_YOK
[2026-09-24 18:38:21] ZerhiiMC | hatayli kesem mi seni be | enyakin=- puan=0 sebep=ESLESME_YOK
[2026-09-24 18:38:39] ZerhiiMC | hatayli k kesim mi seni | enyakin=- puan=0 sebep=ESLESME_YOK
[2026-09-24 18:39:41] _Bla8e | yönetici sen nası aktifsin diğier sunucularda hiç değiller | enyakin=- puan=0 sebep=ESLESME_YOK
[2026-09-24 18:44:20] SmallTree615593 | Duo olcak var mı benle | enyakin=- puan=0 sebep=ESLESME_YOK
[2026-09-24 18:49:26] JrCode4 | ipeksi satan yok mu | enyakin=- puan=0 sebep=ESLESME_YOK
[2026-09-24 18:49:29] Hamsi6363 | nasil klonlicaksün egemen abi | enyakin=- puan=0 sebep=ESLESME_YOK
[2026-09-24 18:55:34] samirsamir2323 | kim isder | enyakin=- puan=0 sebep=ESLESME_YOK
[2026-09-24 19:02:28] Hatayli2239 | setin nerde | enyakin=- puan=0 sebep=ESLESME_YOK
[2026-09-24 19:03:07] Hatayli2239 | setin nerde | enyakin=- puan=0 sebep=ESLESME_YOK
[2026-09-24 19:03:18] Hatayli2239 | knk setin nerde | enyakin=- puan=0 sebep=ESLESME_YOK
[2026-09-24 19:04:13] Dlight | shulker var mı | enyakin=- puan=0 sebep=ESLESME_YOK
[2026-09-24 19:04:38] Dlight | shulker var mı | enyakin=- puan=0 sebep=ESLESME_YOK
[2026-09-24 19:05:06] Dlight | shulker var mi | enyakin=- puan=0 sebep=ESLESME_YOK
[2026-09-24 19:11:43] Dlight | shulker var mı | enyakin=- puan=0 sebep=ESLESME_YOK
[2026-09-24 19:19:03] laviva | mcden bilgilere hangi tuşla bakıyoduk laptop | enyakin=- puan=0 sebep=ESLESME_YOK
[2026-09-24 19:20:23] laviva | rehebr buldun mu tuşu | enyakin=- puan=0 sebep=ESLESME_YOK
[2026-09-24 19:20:39] maceswap | tuşu nerden bileyim | enyakin=- puan=0 sebep=ESLESME_YOK
[2026-09-24 19:22:20] FATE | ne kadar | enyakin=- puan=0 sebep=ESLESME_YOK
[2026-09-24 19:22:29] DR_TK187 | Max kaç veririsn | enyakin=- puan=0 sebep=ESLESME_YOK
[2026-09-24 19:22:42] FATE | sen kaç istediğini söyle | enyakin=- puan=0 sebep=ESLESME_YOK
[2026-09-24 19:23:03] FATE | kaç istediğine bağlı | enyakin=- puan=0 sebep=ESLESME_YOK
[2026-09-24 19:32:48] Dlight | shulker var mı | enyakin=- puan=0 sebep=ESLESME_YOK
[2026-09-24 19:33:02] Dlight | hızlı kıran kazma sende mi | enyakin=- puan=0 sebep=ESLESME_YOK
[2026-09-24 19:34:17] Dlight | hızlı kıran kazma var mı hic sende | enyakin=- puan=0 sebep=ESLESME_YOK
[2026-09-24 19:34:32] Ramazan6414 | verimlilik 5 givi mi | enyakin=- puan=0 sebep=ESLESME_YOK
[2026-09-24 19:35:34] Ramazan6414 | ver geri tamam mı hediye o kazma bana | enyakin=- puan=0 sebep=ESLESME_YOK
[2026-09-24 19:37:53] AyiBogan064 | elması kaçtan aliyon | enyakin=- puan=0 sebep=ESLESME_YOK
[2026-09-24 19:38:07] AyiBogan064 | ramazan elması kaçtan alıyon | enyakin=- puan=0 sebep=ESLESME_YOK
[2026-09-24 19:38:20] samirsamir2323 | tpa atanvar mi | enyakin=isinlanma-istegi puan=1 sebep=SINYAL_ZAYIF
[2026-09-24 19:41:51] Dlight | kazmanla arkıma base yapcam olur mu | enyakin=- puan=0 sebep=ESLESME_YOK
[2026-09-24 19:44:35] Hyper | olum parayı nasıl yapın | enyakin=para-kazanma puan=1 sebep=SINYAL_ZAYIF
[2026-09-24 19:47:02] Dlight | bana kac olur ramo | enyakin=- puan=0 sebep=ESLESME_YOK
[2026-09-24 19:47:51] cavad306 | esya satiyon mu | enyakin=- puan=0 sebep=ESLESME_YOK
[2026-09-24 19:49:23] egemen1559 | RivalWheel kaç kaç bişver gel | enyakin=- puan=0 sebep=ESLESME_YOK
[2026-09-24 19:50:05] cavad306 | atayim mi | enyakin=- puan=0 sebep=ESLESME_YOK
[2026-09-24 19:51:31] samirsamir2323 | eve mi koydu | enyakin=- puan=0 sebep=ESLESME_YOK
[2026-09-24 19:51:36] haciyeff | kasalara nasi gidiyoduk | enyakin=kasa puan=1 sebep=SINYAL_ZAYIF
[2026-09-24 19:52:30] samirsamir2323 | kk sen nerde sin | enyakin=- puan=0 sebep=ESLESME_YOK
[2026-09-24 19:52:52] samirsamir2323 | sene biryerde yapdimiz mi | enyakin=- puan=0 sebep=ESLESME_YOK
[2026-09-24 19:53:25] emirMinecraft | kim benle takım olacak bilek var | enyakin=takim puan=1 sebep=SINYAL_ZAYIF
[2026-09-24 19:53:44] AyiBogan064 | sen nerden buldun bu kadar | enyakin=- puan=0 sebep=ESLESME_YOK
[2026-09-24 19:54:46] cavad306 | bisey sorcam maceswap kilic a mi net bakiyim yoksa kazma mi | enyakin=- puan=0 sebep=ESLESME_YOK
[2026-09-24 19:55:14] cavad306 | sence hangisi trade atiyom bekle | enyakin=- puan=0 sebep=ESLESME_YOK
[2026-09-24 19:55:41] cavad306 | hangisi sence | enyakin=- puan=0 sebep=ESLESME_YOK
[2026-09-24 19:55:54] cavad306 | klic ami bakiyim? | enyakin=- puan=0 sebep=ESLESME_YOK
[2026-09-24 19:56:49] egemen1559 | nerde ben ćagirdim sizinkesen adami | enyakin=- puan=0 sebep=ESLESME_YOK
[2026-09-24 19:57:31] egemen1559 | olm nası herşeyi sen almadinmi | enyakin=- puan=0 sebep=ESLESME_YOK
[2026-09-24 19:57:45] samirsamir2323 | ee neden girmiyon oyna | enyakin=- puan=0 sebep=ESLESME_YOK
[2026-09-24 19:58:52] Ramazan6414 | aga ors yapamıyorum neden | enyakin=- puan=0 sebep=ESLESME_YOK
[2026-09-24 20:00:03] RivalWheel8582 | egemen niye öldürdün niye güvenmiyor sun | enyakin=- puan=0 sebep=ESLESME_YOK
[2026-09-24 20:00:13] samirsamir2323 | gidek mi | enyakin=- puan=0 sebep=ESLESME_YOK
[2026-09-24 20:00:50] RivalWheel8582 | ender pearl nerde | enyakin=- puan=0 sebep=ESLESME_YOK
[2026-09-24 20:01:10] AyiBogan064 | maden mi | enyakin=- puan=0 sebep=ESLESME_YOK
[2026-09-24 20:02:24] AyiBogan064 | zeko nerde | enyakin=- puan=0 sebep=ESLESME_YOK
[2026-09-24 20:02:40] samirsamir2323 | sen mi yadin | enyakin=- puan=0 sebep=ESLESME_YOK
[2026-09-24 20:04:49] Ermenkesen61 | o elmas blokları başka basede mi | enyakin=- puan=0 sebep=ESLESME_YOK
[2026-09-24 20:07:21] esmamisim | Yanına alacak var mı alo | enyakin=- puan=0 sebep=ESLESME_YOK
[2026-09-24 20:07:43] esmamisim | Niye ban yicek ki | enyakin=ceza-itiraz puan=1 sebep=SINYAL_ZAYIF
[2026-09-24 20:08:29] RivalWheel8582 | mace setini nasıl aldı | enyakin=- puan=0 sebep=ESLESME_YOK
[2026-09-24 20:08:45] RivalWheel8582 | mace setini öldürmeden nasıl aldı | enyakin=- puan=0 sebep=ESLESME_YOK
[2026-09-24 20:09:43] RivalWheel8582 | nasıl aldın seti | enyakin=- puan=0 sebep=ESLESME_YOK
[2026-09-24 20:09:59] RivalWheel8582 | lan adam set niye istiyor ozaman | enyakin=- puan=0 sebep=ESLESME_YOK
[2026-09-24 20:10:18] Furelfh | beyler bu sunucu sıfırlanıyor mu | enyakin=- puan=0 sebep=ESLESME_YOK
[2026-09-24 20:11:07] haciyeff | olm bana niye event kasasi geldi | enyakin=kasa puan=1 sebep=SINYAL_ZAYIF
[2026-09-24 20:11:11] samirsamir2323 | masa nerde var | enyakin=- puan=0 sebep=ESLESME_YOK
[2026-09-24 20:11:35] AyiBogan064 | Zekeriya nerde | enyakin=- puan=0 sebep=ESLESME_YOK
[2026-09-24 20:12:07] Ramazan6414 | kaç tane | enyakin=- puan=0 sebep=ESLESME_YOK
[2026-09-24 20:13:03] Ermenkesen61 | rehber istediğimiz koordinata tp atabiliyoz mu | enyakin=isinlanma-istegi puan=1 sebep=SINYAL_ZAYIF
[2026-09-24 20:14:04] Ramazan6414 | kim oldu | enyakin=- puan=0 sebep=ESLESME_YOK
[2026-09-24 20:14:20] Ramazan6414 | hangi diva işte | enyakin=- puan=0 sebep=ESLESME_YOK
[2026-09-24 20:14:35] Ramazan6414 | egemen kaç te netheriteyi nekadara satıyorsun | enyakin=nether-gitme puan=1 sebep=SINYAL_ZAYIF
[2026-09-24 20:17:14] Furelfh | beyler bu sunucu sıfırlanıyor mu belli süreden sonra | enyakin=- puan=0 sebep=ESLESME_YOK
[2026-09-24 20:17:59] RivalWheel8582 | mace sen mi öldürdün | enyakin=- puan=0 sebep=ESLESME_YOK
[2026-09-24 20:18:54] JrCode4 | vs gelcek var mı? sword full elmas elmas kılıç | enyakin=- puan=0 sebep=ESLESME_YOK
[2026-09-24 20:20:29] RivalWheel8582 | mace gel eşit şart pvp yumruk vs atak kim alıyor görelim | enyakin=savas-etiketi puan=1 sebep=SINYAL_ZAYIF
[2026-09-24 20:21:37] RivalWheel8582 | ondan mı isim | enyakin=- puan=0 sebep=ESLESME_YOK
[2026-09-24 20:21:48] apathyharbi | DİVA olan varmı? | enyakin=- puan=0 sebep=ESLESME_YOK
[2026-09-24 20:22:20] Furelfh | beyler bişe vercek var mı yeni giri | enyakin=- puan=0 sebep=ESLESME_YOK
[2026-09-24 20:24:30] Ramazan6414 | benden nefret eden varmı? | enyakin=- puan=0 sebep=ESLESME_YOK
[2026-09-24 20:27:00] Hatayli2239 | eşyalarım nerde | enyakin=- puan=0 sebep=ESLESME_YOK
[2026-09-24 20:27:12] Hdwest64 | nasıl ışınlamcam | enyakin=- puan=0 sebep=ESLESME_YOK
[2026-09-24 20:28:30] RivalWheel8582 | ramazan senle napalım kimden korim | enyakin=- puan=0 sebep=ESLESME_YOK
[2026-09-24 20:29:09] AnimalMite2849 | beni demin sen mi tpledin kk | enyakin=- puan=0 sebep=ESLESME_YOK
[2026-09-24 20:30:01] cavad306 | yatka mi lazim | enyakin=- puan=0 sebep=ESLESME_YOK
[2026-09-24 20:30:08] cavad306 | yatak mi lazim | enyakin=- puan=0 sebep=ESLESME_YOK
[2026-09-24 20:30:35] Furelfh | biri cevap verse bu serverın ana pvpsı ne crystal mı mace filan düz smp mi | enyakin=- puan=0 sebep=ESLESME_YOK
[2026-09-24 20:31:50] Tamercraft | admin ben nerden eşya alcam | enyakin=- puan=0 sebep=ESLESME_YOK
[2026-09-24 20:34:32] Hdwest64 | tp nasıl atcam plse | enyakin=isinlanma-istegi puan=1 sebep=SINYAL_ZAYIF
[2026-09-24 20:35:24] topalcoo | kyururu gelcen mı gelmıcemn mı bak gıdıceö | enyakin=- puan=0 sebep=ESLESME_YOK
[2026-09-24 20:36:45] maceswap | ne kadar var | enyakin=- puan=0 sebep=ESLESME_YOK
[2026-09-24 20:37:57] DR_TK187 | ya nasi yapım | enyakin=- puan=0 sebep=ESLESME_YOK
[2026-09-24 20:38:38] RivalWheel8582 | ramazan vs niye gelim | enyakin=- puan=0 sebep=ESLESME_YOK
[2026-09-24 20:39:13] ZerhiiMC | rehber sen bizi neden kestin | enyakin=- puan=0 sebep=ESLESME_YOK
[2026-09-24 20:39:32] RivalWheel8582 | rüzgar baseyi kim patlattı | enyakin=- puan=0 sebep=ESLESME_YOK
[2026-09-24 20:40:13] RivalWheel8582 | rüzgar hyper tabela koymuş intikam alındı diye kim söyledi yerini basenin | enyakin=- puan=0 sebep=ESLESME_YOK
[2026-09-24 20:40:28] Ruzgarin432 | nası yani anlamadım | enyakin=- puan=0 sebep=ESLESME_YOK
[2026-09-24 20:44:24] RivalWheel8582 | nasıl atcam ss | enyakin=- puan=0 sebep=ESLESME_YOK
[2026-09-24 20:45:07] DR_TK187 | ben neden hep kesiliorum ya hep net se4 kasıprum | enyakin=- puan=0 sebep=ESLESME_YOK
[2026-09-24 20:45:11] eymenizmaa33 | ramazan mute mi yedim | enyakin=- puan=0 sebep=ESLESME_YOK
[2026-09-24 20:45:38] mdoruk | niye söylemiyorsunuz olm | enyakin=- puan=0 sebep=ESLESME_YOK
[2026-09-24 20:47:39] RivalWheel8582 | mace sen instada.mi kullanmıyor | enyakin=- puan=0 sebep=ESLESME_YOK
[2026-09-24 20:48:24] maceswap | knk mi dedin | enyakin=- puan=0 sebep=ESLESME_YOK
[2026-09-24 20:49:49] RivalWheel8582 | nasıl katılacak | enyakin=- puan=0 sebep=ESLESME_YOK
[2026-09-24 20:50:25] RivalWheel8582 | knk mace kaç yaşındasın | enyakin=- puan=0 sebep=ESLESME_YOK
[2026-09-24 20:50:52] RivalWheel8582 | mace cevap ? | enyakin=- puan=0 sebep=ESLESME_YOK
[2026-09-24 20:59:10] RivalWheel8582 | neydi ya | enyakin=- puan=0 sebep=ESLESME_YOK
[2026-09-24 20:59:29] RivalWheel8582 | mace ayıp olan bilgisayar tuşu hangisi okulda duymuştum | enyakin=- puan=0 sebep=ESLESME_YOK
[2026-09-24 21:00:23] RivalWheel8582 | mace ayıp bilgisayar tuşu neydi okulda duymuştum da unuttum | enyakin=- puan=0 sebep=ESLESME_YOK
[2026-09-24 21:02:35] prolaysgamer | Kim x ray :/ | enyakin=- puan=0 sebep=ESLESME_YOK
[2026-09-24 21:03:08] NFMB | ne kadar verirsin | enyakin=- puan=0 sebep=ESLESME_YOK
[2026-09-24 21:04:05] DR_TK187 | 28 k ya kaç elmas verirsiniz cil | enyakin=- puan=0 sebep=ESLESME_YOK
[2026-09-24 21:04:31] DR_TK187 | 28 k ya kaç elmas verirsiniz | enyakin=- puan=0 sebep=ESLESME_YOK
[2026-09-24 21:08:06] DR_TK187 | kaç m n var yaaa | enyakin=- puan=0 sebep=ESLESME_YOK
[2026-09-24 21:08:14] mertrrw | dr ne kadar lazımmki | enyakin=- puan=0 sebep=ESLESME_YOK
[2026-09-24 21:09:36] mertrrw | dr_tk ne kadar lazimki̇ | enyakin=- puan=0 sebep=ESLESME_YOK
[2026-09-24 21:14:22] NFMB | rehber iyi bir elmas kazma varmı satabileceğin bana? | enyakin=- puan=0 sebep=ESLESME_YOK
[2026-09-24 21:22:06] kamran2 | benle kim takılır | enyakin=- puan=0 sebep=ESLESME_YOK
[2026-09-24 21:23:02] NFMB | nasıl yani | enyakin=- puan=0 sebep=ESLESME_YOK
[2026-09-24 21:25:26] prolaysgamer | yan hesab sokmak serbest mi | enyakin=kurallar puan=2 sebep=SINYAL_ZAYIF
[2026-09-24 21:25:43] NFMB | BSX ne kadar veriyon kanki | enyakin=- puan=0 sebep=ESLESME_YOK
[2026-09-24 21:32:28] vah | kim bana para atar | enyakin=para-kazanma puan=1 sebep=SINYAL_ZAYIF
[2026-09-24 21:33:27] cverlan | para atacak var mı geldimde | enyakin=para-kazanma puan=1 sebep=SINYAL_ZAYIF
[2026-09-24 21:34:40] cverlan | gelim mi | enyakin=- puan=0 sebep=ESLESME_YOK
[2026-09-24 21:36:30] kamran2 | vericekmisin? | enyakin=- puan=0 sebep=ESLESME_YOK
[2026-09-24 21:39:50] kamran2 | net ney? | enyakin=- puan=0 sebep=ESLESME_YOK
[2026-09-24 21:43:45] JrCode4 | rüzgar çubuğu satan? | enyakin=- puan=0 sebep=ESLESME_YOK
[2026-09-24 21:45:19] kamran2 | kim bana dendr verir | enyakin=- puan=0 sebep=ESLESME_YOK
[2026-09-24 21:47:37] kamran2 | bu spmyi kim yaratdııı?? | enyakin=- puan=0 sebep=ESLESME_YOK
[2026-09-24 21:50:27] prolaysgamer | kokumu aldı bu nasi oyunla | enyakin=- puan=0 sebep=ESLESME_YOK
[2026-09-24 21:52:03] AyiBogan064 | samie yukarı bakcan mi sandık falan koydum | enyakin=- puan=0 sebep=ESLESME_YOK
[2026-09-24 21:56:36] eymenizmaa33 | ev nası silinir ya | enyakin=- puan=0 sebep=ESLESME_YOK
[2026-09-24 21:57:52] ShenzyX | sunucu ne zaman acıldı | enyakin=- puan=0 sebep=ESLESME_YOK
[2026-09-24 21:58:00] samirsamir2323 | iyi de sen buryi ne zaman yapdin | enyakin=- puan=0 sebep=ESLESME_YOK
[2026-09-24 22:02:11] Alkimo | kamış lazım ya da kitap satan yok mu | enyakin=- puan=0 sebep=ESLESME_YOK
[2026-09-24 22:03:02] kralburdaaaa | sadic team olak mi | enyakin=takim puan=1 sebep=SINYAL_ZAYIF
[2026-09-24 22:03:53] samirsamir2323 | kk sen buryai yapdinda bana neden soylemedin | enyakin=- puan=0 sebep=ESLESME_YOK
[2026-09-24 22:04:33] kralburdaaaa | la bende yeniyim eşya vermediler bana team olak mi | enyakin=takim puan=1 sebep=SINYAL_ZAYIF
[2026-09-24 22:10:13] sacid | seni kim kesti | enyakin=- puan=0 sebep=ESLESME_YOK
[2026-09-24 22:11:59] sacid | sen bekle burda ben kasayı açyım olur mu | enyakin=kasa puan=1 sebep=SINYAL_ZAYIF
[2026-09-24 22:12:18] adala7 | . /sell deki ekonominin mantığı nedir | enyakin=esya-satma puan=1 sebep=SINYAL_ZAYIF
[2026-09-24 22:17:41] vah | bana kim 500 yüz para attar | enyakin=para-kazanma puan=1 sebep=SINYAL_ZAYIF
[2026-09-24 22:19:43] Yigitw28343784 | ihale için hangi komut | enyakin=menu puan=1 sebep=SINYAL_ZAYIF
[2026-09-24 22:21:15] AyiBogan064 | nasi olmuś samirle düzwlttik | enyakin=- puan=0 sebep=ESLESME_YOK
[2026-09-24 22:21:36] adala7 | köylüleri nerden buldunuz | enyakin=- puan=0 sebep=ESLESME_YOK
[2026-09-24 22:21:58] samirsamir2323 | nasil yumurta gorevden mi | enyakin=gunluk-gorev puan=1 sebep=SINYAL_ZAYIF
[2026-09-24 22:22:10] adala7 | nereye gelişircez | enyakin=- puan=0 sebep=ESLESME_YOK
[2026-09-24 22:22:47] adala7 | yükseklik nasıl olcak | enyakin=- puan=0 sebep=ESLESME_YOK
[2026-09-24 22:23:43] adala7 | Ali çatı nasıl olcak | enyakin=- puan=0 sebep=ESLESME_YOK
[2026-09-24 22:27:38] adala7 | aşama aşama mı olsun yoksa direkt düz mü | enyakin=- puan=0 sebep=ESLESME_YOK
[2026-09-24 22:30:11] prolaysgamer | la mertrrw afk mı bıraktın ap | enyakin=kristal puan=1 sebep=SINYAL_ZAYIF
[2026-09-24 22:31:26] samirsamir2323 | tpaaccept yapyim mi | enyakin=- puan=0 sebep=ESLESME_YOK
[2026-09-24 22:31:35] adala7 | Kim tpa attı | enyakin=isinlanma-istegi puan=1 sebep=SINYAL_ZAYIF
[2026-09-24 22:34:24] adala7 | nasıl ali | enyakin=- puan=0 sebep=ESLESME_YOK
[2026-09-24 22:34:53] adala7 | Sen nerde yaşıyon | enyakin=- puan=0 sebep=ESLESME_YOK
[2026-09-24 22:35:10] vah | günlük ödül nasıl alınıyo | enyakin=- puan=0 sebep=ESLESME_YOK
[2026-09-24 22:35:40] adala7 | uşağı biliyon mu | enyakin=- puan=0 sebep=ESLESME_YOK
[2026-09-24 22:38:16] AyiBogan064 | zombi var mi | enyakin=- puan=0 sebep=ESLESME_YOK
[2026-09-24 22:40:20] samirsamir2323 | kime beyaz odun var\ | enyakin=- puan=0 sebep=ESLESME_YOK
[2026-09-24 22:50:51] AyiBogan064 | neyse yarin girem mi | enyakin=- puan=0 sebep=ESLESME_YOK
[2026-09-24 22:51:31] AyiBogan064 | verimlilik mi | enyakin=- puan=0 sebep=ESLESME_YOK
[2026-09-24 22:54:12] mertrrw | bunlar kim | enyakin=- puan=0 sebep=ESLESME_YOK
[2026-09-24 22:59:30] maceswap | dostum neden saldırdın | enyakin=- puan=0 sebep=ESLESME_YOK
[2026-09-24 23:01:59] maceswap | niye bu kadar domuz var | enyakin=- puan=0 sebep=ESLESME_YOK
[2026-09-24 23:03:15] mertrrw | swnce sw nin en güçlüsü kim | enyakin=- puan=0 sebep=ESLESME_YOK
[2026-09-24 23:05:42] mertrrw | kim patlattı | enyakin=- puan=0 sebep=ESLESME_YOK
[2026-09-24 23:06:18] mertrrw | kim oldunu biliyonmu | enyakin=- puan=0 sebep=ESLESME_YOK
[2026-09-24 23:10:41] eren8324 | suncuda netherite ve elmas dısındakı madenler neden para etmiyor? | enyakin=para-kazanma puan=1 sebep=SINYAL_ZAYIF
[2026-09-24 23:13:00] Clawwolf | sen kaç yaşındasin | enyakin=- puan=0 sebep=ESLESME_YOK
[2026-09-24 23:15:27] apathyharbi | niye gardas bende divayım olamazmıyım? | enyakin=- puan=0 sebep=ESLESME_YOK
[2026-09-24 23:26:46] samirsamir2323 | yamaladin mi | enyakin=- puan=0 sebep=ESLESME_YOK
[2026-09-24 23:27:43] samirsamir2323 | siknti haberi var mi | enyakin=- puan=0 sebep=ESLESME_YOK
[2026-09-24 23:31:06] AlienGamer3939 | kimse var mı | enyakin=- puan=0 sebep=ESLESME_YOK
[2026-09-24 23:32:14] AlienGamer3939 | nereden bakıcam | enyakin=- puan=0 sebep=ESLESME_YOK
[2026-09-24 23:32:40] AlienGamer3939 | tab nerde | enyakin=- puan=0 sebep=ESLESME_YOK
[2026-09-24 23:37:42] OnlyVan | kapatayım mı | enyakin=- puan=0 sebep=ESLESME_YOK
[2026-09-24 23:43:30] samirsamir2323 | benu hatirladin mi | enyakin=- puan=0 sebep=ESLESME_YOK
[2026-09-24 23:43:58] samirsamir2323 | bana elitra versem olur mu | enyakin=- puan=0 sebep=ESLESME_YOK
[2026-09-24 23:52:27] Kyururuu | evet edicem nolduki? | enyakin=- puan=0 sebep=ESLESME_YOK
[2026-09-24 23:55:05] eymenizmaa33 | kyuru var mı pearl kral | enyakin=- puan=0 sebep=ESLESME_YOK
[2026-09-25 00:06:44] peynir34 | niye tpa attın | enyakin=isinlanma-istegi puan=1 sebep=SINYAL_ZAYIF
[2026-09-25 01:13:27] Agonyy13 | kod neden kabul etmiyor | enyakin=- puan=0 sebep=ESLESME_YOK
[2026-09-25 01:15:36] Agonyy13 | knk sanırım benle sen tek varız sen bu pişmiş eşyaları düşündün mü ? | enyakin=- puan=0 sebep=ESLESME_YOK
[2026-09-25 07:01:13] RivalWheel8582 | kaç yaşındasın | enyakin=- puan=0 sebep=ESLESME_YOK
[2026-09-25 07:06:57] egemen1559 | kaç ben seni kesmeye caliscam | enyakin=- puan=0 sebep=ESLESME_YOK
[2026-09-25 07:32:08] AyiBogan064 | 75e koyyim mi | enyakin=- puan=0 sebep=ESLESME_YOK
[2026-09-25 07:50:32] AyiBogan064 | necəsen? | enyakin=- puan=0 sebep=ESLESME_YOK
[2026-09-25 07:55:40] adala7 | kaç tane | enyakin=- puan=0 sebep=ESLESME_YOK
[2026-09-25 07:58:07] adala7 | tavanlar böyle olsun mu | enyakin=- puan=0 sebep=ESLESME_YOK
[2026-09-25 08:05:02] SmallTree615593 | online var mı | enyakin=- puan=0 sebep=ESLESME_YOK
[2026-09-25 08:08:55] SmallTree615593 | ban attılar mı | enyakin=ceza-itiraz puan=1 sebep=SINYAL_ZAYIF
[2026-09-25 08:20:19] _Bla8e | para atacak varmı yada eşya verecek ? | enyakin=para-kazanma puan=1 sebep=SINYAL_ZAYIF
[2026-09-25 08:22:43] _Bla8e | para atacak varmı yada eşya verecek ? | enyakin=para-kazanma puan=1 sebep=SINYAL_ZAYIF
[2026-09-25 08:23:20] _Bla8e | para atacak varmı yada eşya verecek ? | enyakin=para-kazanma puan=1 sebep=SINYAL_ZAYIF
[2026-09-25 08:23:32] _Bla8e | para atacak varmı yada eşya verecek ?? | enyakin=para-kazanma puan=1 sebep=SINYAL_ZAYIF
[2026-09-25 08:26:00] cavad306 | Sen yeni mi basladin | enyakin=- puan=0 sebep=ESLESME_YOK
[2026-09-25 08:26:44] _Bla8e | para atacak varmı yada eşya verecek ? | enyakin=para-kazanma puan=1 sebep=SINYAL_ZAYIF
[2026-09-25 08:26:59] cavad306 | nasil atiliyo ki | enyakin=- puan=0 sebep=ESLESME_YOK
[2026-09-25 08:27:24] AyiBogan064 | ./pay bide oyuncunun adını yaz sonra ne kadar atacağını | enyakin=para-gonderme puan=1 sebep=SINYAL_ZAYIF
[2026-09-25 08:33:40] AyiBogan064 | sadakat3 satılır mı alıcısı olur mu | enyakin=- puan=0 sebep=ESLESME_YOK
[2026-09-25 08:35:36] babalar11 | nasi atcam AyiBogan064 | enyakin=- puan=0 sebep=ESLESME_YOK
[2026-09-25 08:39:49] babalar11 | ark istek nasi atcaam | enyakin=- puan=0 sebep=ESLESME_YOK
[2026-09-25 09:45:15] arasinyo31 | pvp gelen var mı | enyakin=savas-etiketi puan=1 sebep=SINYAL_ZAYIF
[2026-09-25 09:46:43] cavad306 | nasil yani herkes gercek insan diyil mi | enyakin=- puan=0 sebep=ESLESME_YOK
[2026-09-25 09:57:56] burakzzi | beni sen mi kestin | enyakin=- puan=0 sebep=ESLESME_YOK
[2026-09-25 10:06:54] Hamsi6363 | kaç lazim | enyakin=- puan=0 sebep=ESLESME_YOK
[2026-09-25 10:13:50] sait55 | lan adamı niye kestin | enyakin=- puan=0 sebep=ESLESME_YOK
[2026-09-25 10:26:04] benkn31_ | korumayı nası kapatıyoz | enyakin=- puan=0 sebep=ESLESME_YOK
[2026-09-25 10:27:36] cavad306 | yeni mi basladiniz | enyakin=- puan=0 sebep=ESLESME_YOK
[2026-09-25 10:31:54] Hamsi6363 | lan gene gelince neden sende vuruyodun | enyakin=- puan=0 sebep=ESLESME_YOK
[2026-09-25 11:10:37] peynir34 | sana nası güvenebilirim peki | enyakin=- puan=0 sebep=ESLESME_YOK
[2026-09-25 11:11:52] peynir34 | kim seni sattı | enyakin=- puan=0 sebep=ESLESME_YOK
[2026-09-25 11:16:27] peynir34 | sen nerde oturuyon | enyakin=- puan=0 sebep=ESLESME_YOK
[2026-09-25 11:17:10] Hamsi6363 | nerde yaşyon desene | enyakin=- puan=0 sebep=ESLESME_YOK
[2026-09-25 11:17:18] Hamsi6363 | nerde oturuyon ne | enyakin=- puan=0 sebep=ESLESME_YOK
[2026-09-25 11:23:06] Hamsi6363 | nasil 35k oldu | enyakin=- puan=0 sebep=ESLESME_YOK
[2026-09-25 11:24:07] benkn31_ | kit nası alınıyo oyuncu kiti | enyakin=kit puan=1 sebep=SINYAL_ZAYIF
[2026-09-25 11:41:52] benkn31_ | team olak mi | enyakin=takim puan=1 sebep=SINYAL_ZAYIF
[2026-09-25 11:45:34] peynir34 | kime dion | enyakin=- puan=0 sebep=ESLESME_YOK
[2026-09-25 12:08:33] Hamsi6363 | kaç lazim | enyakin=- puan=0 sebep=ESLESME_YOK
[2026-09-25 12:19:08] cavad306 | sizden bisey sormam sizce kilic a mi net basiyim yoksa kazma mi | enyakin=- puan=0 sebep=ESLESME_YOK
[2026-09-25 12:32:37] ZerhiiMC | tp atim mi | enyakin=isinlanma-istegi puan=1 sebep=SINYAL_ZAYIF
[2026-09-25 12:41:47] ZerhiiMC | sen çok mu imanlisin hamsi | enyakin=- puan=0 sebep=ESLESME_YOK
[2026-09-25 12:42:17] LENOVO_20266 | dünyaya nasıl ışınlanıyoruz | enyakin=rtp puan=1 sebep=SINYAL_ZAYIF
[2026-09-25 12:49:41] ZerhiiMC | base buldum sadece şeker kamışı vardı aldım kim ise helal etsin kakznwjkansjws | enyakin=- puan=0 sebep=ESLESME_YOK
[2026-09-25 13:04:07] ZerhiiMC | niye var | enyakin=- puan=0 sebep=ESLESME_YOK
[2026-09-25 13:04:10] apathyharbi | nie divamısınız niye var | enyakin=- puan=0 sebep=ESLESME_YOK
[2026-09-25 13:06:14] Hamsi6363 | nasil /ah eşya koycam | enyakin=acik-artirma puan=1 sebep=SINYAL_ZAYIF
[2026-09-25 13:14:09] ZerhiiMC | rtx kaç iste | enyakin=- puan=0 sebep=ESLESME_YOK
[2026-09-25 13:16:04] ZerhiiMC | kalkan ile baltayi takmis nasil kescem bunu | enyakin=- puan=0 sebep=ESLESME_YOK
[2026-09-25 13:22:57] ZerhiiMC | aha nerde o dingil | enyakin=- puan=0 sebep=ESLESME_YOK
[2026-09-25 13:23:32] peynir34 | nası yaa | enyakin=- puan=0 sebep=ESLESME_YOK
[2026-09-25 13:23:35] apathyharbi | best yemeğiniz hangisi beyler | enyakin=- puan=0 sebep=ESLESME_YOK
[2026-09-25 13:26:42] ZerhiiMC | bu nasil trial chambers ya | enyakin=- puan=0 sebep=ESLESME_YOK
[2026-09-25 13:30:42] Hamsi6363 | kaç lazim | enyakin=- puan=0 sebep=ESLESME_YOK
[2026-09-25 13:47:20] OnlyVan | başka base gezdirecek var mı | enyakin=- puan=0 sebep=ESLESME_YOK
[2026-09-25 13:54:11] MnDark | beni hatırladın mı | enyakin=- puan=0 sebep=ESLESME_YOK
[2026-09-25 13:54:39] ismailbinim | kanka yasadiğin yer nerde | enyakin=- puan=0 sebep=ESLESME_YOK
[2026-09-25 13:54:39] MnDark | nasıl ya | enyakin=- puan=0 sebep=ESLESME_YOK
[2026-09-25 13:55:50] MnDark | nasıl yani | enyakin=- puan=0 sebep=ESLESME_YOK
[2026-09-25 13:56:28] OnlyVan | gördün mü | enyakin=- puan=0 sebep=ESLESME_YOK
[2026-09-25 13:58:49] ismailbinim | i̇yi̇mi̇ş knk | enyakin=- puan=0 sebep=ESLESME_YOK
[2026-09-25 14:01:33] JakeMonkey5749 | günlük gorev nasıl yapicaz | enyakin=gunluk-gorev puan=5 sebep=FARK_YETERSIZ
[2026-09-25 14:03:34] JakeMonkey5749 | kurabiye patates falan mı yapcaz | enyakin=- puan=0 sebep=ESLESME_YOK
[2026-09-25 14:03:34] MnDark | pvp gelen var mı | enyakin=savas-etiketi puan=1 sebep=SINYAL_ZAYIF
[2026-09-25 14:04:02] ismailbinim | KNKA NİYE agacları yaktın ajnshabhb | enyakin=- puan=0 sebep=ESLESME_YOK
[2026-09-25 14:04:49] ismailbinim | tmm knk kac stek odunun var | enyakin=- puan=0 sebep=ESLESME_YOK
[2026-09-25 14:05:15] MnDark | meşale isteyebn var mı | enyakin=- puan=0 sebep=ESLESME_YOK
[2026-09-25 14:07:57] straykidd | 2 elmasa 64 tane ok gelicek var mı | enyakin=- puan=0 sebep=ESLESME_YOK
[2026-09-25 14:08:44] straykidd | 64 ok verebilecek var mı | enyakin=- puan=0 sebep=ESLESME_YOK
[2026-09-25 14:15:19] MnDark | pvp gelen var mı | enyakin=savas-etiketi puan=1 sebep=SINYAL_ZAYIF
[2026-09-25 14:16:47] ismailbinim | knk birszda madende kasılalım mı | enyakin=- puan=0 sebep=ESLESME_YOK
[2026-09-25 14:18:34] JakeMonkey5749 | beleşsşsssss çiğ domuz pizolasi kim ister | enyakin=- puan=0 sebep=ESLESME_YOK
[2026-09-25 14:19:57] ismailbinim | niye nolduki kk | enyakin=- puan=0 sebep=ESLESME_YOK
[2026-09-25 14:20:18] MnDark | pvp gelen var mı | enyakin=savas-etiketi puan=1 sebep=SINYAL_ZAYIF
[2026-09-25 14:20:25] ismailbinim | nasl yapcam kk | enyakin=- puan=0 sebep=ESLESME_YOK
[2026-09-25 14:20:49] ismailbinim | hangisi kk | enyakin=- puan=0 sebep=ESLESME_YOK
[2026-09-25 14:21:40] ismailbinim | tmmkk kac stek odununvar | enyakin=- puan=0 sebep=ESLESME_YOK
[2026-09-25 14:22:30] ismailbinim | kk yeter bence sence yeter mi | enyakin=- puan=0 sebep=ESLESME_YOK
[2026-09-25 14:28:35] JakeMonkey5749 | adaya nasıl gidiyoz | enyakin=- puan=0 sebep=ESLESME_YOK
[2026-09-25 14:32:05] ZerhiiMC | niye olmadi | enyakin=- puan=0 sebep=ESLESME_YOK
[2026-09-25 14:36:14] ismailbinim | 13 mü 14 mü | enyakin=- puan=0 sebep=ESLESME_YOK
[2026-09-25 14:42:19] ZerhiiMC | ismail çıktı mı | enyakin=- puan=0 sebep=ESLESME_YOK
[2026-09-25 14:43:11] ismailbinim | kk çıkış nerde mk | enyakin=- puan=0 sebep=ESLESME_YOK
[2026-09-25 14:47:24] JakeMonkey5749 | kaç lira vercen şapsik | enyakin=- puan=0 sebep=ESLESME_YOK
[2026-09-25 14:47:37] ismailbinim | 1 yeter mi aşkoooo | enyakin=- puan=0 sebep=ESLESME_YOK
[2026-09-25 14:48:17] ismailbinim | kk harbi kaç istiyon | enyakin=- puan=0 sebep=ESLESME_YOK
[2026-09-25 14:48:32] ismailbinim | kaç istiyon | enyakin=- puan=0 sebep=ESLESME_YOK
[2026-09-25 15:03:17] Omerpappa | 20.000 TL mi | enyakin=- puan=0 sebep=ESLESME_YOK
[2026-09-25 15:04:33] apathyharbi | Thunder hack or Wurst? | enyakin=- puan=0 sebep=ESLESME_YOK
[2026-09-25 15:04:38] apathyharbi | veya VapeV4? | enyakin=- puan=0 sebep=ESLESME_YOK
[2026-09-25 15:06:04] Hyper | para atmışım neden kulanayım | enyakin=para-kazanma puan=1 sebep=SINYAL_ZAYIF
[2026-09-25 15:06:19] JakeMonkey5749 | [event cancelled]10 k ya 1 netherite kim alir | enyakin=nether-gitme puan=1 sebep=SINYAL_ZAYIF
[2026-09-25 15:10:00] Agonyy13 | 50 uygun mu knk | enyakin=- puan=0 sebep=ESLESME_YOK
[2026-09-25 15:12:14] Omerpappa | gürz ne kadar | enyakin=- puan=0 sebep=ESLESME_YOK
[2026-09-25 15:13:25] Yagizo01 | elmas en verimli nerde oluyodu | enyakin=- puan=0 sebep=ESLESME_YOK
[2026-09-25 15:14:11] Yagizo01 | elmas en verimli nerde bulunur | enyakin=- puan=0 sebep=ESLESME_YOK
[2026-09-25 15:14:40] Yagizo01 | 49 48 arası mı | enyakin=- puan=0 sebep=ESLESME_YOK
[2026-09-25 15:24:17] OnlyVan | envanterin doluyken mi verdin | enyakin=envanter-koruma puan=1 sebep=SINYAL_ZAYIF
[2026-09-25 15:25:27] GainedSine97723 | ganimey kasasi nasil actim lo | enyakin=kasa puan=1 sebep=SINYAL_ZAYIF
[2026-09-25 15:26:54] GainedSine97723 | zerhimc vs var misin | enyakin=- puan=0 sebep=ESLESME_YOK
[2026-09-25 15:27:39] GainedSine97723 | bu gerçek tectirka mi | enyakin=- puan=0 sebep=ESLESME_YOK
[2026-09-25 15:33:36] Yagizo01 | az mı çok mu | enyakin=- puan=0 sebep=ESLESME_YOK
[2026-09-25 15:40:29] Yagizo01 | yapmassın değil mi | enyakin=- puan=0 sebep=ESLESME_YOK
[2026-09-25 15:42:45] Hatayli2239 | niye team olmuyoz | enyakin=takim puan=1 sebep=SINYAL_ZAYIF
[2026-09-25 15:45:04] babalar11 | bu nasi yenilik ok | enyakin=- puan=0 sebep=ESLESME_YOK
[2026-09-25 15:45:16] babalar11 | nasi yenisin | enyakin=- puan=0 sebep=ESLESME_YOK
[2026-09-25 15:49:14] Yagizo01 | bana mı dedin babalar | enyakin=- puan=0 sebep=ESLESME_YOK
[2026-09-25 15:49:36] Yagizo01 | kim keser | enyakin=- puan=0 sebep=ESLESME_YOK
[2026-09-25 15:52:34] Yagizo01 | kaç tane lazım | enyakin=- puan=0 sebep=ESLESME_YOK
[2026-09-25 15:53:29] Hatayli2239 | sen niye kaçıyok | enyakin=- puan=0 sebep=ESLESME_YOK
[2026-09-25 15:53:50] ZerhiiMC | la ben niye kaçtım ozmn mszjiskansjwkznsjw | enyakin=- puan=0 sebep=ESLESME_YOK
[2026-09-25 15:55:26] babalar11 | kac ttane var sende Yagizo01 | enyakin=- puan=0 sebep=ESLESME_YOK
